Age,Attrition,BusinessTravel,DailyRate,DistanceFromHome,Education,EmployeeCount,EmployeeNumber,EnvironmentSatisfaction,Gender,HourlyRate,JobInvolvement,JobLevel,JobSatisfaction,MaritalStatus,MonthlyRate,Over18,OverTime,PercentSalaryHike,RelationshipSatisfaction,StandardHours,TotalWorkingYears,WorkLifeBalance,NumCompaniesWorked_log,YearsInCurrentRole_log,YearsWithCurrManager_log,YearsAtCompany_log,MonthlyIncome_log,StockOptionLevel_log,TrainingTimesLastYear_sqrt,PerformanceRating_sqrt,YearsSinceLastPromotion_sqrt,Department_Human Resources,Department_Research & Development,Department_Sales,EducationField_Human Resources,EducationField_Life Sciences,EducationField_Marketing,EducationField_Medical,EducationField_Other,EducationField_Technical Degree,JobRole_Healthcare Representative,JobRole_Human Resources,JobRole_Laboratory Technician,JobRole_Manager,JobRole_Manufacturing Director,JobRole_Research Director,JobRole_Research Scientist,JobRole_Sales Executive,JobRole_Sales Representative
41.0,1,2,1102.0,1.0,2.0,1.0,1.0,2.0,0,94.0,3.0,2.0,4.0,2,19479.0,0,1,11.0,1.0,80.0,8.0,1.0,2.1972245773362196,1.6094379124341003,1.791759469228055,1.9459101490553132,8.69851424787661,0.0,0.0,1.7320508075688772,0.0,0,0,1,0,1,0,0,0,0,0,0,0,0,0,0,0,1,0
37.0,1,2,1373.0,2.0,2.0,1.0,4.0,4.0,1,92.0,2.0,1.0,3.0,2,2396.0,0,1,15.0,2.0,80.0,7.0,3.0,1.9459101490553132,0.0,0.0,0.0,7.645397699428633,0.0,1.7320508075688772,1.7320508075688772,0.0,0,1,0,0,0,0,0,1,0,0,0,1,0,0,0,0,0,0
33.0,0,1,1392.0,3.0,4.0,1.0,5.0,4.0,0,56.0,3.0,1.0,3.0,1,23159.0,0,1,11.0,3.0,80.0,8.0,3.0,0.6931471805599453,2.0794415416798357,0.0,2.1972245773362196,7.975908360165538,0.0,1.7320508075688772,1.7320508075688772,1.7320508075688772,0,1,0,0,1,0,0,0,0,0,0,0,0,0,0,1,0,0
27.0,0,2,591.0,2.0,1.0,1.0,7.0,1.0,1,40.0,3.0,1.0,2.0,1,16632.0,0,0,12.0,4.0,80.0,6.0,3.0,2.302585092994046,1.0986122886681096,1.0986122886681096,1.0986122886681096,8.15162164696975,0.6931471805599453,1.7320508075688772,1.7320508075688772,1.4142135623730951,0,1,0,0,0,0,1,0,0,0,0,1,0,0,0,0,0,0
32.0,0,1,1005.0,2.0,2.0,1.0,8.0,4.0,1,79.0,3.0,1.0,4.0,2,11864.0,0,0,13.0,3.0,80.0,8.0,2.0,0.0,2.0794415416798357,1.9459101490553132,2.0794415416798357,8.029107054619736,0.0,1.4142135623730951,1.7320508075688772,1.7320508075688772,0,1,0,0,1,0,0,0,0,0,0,1,0,0,0,0,0,0
59.0,0,2,1324.0,3.0,3.0,1.0,10.0,3.0,0,81.0,4.0,1.0,1.0,1,9964.0,0,1,20.0,1.0,80.0,12.0,2.0,1.6094379124341003,0.0,0.0,0.6931471805599453,7.890208213109961,1.3862943611198906,1.7320508075688772,2.0,0.0,0,1,0,0,0,0,1,0,0,0,0,1,0,0,0,0,0,0
30.0,0,2,1358.0,24.0,1.0,1.0,11.0,4.0,1,67.0,3.0,1.0,3.0,0,13335.0,0,0,22.0,2.0,80.0,1.0,3.0,0.6931471805599453,0.0,0.0,0.6931471805599453,7.898782356970309,0.6931471805599453,1.4142135623730951,2.0,0.0,0,1,0,0,1,0,0,0,0,0,0,1,0,0,0,0,0,0
38.0,0,1,216.0,23.0,3.0,1.0,12.0,4.0,1,44.0,2.0,3.0,3.0,2,8787.0,0,0,21.0,2.0,80.0,10.0,3.0,0.0,2.0794415416798357,2.1972245773362196,2.302585092994046,9.161885151706779,0.0,1.4142135623730951,2.0,1.0,0,1,0,0,1,0,0,0,0,0,0,0,0,1,0,0,0,0
36.0,0,2,1299.0,27.0,3.0,1.0,13.0,3.0,1,94.0,3.0,2.0,3.0,1,16577.0,0,0,13.0,2.0,80.0,17.0,2.0,1.9459101490553132,2.0794415416798357,2.0794415416798357,2.0794415416798357,8.563695025067657,1.0986122886681096,1.7320508075688772,1.7320508075688772,2.6457513110645907,0,1,0,0,0,0,1,0,0,1,0,0,0,0,0,0,0,0
35.0,0,2,809.0,16.0,3.0,1.0,14.0,1.0,1,84.0,4.0,1.0,2.0,1,16479.0,0,0,13.0,3.0,80.0,6.0,3.0,0.0,1.6094379124341003,1.3862943611198906,1.791759469228055,7.794411205726601,0.6931471805599453,2.23606797749979,1.7320508075688772,0.0,0,1,0,0,0,0,1,0,0,0,0,1,0,0,0,0,0,0
29.0,0,2,153.0,15.0,2.0,1.0,15.0,4.0,0,49.0,2.0,2.0,3.0,2,12682.0,0,1,12.0,4.0,80.0,10.0,3.0,0.0,1.791759469228055,2.1972245773362196,2.302585092994046,8.341410211461865,0.0,1.7320508075688772,1.7320508075688772,0.0,0,1,0,0,1,0,0,0,0,0,0,1,0,0,0,0,0,0
31.0,0,2,670.0,26.0,1.0,1.0,16.0,1.0,1,31.0,3.0,1.0,3.0,0,15170.0,0,0,17.0,4.0,80.0,5.0,2.0,0.6931471805599453,1.0986122886681096,1.3862943611198906,1.791759469228055,7.976595409316577,0.6931471805599453,1.0,1.7320508075688772,2.0,0,1,0,0,1,0,0,0,0,0,0,0,0,0,0,1,0,0
34.0,0,2,1346.0,19.0,2.0,1.0,18.0,2.0,1,93.0,3.0,1.0,4.0,0,8758.0,0,0,11.0,3.0,80.0,3.0,3.0,0.0,1.0986122886681096,1.0986122886681096,1.0986122886681096,7.886832998955057,0.6931471805599453,1.4142135623730951,1.7320508075688772,1.0,0,1,0,0,0,0,1,0,0,0,0,1,0,0,0,0,0,0
28.0,1,2,103.0,24.0,3.0,1.0,19.0,3.0,1,50.0,2.0,1.0,3.0,2,12947.0,0,1,14.0,2.0,80.0,6.0,3.0,1.791759469228055,1.0986122886681096,1.3862943611198906,1.6094379124341003,7.615298339825815,0.0,2.0,1.7320508075688772,0.0,0,1,0,0,1,0,0,0,0,0,0,1,0,0,0,0,0,0
29.0,0,2,1389.0,21.0,4.0,1.0,20.0,2.0,0,51.0,4.0,3.0,1.0,0,10195.0,0,0,11.0,3.0,80.0,10.0,3.0,0.6931471805599453,2.302585092994046,2.1972245773362196,2.3978952727983707,9.208438564686587,0.6931471805599453,1.0,1.7320508075688772,2.8284271247461903,0,1,0,0,1,0,0,0,0,0,0,0,0,1,0,0,0,0
32.0,0,2,334.0,5.0,2.0,1.0,21.0,1.0,1,80.0,4.0,1.0,2.0,0,15053.0,0,1,12.0,4.0,80.0,7.0,2.0,0.0,1.0986122886681096,1.791759469228055,1.9459101490553132,8.101374671228582,1.0986122886681096,2.23606797749979,1.7320508075688772,0.0,0,1,0,0,1,0,0,0,0,0,0,0,0,0,0,1,0,0
53.0,0,2,1219.0,2.0,4.0,1.0,23.0,1.0,0,78.0,2.0,4.0,4.0,1,22021.0,0,0,16.0,3.0,80.0,31.0,3.0,1.0986122886681096,2.1972245773362196,2.0794415416798357,3.258096538021482,9.643939319328119,0.0,1.7320508075688772,1.7320508075688772,1.7320508075688772,0,0,1,0,1,0,0,0,0,0,0,0,1,0,0,0,0,0
38.0,0,2,371.0,2.0,3.0,1.0,24.0,4.0,1,45.0,3.0,1.0,4.0,2,4306.0,0,1,11.0,3.0,80.0,6.0,3.0,1.791759469228055,1.0986122886681096,1.0986122886681096,1.3862943611198906,8.280204233279974,0.0,1.7320508075688772,1.7320508075688772,1.0,0,1,0,0,1,0,0,0,0,0,0,0,0,0,0,1,0,0
24.0,0,0,673.0,11.0,2.0,1.0,26.0,1.0,0,96.0,4.0,2.0,3.0,0,8232.0,0,0,18.0,4.0,80.0,5.0,2.0,0.0,1.0986122886681096,1.3862943611198906,1.6094379124341003,8.297045149081827,0.6931471805599453,2.23606797749979,1.7320508075688772,1.0,0,1,0,0,0,0,0,1,0,0,0,0,0,1,0,0,0,0
36.0,1,2,1218.0,9.0,4.0,1.0,27.0,3.0,1,82.0,2.0,1.0,1.0,2,6986.0,0,0,23.0,2.0,80.0,10.0,3.0,2.0794415416798357,1.3862943611198906,1.3862943611198906,1.791759469228055,8.133880887949207,0.0,2.0,2.0,0.0,0,0,1,0,1,0,0,0,0,0,0,0,0,0,0,0,0,1
34.0,0,2,419.0,7.0,4.0,1.0,28.0,1.0,0,53.0,3.0,3.0,2.0,2,21293.0,0,0,11.0,3.0,80.0,13.0,3.0,0.0,1.9459101490553132,2.4849066497880004,2.5649493574615367,9.392245175273795,0.0,2.0,1.7320508075688772,1.4142135623730951,0,1,0,0,1,0,0,0,0,0,0,0,0,0,1,0,0,0
21.0,0,2,391.0,15.0,2.0,1.0,30.0,3.0,1,96.0,3.0,1.0,4.0,2,19281.0,0,0,14.0,4.0,80.0,1.0,3.0,0.6931471805599453,0.0,0.0,0.0,7.228649665640015,0.0,2.449489742783178,1.7320508075688772,0.0,0,1,0,0,1,0,0,0,0,0,0,0,0,0,0,1,0,0
34.0,1,2,699.0,6.0,1.0,1.0,31.0,2.0,1,83.0,3.0,1.0,1.0,2,17102.0,0,0,11.0,3.0,80.0,8.0,3.0,1.0986122886681096,1.0986122886681096,1.3862943611198906,1.6094379124341003,7.993282328101591,0.0,1.4142135623730951,1.7320508075688772,1.0,0,1,0,0,0,0,1,0,0,0,0,0,0,0,0,1,0,0
53.0,0,2,1282.0,5.0,3.0,1.0,32.0,3.0,0,58.0,3.0,5.0,3.0,0,10735.0,0,0,11.0,4.0,80.0,26.0,2.0,1.6094379124341003,2.639057329615259,2.1972245773362196,2.70805020110221,9.857181799659617,0.6931471805599453,1.7320508075688772,1.7320508075688772,2.0,0,1,0,0,0,0,0,1,0,0,0,0,1,0,0,0,0,0
32.0,1,1,1125.0,16.0,1.0,1.0,33.0,2.0,0,72.0,1.0,1.0,1.0,2,4681.0,0,1,22.0,2.0,80.0,10.0,3.0,0.6931471805599453,1.0986122886681096,2.0794415416798357,2.3978952727983707,8.273846932784508,0.0,2.23606797749979,2.0,2.449489742783178,0,1,0,0,1,0,0,0,0,0,0,0,0,0,0,1,0,0
42.0,0,2,691.0,8.0,4.0,1.0,35.0,3.0,1,48.0,3.0,2.0,2.0,1,21173.0,0,0,11.0,4.0,80.0,10.0,3.0,0.0,2.0794415416798357,1.0986122886681096,2.302585092994046,8.828494129466652,0.6931471805599453,1.4142135623730951,1.7320508075688772,2.0,0,0,1,0,0,1,0,0,0,0,0,0,0,0,0,0,1,0
44.0,0,2,477.0,7.0,4.0,1.0,36.0,1.0,0,42.0,2.0,3.0,4.0,1,2094.0,0,0,14.0,4.0,80.0,24.0,3.0,1.3862943611198906,1.9459101490553132,2.8903717578961645,3.1354942159291497,9.234935418831563,0.6931471805599453,2.0,1.7320508075688772,2.23606797749979,0,1,0,0,0,0,1,0,0,1,0,0,0,0,0,0,0,0
46.0,0,2,705.0,2.0,4.0,1.0,38.0,2.0,0,83.0,3.0,5.0,1.0,2,22822.0,0,0,12.0,4.0,80.0,22.0,2.0,1.3862943611198906,1.0986122886681096,0.6931471805599453,1.0986122886681096,9.849453664043642,0.0,1.4142135623730951,1.7320508075688772,1.4142135623730951,0,0,1,0,0,1,0,0,0,0,0,0,1,0,0,0,0,0
33.0,0,2,924.0,2.0,3.0,1.0,39.0,3.0,1,78.0,3.0,1.0,4.0,2,6670.0,0,0,11.0,4.0,80.0,7.0,3.0,1.6094379124341003,0.6931471805599453,0.0,0.6931471805599453,7.822845290279774,0.0,1.7320508075688772,1.7320508075688772,0.0,0,1,0,0,0,0,1,0,0,0,0,1,0,0,0,0,0,0
44.0,0,2,1459.0,10.0,4.0,1.0,40.0,4.0,1,41.0,3.0,2.0,4.0,1,19121.0,0,1,13.0,4.0,80.0,9.0,4.0,1.0986122886681096,1.0986122886681096,1.3862943611198906,1.6094379124341003,8.774312958285378,0.0,2.23606797749979,1.7320508075688772,1.0,0,1,0,0,0,0,0,1,0,1,0,0,0,0,0,0,0,0
30.0,0,2,125.0,9.0,2.0,1.0,41.0,4.0,1,83.0,2.0,1.0,3.0,2,16117.0,0,0,13.0,1.0,80.0,10.0,3.0,0.6931471805599453,0.0,2.1972245773362196,2.3978952727983707,7.699389406256737,0.0,2.23606797749979,1.7320508075688772,1.0,0,1,0,0,0,0,1,0,0,0,0,1,0,0,0,0,0,0
39.0,1,2,895.0,5.0,3.0,1.0,42.0,4.0,1,56.0,3.0,2.0,4.0,1,3335.0,0,0,14.0,3.0,80.0,19.0,4.0,1.3862943611198906,0.0,0.0,0.6931471805599453,7.643482907077201,0.6931471805599453,2.449489742783178,1.7320508075688772,0.0,0,0,1,0,0,0,0,0,1,0,0,0,0,0,0,0,0,1
24.0,1,2,813.0,1.0,3.0,1.0,45.0,2.0,1,61.0,3.0,1.0,4.0,1,3020.0,0,1,16.0,1.0,80.0,6.0,2.0,1.0986122886681096,0.0,0.0,1.0986122886681096,7.738052297689316,0.6931471805599453,1.4142135623730951,1.7320508075688772,1.4142135623730951,0,1,0,0,0,0,1,0,0,0,0,0,0,0,0,1,0,0
43.0,0,2,1273.0,2.0,2.0,1.0,46.0,4.0,0,72.0,4.0,1.0,3.0,0,21923.0,0,0,12.0,4.0,80.0,6.0,2.0,0.6931471805599453,1.3862943611198906,1.6094379124341003,1.791759469228055,7.880804344674901,1.0986122886681096,1.7320508075688772,1.7320508075688772,1.0,0,1,0,0,0,0,1,0,0,0,0,0,0,0,0,1,0,0
50.0,1,2,869.0,3.0,2.0,1.0,47.0,1.0,1,86.0,2.0,1.0,3.0,1,3810.0,0,1,14.0,3.0,80.0,3.0,3.0,0.6931471805599453,1.0986122886681096,1.0986122886681096,1.3862943611198906,7.895063498091573,0.0,1.4142135623730951,1.7320508075688772,0.0,0,0,1,0,0,1,0,0,0,0,0,0,0,0,0,0,0,1
35.0,0,2,890.0,2.0,3.0,1.0,49.0,4.0,0,97.0,3.0,1.0,4.0,1,9687.0,0,0,13.0,1.0,80.0,2.0,3.0,0.6931471805599453,1.0986122886681096,1.0986122886681096,1.0986122886681096,7.608374474380783,0.0,1.7320508075688772,1.7320508075688772,1.4142135623730951,0,0,1,0,0,1,0,0,0,0,0,0,0,0,0,0,0,1
36.0,0,2,852.0,5.0,4.0,1.0,51.0,2.0,0,82.0,2.0,1.0,1.0,1,13072.0,0,1,14.0,4.0,80.0,6.0,4.0,2.302585092994046,0.6931471805599453,0.0,0.6931471805599453,8.13739583005665,0.6931471805599453,1.7320508075688772,1.7320508075688772,0.0,0,1,0,0,1,0,0,0,0,0,0,0,0,0,0,1,0,0
33.0,0,1,1141.0,1.0,3.0,1.0,52.0,3.0,0,42.0,4.0,2.0,1.0,1,3193.0,0,0,19.0,1.0,80.0,10.0,3.0,1.0986122886681096,1.3862943611198906,1.3862943611198906,1.791759469228055,8.589885876809678,1.0986122886681096,1.7320508075688772,1.7320508075688772,1.0,0,0,1,0,1,0,0,0,0,0,0,0,0,0,0,0,1,0
35.0,0,2,464.0,4.0,2.0,1.0,53.0,3.0,1,75.0,3.0,1.0,4.0,0,10910.0,0,0,12.0,3.0,80.0,1.0,3.0,0.6931471805599453,0.0,0.0,0.6931471805599453,7.5766097669730375,0.6931471805599453,1.7320508075688772,1.7320508075688772,0.0,0,1,0,0,0,0,0,1,0,0,0,1,0,0,0,0,0,0
27.0,0,2,1240.0,2.0,4.0,1.0,54.0,4.0,0,33.0,3.0,1.0,1.0,0,19715.0,0,0,13.0,4.0,80.0,1.0,3.0,0.6931471805599453,0.0,0.0,0.6931471805599453,7.758760544157663,0.6931471805599453,2.449489742783178,1.7320508075688772,0.0,0,1,0,0,1,0,0,0,0,0,0,1,0,0,0,0,0,0
26.0,1,2,1357.0,25.0,3.0,1.0,55.0,1.0,1,48.0,1.0,1.0,3.0,2,10558.0,0,0,12.0,3.0,80.0,1.0,2.0,0.6931471805599453,0.0,0.6931471805599453,0.6931471805599453,7.738052297689316,0.0,1.4142135623730951,1.7320508075688772,0.0,0,1,0,0,1,0,0,0,0,0,0,1,0,0,0,0,0,0
27.0,0,1,994.0,8.0,3.0,1.0,56.0,4.0,1,37.0,3.0,3.0,3.0,2,2975.0,0,0,15.0,4.0,80.0,9.0,3.0,0.6931471805599453,2.1972245773362196,2.0794415416798357,2.302585092994046,9.074176947163311,0.0,0.0,1.7320508075688772,1.0,0,0,1,0,1,0,0,0,0,0,0,0,0,0,0,0,1,0
30.0,0,1,721.0,1.0,2.0,1.0,57.0,3.0,0,58.0,3.0,2.0,4.0,2,10781.0,0,0,23.0,4.0,80.0,12.0,3.0,0.6931471805599453,2.1972245773362196,2.0794415416798357,2.5649493574615367,8.297045149081827,0.0,1.4142135623730951,2.0,1.7320508075688772,0,1,0,0,0,0,1,0,0,0,0,1,0,0,0,0,0,0
41.0,1,2,1360.0,12.0,3.0,1.0,58.0,2.0,0,49.0,3.0,5.0,3.0,1,16280.0,0,0,12.0,4.0,80.0,23.0,3.0,0.6931471805599453,2.772588722239781,2.1972245773362196,3.1354942159291497,9.880525940898782,0.0,0.0,1.7320508075688772,3.605551275463989,0,1,0,0,0,0,0,0,1,0,0,0,0,0,1,0,0,0
34.0,0,0,1065.0,23.0,4.0,1.0,60.0,2.0,1,72.0,3.0,2.0,3.0,2,10034.0,0,0,20.0,3.0,80.0,10.0,3.0,0.0,1.791759469228055,2.0794415416798357,2.302585092994046,8.427049641563272,0.0,1.4142135623730951,2.0,2.8284271247461903,0,0,1,0,0,1,0,0,0,0,0,0,0,0,0,0,1,0
37.0,0,2,408.0,19.0,2.0,1.0,61.0,2.0,1,73.0,3.0,1.0,2.0,1,10227.0,0,0,21.0,1.0,80.0,8.0,3.0,1.6094379124341003,0.0,0.0,0.6931471805599453,8.014004994779459,0.0,1.0,2.0,0.0,0,1,0,0,1,0,0,0,0,0,0,0,0,0,0,1,0,0
46.0,0,1,1211.0,5.0,4.0,1.0,62.0,1.0,1,98.0,3.0,2.0,4.0,2,20445.0,0,1,21.0,3.0,80.0,14.0,3.0,1.6094379124341003,1.9459101490553132,2.1972245773362196,2.302585092994046,8.660947155060933,0.0,2.0,2.0,0.0,0,0,1,0,0,1,0,0,0,0,0,0,0,0,0,0,1,0
35.0,0,2,1229.0,8.0,1.0,1.0,63.0,4.0,1,36.0,4.0,1.0,4.0,1,4892.0,0,0,19.0,4.0,80.0,1.0,3.0,0.6931471805599453,0.0,0.6931471805599453,0.6931471805599453,7.727535110475448,0.0,1.4142135623730951,1.7320508075688772,0.0,0,1,0,0,1,0,0,0,0,0,0,1,0,0,0,0,0,0
48.0,1,2,626.0,1.0,2.0,1.0,64.0,1.0,1,98.0,2.0,3.0,3.0,2,19294.0,0,1,13.0,4.0,80.0,23.0,3.0,2.302585092994046,0.0,0.0,0.6931471805599453,8.590815331286851,0.0,1.4142135623730951,1.7320508075688772,0.0,0,1,0,0,1,0,0,0,0,0,0,1,0,0,0,0,0,0
28.0,1,2,1434.0,5.0,4.0,1.0,65.0,3.0,1,50.0,3.0,1.0,3.0,2,11179.0,0,1,13.0,3.0,80.0,2.0,2.0,0.6931471805599453,1.0986122886681096,1.0986122886681096,1.0986122886681096,8.143807976771484,0.0,1.7320508075688772,1.7320508075688772,1.4142135623730951,0,1,0,0,0,0,0,0,1,0,0,1,0,0,0,0,0,0
44.0,0,2,1488.0,1.0,5.0,1.0,68.0,2.0,0,75.0,3.0,2.0,1.0,0,4009.0,0,1,21.0,3.0,80.0,9.0,2.0,1.791759469228055,1.3862943611198906,1.3862943611198906,1.6094379124341003,8.604287898267172,0.6931471805599453,1.4142135623730951,2.0,1.0,0,0,1,0,0,1,0,0,0,0,0,0,0,0,0,0,1,0
35.0,0,0,1097.0,11.0,2.0,1.0,70.0,3.0,1,79.0,2.0,3.0,1.0,1,8302.0,0,1,13.0,3.0,80.0,10.0,3.0,1.0986122886681096,0.0,1.3862943611198906,1.6094379124341003,9.198773735604718,0.6931471805599453,1.7320508075688772,1.7320508075688772,1.4142135623730951,0,1,0,0,0,0,1,0,0,1,0,0,0,0,0,0,0,0
26.0,0,2,1443.0,23.0,3.0,1.0,72.0,3.0,0,47.0,2.0,2.0,4.0,1,21436.0,0,1,19.0,3.0,80.0,5.0,2.0,2.0794415416798357,1.0986122886681096,0.0,1.0986122886681096,8.332789468417959,0.6931471805599453,1.4142135623730951,1.7320508075688772,0.0,0,0,1,0,0,1,0,0,0,0,0,0,0,0,0,0,1,0
33.0,0,1,515.0,1.0,2.0,1.0,73.0,1.0,0,98.0,3.0,3.0,4.0,2,15146.0,0,1,12.0,3.0,80.0,15.0,3.0,0.6931471805599453,2.70805020110221,2.5649493574615367,2.772588722239781,9.507403306233716,0.0,1.0,1.7320508075688772,2.8284271247461903,0,1,0,0,1,0,0,0,0,0,0,0,0,0,1,0,0,0
35.0,0,1,853.0,18.0,5.0,1.0,74.0,2.0,1,71.0,3.0,3.0,1.0,1,11031.0,0,0,22.0,4.0,80.0,9.0,2.0,0.6931471805599453,2.1972245773362196,2.1972245773362196,2.302585092994046,9.112727543109182,0.6931471805599453,1.7320508075688772,2.0,1.0,0,0,1,0,1,0,0,0,0,0,0,0,0,0,0,0,1,0
35.0,0,2,1142.0,23.0,4.0,1.0,75.0,3.0,0,30.0,3.0,1.0,1.0,1,16002.0,0,1,15.0,3.0,80.0,4.0,3.0,1.3862943611198906,1.0986122886681096,1.0986122886681096,1.0986122886681096,8.297792626380861,0.6931471805599453,1.7320508075688772,1.7320508075688772,1.4142135623730951,0,1,0,0,0,0,1,0,0,0,0,1,0,0,0,0,0,0
31.0,0,2,655.0,7.0,4.0,1.0,76.0,4.0,1,48.0,3.0,2.0,4.0,0,9528.0,0,0,22.0,4.0,80.0,10.0,2.0,1.3862943611198906,2.0794415416798357,2.0794415416798357,2.0794415416798357,8.68541582383069,0.6931471805599453,1.7320508075688772,2.0,1.0,0,1,0,0,1,0,0,0,0,0,0,1,0,0,0,0,0,0
37.0,0,2,1115.0,1.0,4.0,1.0,77.0,1.0,1,51.0,2.0,2.0,3.0,0,2689.0,0,0,18.0,3.0,80.0,7.0,4.0,0.6931471805599453,1.791759469228055,2.0794415416798357,2.0794415416798357,8.69851424787661,0.6931471805599453,1.4142135623730951,1.7320508075688772,0.0,0,1,0,0,1,0,0,0,0,0,0,0,0,1,0,0,0,0
32.0,0,2,427.0,1.0,3.0,1.0,78.0,1.0,1,33.0,3.0,2.0,4.0,1,10877.0,0,1,22.0,2.0,80.0,9.0,3.0,0.6931471805599453,2.1972245773362196,2.1972245773362196,2.302585092994046,8.726318950962243,0.6931471805599453,1.7320508075688772,2.0,2.6457513110645907,0,1,0,0,0,0,1,0,0,0,0,0,0,1,0,0,0,0
38.0,0,1,653.0,29.0,5.0,1.0,79.0,4.0,0,50.0,3.0,2.0,4.0,2,5456.0,0,0,11.0,4.0,80.0,10.0,3.0,0.6931471805599453,1.3862943611198906,2.302585092994046,2.3978952727983707,7.786136437783072,0.0,1.4142135623730951,1.7320508075688772,3.0,0,1,0,0,1,0,0,0,0,0,0,1,0,0,0,0,0,0
50.0,0,2,989.0,7.0,2.0,1.0,80.0,2.0,0,43.0,2.0,5.0,3.0,0,16701.0,0,1,12.0,4.0,80.0,29.0,2.0,1.791759469228055,1.3862943611198906,2.1972245773362196,3.332204510175204,9.838468916161679,0.6931471805599453,1.4142135623730951,1.7320508075688772,3.605551275463989,0,1,0,0,0,0,1,0,0,0,0,0,0,0,1,0,0,0
59.0,0,2,1435.0,25.0,3.0,1.0,81.0,1.0,0,99.0,3.0,3.0,1.0,2,2354.0,0,0,11.0,4.0,80.0,28.0,2.0,2.0794415416798357,2.833213344056216,2.302585092994046,3.091042453358316,8.940891067785461,0.0,1.7320508075688772,1.7320508075688772,2.6457513110645907,0,0,1,0,1,0,0,0,0,0,0,0,0,0,0,0,1,0
36.0,0,2,1223.0,8.0,3.0,1.0,83.0,3.0,0,59.0,3.0,3.0,3.0,0,8202.0,0,0,13.0,2.0,80.0,17.0,3.0,0.6931471805599453,2.70805020110221,2.1972245773362196,2.8903717578961645,9.219993629004321,1.3862943611198906,1.4142135623730951,1.7320508075688772,3.4641016151377544,0,1,0,0,0,0,0,0,1,1,0,0,0,0,0,0,0,0
55.0,0,2,836.0,8.0,3.0,1.0,84.0,4.0,0,33.0,3.0,4.0,3.0,0,19730.0,0,1,14.0,3.0,80.0,21.0,3.0,1.0986122886681096,0.0,1.0986122886681096,1.791759469228055,9.59947282546345,1.3862943611198906,1.4142135623730951,1.7320508075688772,0.0,0,1,0,0,0,0,1,0,0,0,0,0,1,0,0,0,0,0
36.0,0,1,1195.0,11.0,3.0,1.0,85.0,2.0,1,95.0,2.0,2.0,2.0,2,22656.0,0,0,13.0,3.0,80.0,6.0,3.0,0.6931471805599453,1.791759469228055,1.3862943611198906,1.9459101490553132,8.779557455883728,0.0,1.7320508075688772,1.7320508075688772,0.0,0,1,0,0,1,0,0,0,0,0,0,0,0,1,0,0,0,0
45.0,0,2,1339.0,7.0,3.0,1.0,86.0,2.0,1,59.0,3.0,3.0,1.0,0,18787.0,0,0,17.0,3.0,80.0,25.0,3.0,1.0986122886681096,0.0,0.0,0.6931471805599453,9.182455168486648,0.6931471805599453,1.4142135623730951,1.7320508075688772,0.0,0,1,0,0,1,0,0,0,0,0,0,0,0,0,0,1,0,0
35.0,0,1,664.0,1.0,3.0,1.0,88.0,2.0,1,79.0,3.0,1.0,1.0,1,5868.0,0,0,13.0,4.0,80.0,5.0,2.0,1.6094379124341003,1.0986122886681096,1.0986122886681096,1.3862943611198906,7.693937325509272,0.6931471805599453,1.4142135623730951,1.7320508075688772,1.0,0,1,0,0,0,0,1,0,0,0,0,0,0,0,0,1,0,0
36.0,1,2,318.0,9.0,3.0,1.0,90.0,4.0,1,79.0,2.0,1.0,3.0,1,21777.0,0,1,17.0,1.0,80.0,2.0,2.0,0.0,0.0,0.0,0.6931471805599453,8.128290171607052,0.6931471805599453,0.0,1.7320508075688772,0.0,0,1,0,0,0,0,1,0,0,0,0,0,0,0,0,1,0,0
59.0,0,1,1225.0,1.0,1.0,1.0,91.0,1.0,0,57.0,2.0,2.0,3.0,2,24668.0,0,0,11.0,4.0,80.0,20.0,2.0,2.0794415416798357,1.3862943611198906,1.3862943611198906,1.6094379124341003,8.607764889600624,0.0,1.4142135623730951,1.7320508075688772,1.0,0,0,1,0,1,0,0,0,0,0,0,0,0,0,0,0,1,0
29.0,0,2,1328.0,2.0,3.0,1.0,94.0,3.0,1,76.0,3.0,1.0,2.0,1,4956.0,0,0,23.0,4.0,80.0,6.0,3.0,0.0,1.6094379124341003,1.6094379124341003,1.791759469228055,7.902487437162855,0.6931471805599453,1.7320508075688772,2.0,0.0,0,1,0,0,1,0,0,0,0,0,0,0,0,0,0,1,0,0
31.0,0,2,1082.0,1.0,4.0,1.0,95.0,3.0,1,87.0,3.0,1.0,2.0,2,18775.0,0,0,17.0,2.0,80.0,1.0,3.0,0.6931471805599453,0.6931471805599453,0.0,0.6931471805599453,7.824845691026857,0.0,2.0,1.7320508075688772,1.0,0,1,0,0,0,0,1,0,0,0,0,0,0,0,0,1,0,0
36.0,0,2,132.0,6.0,3.0,1.0,97.0,2.0,0,55.0,4.0,1.0,4.0,1,22002.0,0,0,12.0,2.0,80.0,5.0,3.0,1.3862943611198906,0.0,0.0,0.6931471805599453,8.019283792916793,0.0,1.7320508075688772,1.7320508075688772,0.0,0,1,0,0,1,0,0,0,0,0,0,1,0,0,0,0,0,0
31.0,0,2,746.0,8.0,4.0,1.0,98.0,3.0,0,61.0,3.0,2.0,4.0,2,20682.0,0,0,23.0,4.0,80.0,11.0,3.0,0.6931471805599453,2.0794415416798357,2.1972245773362196,2.4849066497880004,8.39502555744203,0.0,1.4142135623730951,2.0,1.0,0,1,0,0,1,0,0,0,0,0,0,0,0,1,0,0,0,0
35.0,0,2,776.0,1.0,4.0,1.0,100.0,3.0,1,32.0,2.0,2.0,1.0,2,23016.0,0,0,14.0,2.0,80.0,16.0,3.0,0.0,2.639057329615259,2.1972245773362196,2.772588722239781,8.369388996647842,0.0,1.4142135623730951,1.7320508075688772,1.4142135623730951,0,0,1,0,0,1,0,0,0,0,0,0,0,0,0,0,1,0
45.0,0,2,193.0,6.0,4.0,1.0,101.0,4.0,1,52.0,3.0,3.0,1.0,1,15067.0,0,1,14.0,2.0,80.0,17.0,4.0,1.6094379124341003,0.0,0.0,0.0,9.491450899044924,0.0,1.7320508075688772,1.7320508075688772,0.0,0,1,0,0,0,0,0,1,0,0,0,0,0,0,1,0,0,0
37.0,0,2,397.0,7.0,4.0,1.0,102.0,1.0,1,30.0,3.0,3.0,3.0,2,25258.0,0,0,13.0,1.0,80.0,16.0,4.0,1.6094379124341003,1.0986122886681096,1.0986122886681096,1.791759469228055,9.522593098362169,0.0,1.7320508075688772,1.7320508075688772,0.0,0,1,0,0,0,0,1,0,0,0,0,0,0,0,1,0,0,0
46.0,0,2,945.0,5.0,2.0,1.0,103.0,2.0,1,80.0,3.0,2.0,2.0,0,10425.0,0,1,22.0,4.0,80.0,16.0,3.0,2.1972245773362196,1.0986122886681096,1.0986122886681096,1.6094379124341003,8.52158353971753,0.6931471805599453,1.4142135623730951,2.0,0.0,1,0,0,0,0,0,1,0,0,0,1,0,0,0,0,0,0,0
30.0,0,2,852.0,1.0,1.0,1.0,104.0,4.0,1,55.0,2.0,2.0,4.0,1,15998.0,0,1,12.0,3.0,80.0,10.0,2.0,0.6931471805599453,2.1972245773362196,0.0,2.3978952727983707,8.5422759717837,1.0986122886681096,1.0,1.7320508075688772,1.7320508075688772,0,1,0,0,1,0,0,0,0,0,0,1,0,0,0,0,0,0
35.0,0,2,1214.0,1.0,3.0,1.0,105.0,2.0,1,30.0,2.0,1.0,3.0,2,26278.0,0,0,18.0,1.0,80.0,6.0,3.0,0.6931471805599453,1.6094379124341003,1.6094379124341003,1.9459101490553132,7.958576903813898,0.0,1.7320508075688772,1.7320508075688772,0.0,0,1,0,0,0,0,1,0,0,0,0,0,0,0,0,1,0,0
55.0,0,2,111.0,1.0,2.0,1.0,106.0,1.0,1,70.0,3.0,3.0,4.0,1,18092.0,0,0,14.0,4.0,80.0,24.0,3.0,1.3862943611198906,0.0,0.0,0.6931471805599453,9.234056898593499,0.6931471805599453,2.0,1.7320508075688772,1.0,0,0,1,0,1,0,0,0,0,0,0,0,0,0,0,0,1,0
38.0,0,0,573.0,6.0,3.0,1.0,107.0,2.0,0,79.0,1.0,2.0,4.0,0,15717.0,0,1,12.0,4.0,80.0,17.0,3.0,2.0794415416798357,2.4849066497880004,2.302585092994046,2.639057329615259,8.58110651715989,1.3862943611198906,1.7320508075688772,1.7320508075688772,1.0,0,1,0,0,0,0,1,0,0,0,0,0,0,0,0,1,0,0
34.0,0,2,1153.0,1.0,2.0,1.0,110.0,1.0,1,94.0,3.0,2.0,2.0,1,17736.0,0,0,15.0,3.0,80.0,5.0,3.0,0.6931471805599453,1.0986122886681096,1.3862943611198906,1.791759469228055,8.372398606513004,0.0,1.4142135623730951,1.7320508075688772,1.0,0,1,0,0,0,0,1,0,0,0,0,0,0,1,0,0,0,0
56.0,0,2,1400.0,7.0,3.0,1.0,112.0,4.0,1,49.0,1.0,3.0,4.0,2,21698.0,0,0,11.0,1.0,80.0,34.460000000000036,2.0,1.6094379124341003,1.6094379124341003,1.0986122886681096,1.9459101490553132,8.890272839380247,0.0,1.7320508075688772,1.7320508075688772,0.0,0,1,0,0,1,0,0,0,0,0,0,0,0,1,0,0,0,0
23.0,0,2,541.0,2.0,1.0,1.0,113.0,3.0,1,62.0,3.0,1.0,1.0,0,9518.0,0,0,13.0,3.0,80.0,3.0,3.0,1.3862943611198906,0.0,0.0,0.0,7.750614732770409,0.6931471805599453,1.7320508075688772,1.7320508075688772,0.0,0,0,1,0,0,0,0,0,1,0,0,0,0,0,0,0,0,1
51.0,0,2,432.0,9.0,4.0,1.0,116.0,4.0,1,96.0,3.0,1.0,4.0,1,18725.0,0,0,23.0,2.0,80.0,10.0,3.0,1.3862943611198906,1.0986122886681096,1.3862943611198906,1.6094379124341003,7.638198244285779,1.0986122886681096,2.0,2.0,0.0,0,1,0,0,1,0,0,0,0,0,0,1,0,0,0,0,0,0
30.0,0,2,288.0,2.0,3.0,1.0,117.0,3.0,1,99.0,2.0,2.0,4.0,1,15830.0,0,0,19.0,1.0,80.0,11.0,3.0,0.6931471805599453,2.3978952727983707,2.1972245773362196,2.4849066497880004,8.331586243630754,1.3862943611198906,1.7320508075688772,1.7320508075688772,3.1622776601683795,0,1,0,0,1,0,0,0,0,1,0,0,0,0,0,0,0,0
46.0,1,2,669.0,9.0,2.0,1.0,118.0,3.0,1,64.0,2.0,3.0,4.0,2,13596.0,0,0,16.0,4.0,80.0,9.0,3.0,0.6931471805599453,2.1972245773362196,2.0794415416798357,2.302585092994046,9.171599543659752,0.0,1.7320508075688772,1.7320508075688772,2.0,0,0,1,0,0,0,1,0,0,0,0,0,0,0,0,0,1,0
40.0,0,1,530.0,1.0,4.0,1.0,119.0,3.0,1,78.0,2.0,4.0,2.0,1,14115.0,0,0,22.0,4.0,80.0,22.0,2.0,0.6931471805599453,1.3862943611198906,2.4849066497880004,3.1354942159291497,9.510741216835738,0.6931471805599453,1.7320508075688772,2.0,3.3166247903554,0,1,0,0,1,0,0,0,0,1,0,0,0,0,0,0,0,0
30.0,0,2,1334.0,4.0,2.0,1.0,121.0,3.0,0,63.0,2.0,2.0,2.0,0,19760.0,0,1,12.0,2.0,80.0,11.0,2.0,0.6931471805599453,2.1972245773362196,2.0794415416798357,2.4849066497880004,8.558335134747413,1.3862943611198906,2.0,1.7320508075688772,1.4142135623730951,0,0,1,0,0,0,1,0,0,0,0,0,0,0,0,0,1,0
46.0,0,1,638.0,1.0,3.0,1.0,124.0,3.0,1,40.0,2.0,3.0,1.0,1,3142.0,0,1,13.0,3.0,80.0,21.0,2.0,1.0986122886681096,2.302585092994046,1.791759469228055,2.3978952727983707,9.27556615689389,0.6931471805599453,2.23606797749979,1.7320508075688772,3.0,0,1,0,0,0,0,1,0,0,1,0,0,0,0,0,0,0,0
32.0,0,2,1093.0,6.0,4.0,1.0,125.0,2.0,1,87.0,3.0,2.0,3.0,2,24301.0,0,0,16.0,1.0,80.0,12.0,3.0,0.6931471805599453,2.1972245773362196,2.0794415416798357,2.4849066497880004,8.519390774959724,0.0,0.0,1.7320508075688772,2.23606797749979,0,0,1,0,0,0,1,0,0,0,0,0,0,0,0,0,1,0
54.0,0,2,1217.0,2.0,4.0,1.0,126.0,1.0,0,60.0,3.0,3.0,3.0,1,24001.0,0,0,12.0,1.0,80.0,16.0,1.0,2.302585092994046,1.3862943611198906,1.3862943611198906,1.6094379124341003,9.514141826307847,0.6931471805599453,2.23606797749979,1.7320508075688772,0.0,0,1,0,0,0,0,0,0,1,0,0,0,0,0,1,0,0,0
24.0,0,2,1353.0,3.0,2.0,1.0,128.0,1.0,0,33.0,3.0,2.0,3.0,1,17519.0,0,0,21.0,1.0,80.0,4.0,2.0,0.0,1.0986122886681096,1.0986122886681096,1.3862943611198906,8.517193191416238,0.6931471805599453,1.4142135623730951,2.0,0.0,0,0,1,0,0,0,0,1,0,0,0,0,0,0,0,0,1,0
28.0,0,0,120.0,4.0,3.0,1.0,129.0,2.0,1,43.0,3.0,2.0,3.0,1,8863.0,0,0,15.0,2.0,80.0,5.0,4.0,0.6931471805599453,1.6094379124341003,1.6094379124341003,1.791759469228055,8.348064228408266,0.0,1.7320508075688772,1.7320508075688772,0.0,0,0,1,0,0,0,1,0,0,0,0,0,0,0,0,0,1,0
58.0,0,2,682.0,10.0,4.0,1.0,131.0,4.0,1,37.0,3.0,4.0,3.0,2,24409.0,0,0,13.0,3.0,80.0,34.460000000000036,2.0,0.0,2.3978952727983707,2.1972245773362196,3.4657359027997265,9.537699784080726,0.0,1.0,1.7320508075688772,1.0,0,0,1,0,0,0,1,0,0,0,0,0,0,0,0,0,1,0
44.0,0,0,489.0,23.0,3.0,1.0,132.0,2.0,1,67.0,3.0,2.0,2.0,1,25043.0,0,0,12.0,3.0,80.0,17.0,4.0,1.6094379124341003,1.0986122886681096,1.0986122886681096,1.3862943611198906,7.622174594817622,0.6931471805599453,1.7320508075688772,1.7320508075688772,1.0,0,1,0,0,0,0,1,0,0,0,0,1,0,0,0,0,0,0
37.0,1,2,807.0,6.0,4.0,1.0,133.0,3.0,1,63.0,3.0,1.0,1.0,0,23648.0,0,1,22.0,4.0,80.0,7.0,3.0,1.6094379124341003,1.0986122886681096,1.0986122886681096,1.3862943611198906,7.637234388789473,0.0,1.7320508075688772,2.0,0.0,1,0,0,1,0,0,0,0,0,0,1,0,0,0,0,0,0,0
32.0,0,2,827.0,1.0,1.0,1.0,134.0,4.0,1,71.0,3.0,1.0,1.0,2,15178.0,0,0,13.0,4.0,80.0,1.0,3.0,0.6931471805599453,0.0,0.0,0.6931471805599453,7.9919305198524775,0.0,1.4142135623730951,1.7320508075688772,0.0,0,1,0,0,1,0,0,0,0,0,0,0,0,0,0,1,0,0
20.0,1,1,871.0,6.0,3.0,1.0,137.0,4.0,0,66.0,2.0,1.0,4.0,2,19783.0,0,1,18.0,2.0,80.0,1.0,3.0,0.6931471805599453,0.0,0.0,0.6931471805599453,7.9817332866918855,0.0,2.23606797749979,1.7320508075688772,1.0,0,1,0,0,1,0,0,0,0,0,0,1,0,0,0,0,0,0
34.0,0,2,665.0,6.0,4.0,1.0,138.0,1.0,0,41.0,3.0,2.0,3.0,2,12482.0,0,0,14.0,3.0,80.0,16.0,3.0,0.6931471805599453,2.639057329615259,2.3978952727983707,2.833213344056216,8.478452363099807,0.0,1.7320508075688772,1.7320508075688772,1.4142135623730951,0,1,0,0,0,0,0,1,0,0,0,0,0,0,0,1,0,0
37.0,0,0,1040.0,2.0,2.0,1.0,139.0,3.0,1,100.0,2.0,2.0,4.0,0,15850.0,0,0,14.0,4.0,80.0,17.0,4.0,1.791759469228055,0.0,0.0,0.6931471805599453,8.549466751966532,0.6931471805599453,1.4142135623730951,1.7320508075688772,0.0,0,1,0,0,1,0,0,0,0,1,0,0,0,0,0,0,0,0
59.0,0,0,1420.0,2.0,4.0,1.0,140.0,3.0,0,32.0,2.0,5.0,4.0,1,21922.0,0,0,21.0,4.0,80.0,30.0,3.0,2.302585092994046,1.0986122886681096,1.0986122886681096,1.3862943611198906,9.844002905701236,0.6931471805599453,1.7320508075688772,2.0,1.4142135623730951,1,0,0,1,0,0,0,0,0,0,0,0,1,0,0,0,0,0
50.0,0,1,1115.0,1.0,3.0,1.0,141.0,1.0,0,73.0,3.0,5.0,2.0,1,9755.0,0,1,19.0,1.0,80.0,28.0,2.0,1.3862943611198906,1.3862943611198906,2.0794415416798357,2.1972245773362196,9.80769225508126,0.0,1.0,1.7320508075688772,0.0,0,1,0,0,1,0,0,0,0,0,0,0,0,0,1,0,0,0
25.0,1,2,240.0,5.0,3.0,1.0,142.0,3.0,1,46.0,2.0,2.0,3.0,2,26959.0,0,1,11.0,4.0,80.0,6.0,3.0,0.6931471805599453,1.6094379124341003,1.3862943611198906,1.9459101490553132,8.656085190282855,0.0,1.0,1.7320508075688772,0.0,0,0,1,0,0,1,0,0,0,0,0,0,0,0,0,0,1,0
25.0,0,2,1280.0,7.0,1.0,1.0,143.0,4.0,1,64.0,2.0,1.0,4.0,1,26897.0,0,0,11.0,3.0,80.0,2.0,3.0,0.6931471805599453,1.0986122886681096,0.6931471805599453,1.0986122886681096,7.969011781106478,1.0986122886681096,1.4142135623730951,1.7320508075688772,1.4142135623730951,0,1,0,0,0,0,1,0,0,0,0,0,0,0,0,1,0,0
22.0,0,2,534.0,15.0,3.0,1.0,144.0,2.0,0,59.0,3.0,1.0,4.0,2,23785.0,0,0,15.0,3.0,80.0,1.0,3.0,0.6931471805599453,0.0,0.0,0.0,7.962763930168115,0.0,2.23606797749979,1.7320508075688772,0.0,0,1,0,0,0,0,1,0,0,0,0,1,0,0,0,0,0,0
51.0,0,1,1456.0,1.0,4.0,1.0,145.0,1.0,0,30.0,2.0,3.0,1.0,2,25796.0,0,0,20.0,3.0,80.0,23.0,2.0,1.3862943611198906,2.5649493574615367,2.1972245773362196,2.639057329615259,8.920656296853728,0.0,1.0,2.0,3.4641016151377544,0,1,0,0,0,0,1,0,0,1,0,0,0,0,0,0,0,0
34.0,1,1,658.0,7.0,3.0,1.0,147.0,1.0,1,66.0,1.0,2.0,3.0,2,22887.0,0,1,24.0,4.0,80.0,9.0,3.0,0.6931471805599453,2.0794415416798357,1.9459101490553132,2.302585092994046,8.711937268208748,0.0,1.7320508075688772,2.0,0.0,0,1,0,0,1,0,0,0,0,0,0,1,0,0,0,0,0,0
54.0,0,0,142.0,26.0,3.0,1.0,148.0,4.0,0,30.0,4.0,4.0,4.0,2,13871.0,0,1,12.0,3.0,80.0,23.0,3.0,1.0986122886681096,1.3862943611198906,1.6094379124341003,1.791759469228055,9.760136677640245,0.0,1.7320508075688772,1.7320508075688772,2.0,1,0,0,1,0,0,0,0,0,0,0,0,1,0,0,0,0,0
24.0,0,2,1127.0,18.0,1.0,1.0,150.0,2.0,1,52.0,3.0,1.0,3.0,1,13257.0,0,0,12.0,3.0,80.0,6.0,3.0,0.0,1.3862943611198906,1.0986122886681096,1.791759469228055,7.928406026180535,0.6931471805599453,1.4142135623730951,1.7320508075688772,1.0,0,1,0,0,1,0,0,0,0,0,0,1,0,0,0,0,0,0
34.0,0,2,1031.0,6.0,4.0,1.0,151.0,3.0,0,45.0,2.0,2.0,2.0,0,15000.0,0,0,15.0,3.0,80.0,12.0,3.0,1.9459101490553132,0.0,0.0,0.6931471805599453,8.41316512099219,0.6931471805599453,1.7320508075688772,1.7320508075688772,0.0,0,1,0,0,1,0,0,0,0,0,0,0,0,0,0,1,0,0
37.0,0,2,1189.0,3.0,3.0,1.0,152.0,3.0,1,87.0,3.0,3.0,4.0,2,14506.0,0,0,12.0,1.0,80.0,12.0,3.0,1.0986122886681096,1.3862943611198906,1.3862943611198906,1.791759469228055,8.913146539151807,0.0,1.7320508075688772,1.7320508075688772,1.0,0,0,1,0,1,0,0,0,0,0,0,0,0,0,0,0,1,0
34.0,0,2,1354.0,5.0,3.0,1.0,153.0,3.0,0,45.0,2.0,3.0,1.0,2,5615.0,0,0,12.0,4.0,80.0,14.0,3.0,1.0986122886681096,2.3978952727983707,2.1972245773362196,2.4849066497880004,9.3615151997733,0.0,2.449489742783178,1.7320508075688772,2.23606797749979,0,1,0,0,0,0,1,0,0,0,0,0,1,0,0,0,0,0
36.0,0,1,1467.0,11.0,2.0,1.0,154.0,2.0,0,92.0,3.0,3.0,4.0,1,22952.0,0,0,14.0,3.0,80.0,10.0,3.0,0.0,2.0794415416798357,2.1972245773362196,2.302585092994046,9.1838937219612,0.6931471805599453,2.449489742783178,1.7320508075688772,1.4142135623730951,0,0,1,0,0,0,0,0,1,0,0,0,0,0,0,0,1,0
36.0,0,2,922.0,3.0,2.0,1.0,155.0,1.0,0,39.0,3.0,1.0,4.0,0,2561.0,0,0,22.0,1.0,80.0,7.0,3.0,1.791759469228055,0.0,0.0,0.6931471805599453,7.950149887652018,0.6931471805599453,1.4142135623730951,2.0,0.0,0,1,0,0,1,0,0,0,0,0,0,1,0,0,0,0,0,0
43.0,0,1,394.0,26.0,2.0,1.0,158.0,3.0,1,92.0,3.0,4.0,4.0,1,19494.0,0,1,12.0,4.0,80.0,25.0,4.0,0.6931471805599453,2.5649493574615367,2.5649493574615367,3.258096538021482,9.738612909345894,1.0986122886681096,1.7320508075688772,1.7320508075688772,2.0,0,0,1,0,1,0,0,0,0,0,0,0,1,0,0,0,0,0
30.0,0,1,1312.0,23.0,3.0,1.0,159.0,1.0,1,96.0,1.0,1.0,3.0,0,22310.0,0,0,25.0,3.0,80.0,10.0,2.0,0.6931471805599453,2.0794415416798357,2.302585092994046,2.3978952727983707,7.868636894184167,1.3862943611198906,1.4142135623730951,2.0,0.0,0,1,0,0,1,0,0,0,0,0,0,0,0,0,0,1,0,0
33.0,0,0,750.0,22.0,2.0,1.0,160.0,3.0,1,95.0,3.0,2.0,2.0,1,15480.0,0,0,13.0,1.0,80.0,8.0,4.0,0.0,2.0794415416798357,2.0794415416798357,2.0794415416798357,8.72371943690701,0.6931471805599453,1.4142135623730951,1.7320508075688772,0.0,0,0,1,0,0,1,0,0,0,0,0,0,0,0,0,0,1,0
56.0,1,2,441.0,14.0,4.0,1.0,161.0,2.0,0,72.0,3.0,1.0,2.0,1,4510.0,0,1,18.0,1.0,80.0,7.0,3.0,2.302585092994046,1.6094379124341003,1.3862943611198906,1.791759469228055,8.509967146324497,1.3862943611198906,1.4142135623730951,1.7320508075688772,2.0,0,1,0,0,1,0,0,0,0,0,0,0,0,0,0,1,0,0
51.0,0,2,684.0,6.0,3.0,1.0,162.0,1.0,1,51.0,3.0,5.0,3.0,2,6462.0,0,0,13.0,3.0,80.0,23.0,3.0,2.0794415416798357,2.9444389791664403,2.772588722239781,3.044522437723423,9.880116566212887,0.0,2.23606797749979,1.7320508075688772,3.605551275463989,0,1,0,0,1,0,0,0,0,0,0,0,0,0,1,0,0,0
31.0,1,2,249.0,6.0,4.0,1.0,163.0,2.0,1,76.0,1.0,2.0,3.0,1,20739.0,0,1,18.0,2.0,80.0,12.0,2.0,1.6094379124341003,2.0794415416798357,2.0794415416798357,2.0794415416798357,8.727940222393896,0.0,1.7320508075688772,1.7320508075688772,2.6457513110645907,0,0,1,0,1,0,0,0,0,0,0,0,0,0,0,0,1,0
26.0,0,2,841.0,6.0,3.0,1.0,164.0,3.0,0,46.0,2.0,1.0,2.0,1,23300.0,0,0,19.0,3.0,80.0,5.0,2.0,0.6931471805599453,1.6094379124341003,1.3862943611198906,1.791759469228055,7.7702232041587855,0.0,1.7320508075688772,1.7320508075688772,2.0,0,1,0,0,0,0,0,1,0,0,0,0,0,0,0,1,0,0
58.0,1,2,147.0,23.0,4.0,1.0,165.0,4.0,0,94.0,3.0,3.0,4.0,1,3465.0,0,0,12.0,4.0,80.0,34.460000000000036,2.0,0.6931471805599453,2.3978952727983707,1.9459101490553132,3.4657359027997265,9.24116051431607,0.6931471805599453,1.7320508075688772,1.7320508075688772,3.605551275463989,0,1,0,0,0,0,1,0,0,1,0,0,0,0,0,0,0,0
19.0,1,2,528.0,22.0,1.0,1.0,167.0,4.0,1,50.0,3.0,1.0,3.0,2,26820.0,0,1,19.0,4.0,80.0,1.0,2.0,0.6931471805599453,0.0,0.0,0.0,7.424165281042028,0.0,1.4142135623730951,1.7320508075688772,0.0,0,0,1,0,0,1,0,0,0,0,0,0,0,0,0,0,0,1
22.0,0,2,594.0,2.0,1.0,1.0,169.0,3.0,1,100.0,3.0,1.0,4.0,1,19299.0,0,0,14.0,3.0,80.0,3.0,3.0,0.0,0.6931471805599453,0.6931471805599453,1.0986122886681096,7.8336002236611035,0.6931471805599453,1.4142135623730951,1.7320508075688772,1.4142135623730951,0,1,0,0,0,0,0,0,1,0,0,1,0,0,0,0,0,0
49.0,0,2,470.0,20.0,4.0,1.0,170.0,3.0,0,96.0,3.0,2.0,1.0,1,5549.0,0,0,14.0,3.0,80.0,16.0,2.0,0.6931471805599453,2.4849066497880004,2.4849066497880004,2.772588722239781,8.789964651132264,0.0,1.4142135623730951,1.7320508075688772,2.23606797749979,0,1,0,0,0,0,1,0,0,0,0,0,0,1,0,0,0,0
43.0,0,1,957.0,28.0,3.0,1.0,171.0,2.0,0,72.0,4.0,1.0,3.0,2,16090.0,0,0,12.0,4.0,80.0,18.0,3.0,1.6094379124341003,1.0986122886681096,1.0986122886681096,1.3862943611198906,8.463792414689122,0.0,1.4142135623730951,1.7320508075688772,1.0,0,1,0,0,0,0,1,0,0,0,0,0,0,0,0,1,0,0
50.0,0,1,809.0,12.0,3.0,1.0,174.0,3.0,0,77.0,3.0,3.0,4.0,2,6645.0,0,0,11.0,4.0,80.0,16.0,3.0,1.6094379124341003,1.0986122886681096,0.6931471805599453,1.0986122886681096,9.127936545721367,0.0,1.7320508075688772,1.7320508075688772,1.4142135623730951,0,0,1,0,0,1,0,0,0,0,0,0,0,0,0,0,1,0
31.0,1,2,542.0,20.0,3.0,1.0,175.0,2.0,0,71.0,1.0,2.0,3.0,1,24788.0,0,1,11.0,3.0,80.0,4.0,3.0,1.3862943611198906,1.0986122886681096,1.0986122886681096,1.0986122886681096,8.425077902508432,0.6931471805599453,1.4142135623730951,1.7320508075688772,1.4142135623730951,0,0,1,0,1,0,0,0,0,0,0,0,0,0,0,0,1,0
41.0,0,2,802.0,9.0,1.0,1.0,176.0,3.0,1,96.0,3.0,3.0,3.0,0,21196.0,0,1,13.0,3.0,80.0,12.0,3.0,1.3862943611198906,2.0794415416798357,2.0794415416798357,2.302585092994046,9.010669176847115,0.6931471805599453,1.4142135623730951,1.7320508075688772,0.0,0,0,1,0,1,0,0,0,0,0,0,0,0,0,0,0,1,0
26.0,0,2,1355.0,25.0,1.0,1.0,177.0,3.0,0,61.0,3.0,1.0,3.0,1,8916.0,0,0,23.0,4.0,80.0,8.0,3.0,0.6931471805599453,2.0794415416798357,2.0794415416798357,2.1972245773362196,7.987184748233473,0.6931471805599453,1.7320508075688772,2.0,2.23606797749979,1,0,0,0,1,0,0,0,0,0,1,0,0,0,0,0,0,0
36.0,0,2,216.0,6.0,2.0,1.0,178.0,2.0,1,84.0,3.0,2.0,2.0,0,2819.0,0,0,20.0,4.0,80.0,7.0,3.0,1.9459101490553132,1.0986122886681096,0.6931471805599453,1.3862943611198906,8.505525386548555,1.0986122886681096,0.0,2.0,0.0,0,1,0,0,0,0,1,0,0,0,0,0,0,1,0,0,0,0
51.0,1,1,1150.0,8.0,4.0,1.0,179.0,1.0,1,53.0,1.0,3.0,4.0,2,25150.0,0,0,15.0,4.0,80.0,18.0,3.0,1.0986122886681096,1.0986122886681096,1.3862943611198906,1.6094379124341003,9.273409063443166,0.0,1.4142135623730951,1.7320508075688772,0.0,0,1,0,0,1,0,0,0,0,0,0,0,0,1,0,0,0,0
39.0,0,2,1329.0,4.0,4.0,1.0,182.0,4.0,0,47.0,2.0,2.0,3.0,1,14590.0,0,0,14.0,3.0,80.0,17.0,4.0,1.6094379124341003,2.4849066497880004,2.302585092994046,2.772588722239781,8.683215975240689,0.6931471805599453,1.0,1.7320508075688772,2.23606797749979,0,0,1,0,1,0,0,0,0,0,0,0,0,0,0,0,1,0
25.0,0,2,959.0,28.0,3.0,1.0,183.0,1.0,1,41.0,2.0,2.0,3.0,1,24835.0,0,0,18.0,4.0,80.0,6.0,3.0,1.0986122886681096,1.0986122886681096,1.0986122886681096,1.0986122886681096,9.064157861798101,0.0,1.7320508075688772,1.7320508075688772,1.4142135623730951,0,0,1,0,1,0,0,0,0,0,0,0,0,0,0,0,1,0
30.0,0,2,1240.0,9.0,3.0,1.0,184.0,3.0,1,48.0,3.0,2.0,4.0,1,13982.0,0,1,19.0,4.0,80.0,12.0,1.0,0.0,2.302585092994046,2.0794415416798357,2.4849066497880004,8.7558950816463,0.0,1.4142135623730951,1.7320508075688772,2.0,1,0,0,1,0,0,0,0,0,0,1,0,0,0,0,0,0,0
32.0,1,2,1033.0,9.0,3.0,1.0,190.0,1.0,0,41.0,3.0,1.0,1.0,2,10224.0,0,0,22.0,1.0,80.0,10.0,4.0,2.0794415416798357,1.6094379124341003,1.6094379124341003,1.791759469228055,8.343077871169383,0.0,1.4142135623730951,2.0,0.0,0,1,0,0,0,0,1,0,0,0,0,1,0,0,0,0,0,0
45.0,0,2,1316.0,29.0,3.0,1.0,192.0,3.0,1,83.0,3.0,1.0,4.0,2,9752.0,0,0,13.0,2.0,80.0,9.0,2.0,1.791759469228055,1.791759469228055,1.3862943611198906,1.9459101490553132,8.146998697389993,0.0,1.4142135623730951,1.7320508075688772,0.0,0,1,0,0,0,0,1,0,0,0,0,0,0,0,0,1,0,0
38.0,0,2,364.0,3.0,5.0,1.0,193.0,4.0,0,32.0,3.0,2.0,3.0,2,2302.0,0,1,20.0,2.0,80.0,19.0,3.0,1.3862943611198906,1.0986122886681096,1.0986122886681096,1.3862943611198906,8.370547611074752,0.0,1.4142135623730951,2.0,1.4142135623730951,0,1,0,0,0,0,0,0,1,0,0,0,0,0,0,1,0,0
30.0,0,2,438.0,18.0,3.0,1.0,194.0,1.0,0,75.0,3.0,1.0,3.0,2,23910.0,0,0,14.0,3.0,80.0,5.0,2.0,0.6931471805599453,1.6094379124341003,1.6094379124341003,1.791759469228055,7.87587915949631,0.0,2.0,1.7320508075688772,0.0,0,1,0,0,1,0,0,0,0,0,0,0,0,0,0,1,0,0
32.0,0,1,689.0,9.0,2.0,1.0,195.0,4.0,1,35.0,1.0,2.0,4.0,0,22812.0,0,0,17.0,4.0,80.0,9.0,4.0,0.0,2.0794415416798357,2.0794415416798357,2.1972245773362196,8.448700194970938,1.3862943611198906,1.4142135623730951,1.7320508075688772,0.0,0,0,1,0,0,0,1,0,0,0,0,0,0,0,0,0,1,0
30.0,0,2,201.0,5.0,3.0,1.0,197.0,4.0,0,84.0,3.0,1.0,1.0,0,10415.0,0,0,14.0,4.0,80.0,8.0,3.0,1.791759469228055,1.0986122886681096,1.0986122886681096,1.3862943611198906,8.07246736935477,0.6931471805599453,1.7320508075688772,1.7320508075688772,1.4142135623730951,0,1,0,0,0,0,0,0,1,0,0,0,0,0,0,1,0,0
30.0,0,2,1427.0,2.0,1.0,1.0,198.0,2.0,1,35.0,2.0,1.0,4.0,2,11162.0,0,0,13.0,4.0,80.0,6.0,3.0,0.0,1.3862943611198906,1.0986122886681096,1.791759469228055,7.908754738783246,0.0,1.7320508075688772,1.7320508075688772,1.0,0,1,0,0,0,0,1,0,0,0,0,1,0,0,0,0,0,0
41.0,0,1,857.0,10.0,3.0,1.0,199.0,4.0,1,91.0,2.0,4.0,1.0,0,12888.0,0,0,13.0,2.0,80.0,21.0,2.0,1.6094379124341003,1.9459101490553132,2.0794415416798357,2.0794415416798357,9.751617603198001,0.6931471805599453,1.4142135623730951,1.7320508075688772,2.6457513110645907,0,1,0,0,1,0,0,0,0,0,0,0,1,0,0,0,0,0
41.0,0,2,933.0,9.0,4.0,1.0,200.0,3.0,1,94.0,3.0,1.0,1.0,1,6961.0,0,0,21.0,4.0,80.0,7.0,3.0,1.0986122886681096,0.0,1.6094379124341003,1.791759469228055,7.713784616598755,0.6931471805599453,1.4142135623730951,2.0,1.0,0,1,0,0,1,0,0,0,0,0,0,1,0,0,0,0,0,0
19.0,0,2,1181.0,3.0,1.0,1.0,201.0,2.0,0,79.0,3.0,1.0,2.0,2,16102.0,0,0,14.0,4.0,80.0,1.0,3.0,0.6931471805599453,0.0,0.0,0.6931471805599453,7.302496423727326,0.0,1.7320508075688772,1.7320508075688772,0.0,0,1,0,0,0,0,1,0,0,0,0,1,0,0,0,0,0,0
40.0,0,1,1395.0,26.0,3.0,1.0,202.0,2.0,0,54.0,3.0,2.0,2.0,0,8504.0,0,0,11.0,1.0,80.0,20.0,3.0,0.6931471805599453,2.0794415416798357,2.639057329615259,3.044522437723423,8.631592731724734,0.6931471805599453,1.4142135623730951,1.7320508075688772,1.4142135623730951,0,1,0,0,0,0,1,0,0,0,0,0,0,0,0,1,0,0
35.0,0,2,662.0,1.0,5.0,1.0,204.0,3.0,1,94.0,3.0,3.0,2.0,1,11439.0,0,0,13.0,1.0,80.0,10.0,3.0,0.6931471805599453,2.1972245773362196,1.9459101490553132,2.3978952727983707,8.895081531754167,1.0986122886681096,1.7320508075688772,1.7320508075688772,0.0,0,0,1,0,0,1,0,0,0,0,0,0,0,0,0,0,1,0
53.0,0,2,1436.0,6.0,2.0,1.0,205.0,2.0,1,34.0,3.0,2.0,3.0,1,16047.0,0,1,20.0,4.0,80.0,13.0,1.0,1.0986122886681096,2.0794415416798357,1.791759469228055,2.0794415416798357,7.7437032581737535,0.6931471805599453,1.7320508075688772,2.0,2.0,0,0,1,0,0,1,0,0,0,0,0,0,0,0,0,0,0,1
45.0,0,2,194.0,9.0,3.0,1.0,206.0,2.0,1,60.0,3.0,2.0,2.0,0,10901.0,0,0,18.0,3.0,80.0,20.0,1.0,2.1972245773362196,2.302585092994046,2.772588722239781,2.8903717578961645,7.761744984658913,0.6931471805599453,1.4142135623730951,1.7320508075688772,0.0,0,1,0,0,1,0,0,0,0,0,0,1,0,0,0,0,0,0
32.0,0,1,967.0,8.0,3.0,1.0,207.0,2.0,0,43.0,3.0,3.0,4.0,2,15589.0,0,0,14.0,4.0,80.0,9.0,3.0,0.6931471805599453,2.1972245773362196,2.0794415416798357,2.302585092994046,9.104868739033948,0.0,1.4142135623730951,1.7320508075688772,1.7320508075688772,0,0,1,0,0,1,0,0,0,0,0,0,0,0,0,0,1,0
29.0,0,0,1496.0,1.0,1.0,1.0,208.0,4.0,1,41.0,3.0,2.0,3.0,1,26283.0,0,0,13.0,1.0,80.0,10.0,3.0,0.6931471805599453,2.0794415416798357,2.302585092994046,2.3978952727983707,8.371010681238156,0.6931471805599453,1.0,1.7320508075688772,0.0,0,1,0,0,0,0,0,0,1,0,0,0,0,1,0,0,0,0
51.0,0,2,1169.0,7.0,4.0,1.0,211.0,2.0,1,34.0,2.0,2.0,3.0,1,13983.0,0,0,17.0,3.0,80.0,10.0,3.0,1.0986122886681096,0.0,0.0,0.6931471805599453,8.721439305625983,0.0,1.4142135623730951,1.7320508075688772,0.0,0,1,0,0,0,0,1,0,0,0,0,0,0,1,0,0,0,0
58.0,0,2,1145.0,9.0,3.0,1.0,214.0,2.0,0,75.0,2.0,1.0,2.0,1,11873.0,0,1,20.0,2.0,80.0,9.0,2.0,1.6094379124341003,0.0,0.0,0.6931471805599453,8.115819701211327,0.6931471805599453,1.7320508075688772,2.0,0.0,0,1,0,0,0,0,1,0,0,0,0,0,0,0,0,1,0,0
40.0,0,2,630.0,4.0,4.0,1.0,215.0,3.0,1,67.0,2.0,3.0,4.0,1,8552.0,0,0,11.0,1.0,80.0,15.0,2.0,2.0794415416798357,2.4849066497880004,2.4849066497880004,2.5649493574615367,9.292473201514705,0.6931471805599453,1.4142135623730951,1.7320508075688772,1.4142135623730951,0,0,1,0,0,1,0,0,0,0,0,0,0,0,0,0,1,0
22.0,0,2,1256.0,19.0,1.0,1.0,217.0,3.0,1,80.0,3.0,1.0,4.0,1,11992.0,0,0,24.0,1.0,80.0,2.0,3.0,0.6931471805599453,1.0986122886681096,1.0986122886681096,1.0986122886681096,7.751045117971802,1.0986122886681096,2.449489742783178,2.0,1.4142135623730951,0,1,0,0,0,0,1,0,0,0,0,0,0,0,0,1,0,0
27.0,0,0,691.0,9.0,3.0,1.0,218.0,4.0,1,57.0,3.0,1.0,2.0,0,5970.0,0,0,18.0,4.0,80.0,6.0,1.0,1.9459101490553132,1.0986122886681096,1.0986122886681096,1.0986122886681096,7.613324979540639,0.6931471805599453,1.0,1.7320508075688772,1.4142135623730951,0,1,0,0,0,0,1,0,0,0,0,0,0,0,0,1,0,0
28.0,0,2,440.0,21.0,3.0,1.0,221.0,3.0,1,42.0,3.0,1.0,4.0,1,6672.0,0,0,11.0,3.0,80.0,5.0,1.0,0.6931471805599453,1.0986122886681096,1.0986122886681096,1.791759469228055,7.906178840394815,0.6931471805599453,1.4142135623730951,1.7320508075688772,0.0,0,1,0,0,0,0,1,0,0,0,0,0,0,0,0,1,0,0
57.0,0,2,334.0,24.0,2.0,1.0,223.0,3.0,1,83.0,4.0,3.0,4.0,0,23402.0,0,1,16.0,2.0,80.0,12.0,1.0,1.3862943611198906,1.3862943611198906,1.6094379124341003,1.791759469228055,9.152711259139547,0.6931471805599453,1.4142135623730951,1.7320508075688772,1.0,0,1,0,0,1,0,0,0,0,1,0,0,0,0,0,0,0,0
27.0,0,0,1450.0,3.0,3.0,1.0,224.0,3.0,1,79.0,2.0,1.0,3.0,0,25326.0,0,1,15.0,4.0,80.0,1.0,2.0,0.6931471805599453,0.6931471805599453,0.6931471805599453,0.6931471805599453,7.8504931808711405,0.6931471805599453,1.4142135623730951,1.7320508075688772,0.0,0,1,0,0,0,0,1,0,0,0,0,0,0,0,0,1,0,0
50.0,0,2,1452.0,11.0,3.0,1.0,226.0,3.0,0,53.0,3.0,5.0,2.0,2,17053.0,0,0,15.0,2.0,80.0,21.0,3.0,1.3862943611198906,1.6094379124341003,1.6094379124341003,1.791759469228055,9.884684885113385,0.0,2.23606797749979,1.7320508075688772,2.0,0,1,0,0,1,0,0,0,0,0,0,0,1,0,0,0,0,0
41.0,0,2,465.0,14.0,3.0,1.0,227.0,1.0,1,56.0,3.0,1.0,3.0,0,4609.0,0,0,12.0,1.0,80.0,13.0,3.0,1.6094379124341003,2.1972245773362196,2.1972245773362196,2.302585092994046,7.804659297056102,0.6931471805599453,1.4142135623730951,1.7320508075688772,1.0,0,1,0,0,1,0,0,0,0,0,0,0,0,0,0,1,0,0
30.0,0,2,1339.0,5.0,3.0,1.0,228.0,2.0,0,41.0,3.0,3.0,4.0,1,8053.0,0,0,12.0,3.0,80.0,12.0,3.0,1.0986122886681096,2.302585092994046,1.6094379124341003,2.3978952727983707,9.150590367570409,0.6931471805599453,1.4142135623730951,1.7320508075688772,2.6457513110645907,0,0,1,0,1,0,0,0,0,0,0,0,0,0,0,0,1,0
38.0,0,2,702.0,1.0,4.0,1.0,230.0,1.0,0,59.0,2.0,2.0,4.0,2,12930.0,0,0,22.0,3.0,80.0,12.0,4.0,1.6094379124341003,1.3862943611198906,2.0794415416798357,2.1972245773362196,9.06958293425992,0.0,1.4142135623730951,2.0,0.0,0,0,1,0,1,0,0,0,0,0,0,0,0,0,0,0,1,0
32.0,0,2,120.0,6.0,5.0,1.0,231.0,3.0,1,43.0,3.0,1.0,3.0,2,12430.0,0,0,20.0,1.0,80.0,8.0,3.0,1.3862943611198906,1.6094379124341003,1.6094379124341003,1.791759469228055,8.019283792916793,0.0,1.4142135623730951,2.0,1.0,0,1,0,0,1,0,0,0,0,0,0,0,0,0,0,1,0,0
27.0,0,2,1157.0,17.0,3.0,1.0,233.0,3.0,1,51.0,3.0,1.0,2.0,1,13364.0,0,1,16.0,4.0,80.0,6.0,2.0,0.0,1.0986122886681096,0.6931471805599453,1.791759469228055,8.025843344150903,0.6931471805599453,1.7320508075688772,1.7320508075688772,1.0,0,1,0,0,0,0,0,0,1,0,0,0,0,0,0,1,0,0
19.0,1,1,602.0,1.0,1.0,1.0,235.0,3.0,0,100.0,1.0,1.0,1.0,2,20989.0,0,0,21.0,1.0,80.0,1.0,4.0,0.0,0.0,0.0,0.0,7.75190533307861,0.0,2.23606797749979,2.0,0.0,0,0,1,0,0,0,0,0,1,0,0,0,0,0,0,0,0,1
36.0,0,1,1480.0,3.0,2.0,1.0,238.0,4.0,1,30.0,3.0,1.0,2.0,2,15062.0,0,0,12.0,3.0,80.0,13.0,2.0,1.6094379124341003,2.0794415416798357,1.0986122886681096,2.1972245773362196,7.644440761556566,0.0,1.7320508075688772,1.7320508075688772,2.6457513110645907,0,1,0,0,0,0,1,0,0,0,0,1,0,0,0,0,0,0
30.0,0,0,111.0,9.0,3.0,1.0,239.0,3.0,1,66.0,3.0,2.0,1.0,0,11012.0,0,0,11.0,3.0,80.0,12.0,3.0,0.6931471805599453,2.302585092994046,2.3978952727983707,2.5649493574615367,8.030409562130485,1.0986122886681096,2.0,1.7320508075688772,2.449489742783178,0,1,0,0,0,0,1,0,0,0,0,1,0,0,0,0,0,0
45.0,0,2,1268.0,4.0,2.0,1.0,240.0,3.0,0,30.0,3.0,2.0,1.0,0,6319.0,0,1,11.0,1.0,80.0,9.0,4.0,1.6094379124341003,1.6094379124341003,1.3862943611198906,1.791759469228055,8.518592212329946,0.6931471805599453,1.7320508075688772,1.7320508075688772,0.0,0,0,1,0,1,0,0,0,0,0,0,0,0,0,0,0,1,0
56.0,0,2,713.0,8.0,3.0,1.0,241.0,3.0,0,67.0,3.0,1.0,1.0,0,13939.0,0,1,18.0,3.0,80.0,19.0,3.0,1.6094379124341003,1.0986122886681096,1.0986122886681096,1.0986122886681096,8.356554845453426,0.6931471805599453,1.7320508075688772,1.7320508075688772,1.4142135623730951,0,1,0,0,1,0,0,0,0,0,0,0,0,0,0,1,0,0
33.0,0,2,134.0,2.0,3.0,1.0,242.0,3.0,1,90.0,3.0,1.0,4.0,2,10515.0,0,0,14.0,1.0,80.0,4.0,4.0,0.0,0.6931471805599453,1.0986122886681096,1.3862943611198906,7.824445930877619,0.0,1.4142135623730951,1.7320508075688772,0.0,0,1,0,0,1,0,0,0,0,0,0,0,0,0,0,1,0,0
19.0,1,2,303.0,2.0,3.0,1.0,243.0,2.0,1,47.0,2.0,1.0,4.0,2,9241.0,0,0,22.0,3.0,80.0,1.0,2.0,0.6931471805599453,0.0,0.0,0.6931471805599453,7.228649665640015,0.0,1.7320508075688772,2.0,1.0,0,1,0,0,1,0,0,0,0,0,0,1,0,0,0,0,0,0
46.0,0,2,526.0,1.0,2.0,1.0,244.0,2.0,0,92.0,3.0,3.0,1.0,0,2137.0,0,0,25.0,3.0,80.0,24.0,3.0,0.6931471805599453,2.639057329615259,2.0794415416798357,3.2188758248682006,9.254739959272866,1.3862943611198906,1.4142135623730951,2.0,3.605551275463989,0,0,1,0,0,1,0,0,0,0,0,0,0,0,0,0,1,0
38.0,0,2,1380.0,9.0,2.0,1.0,245.0,3.0,0,75.0,3.0,1.0,4.0,2,6319.0,0,0,12.0,3.0,80.0,2.0,3.0,0.6931471805599453,1.0986122886681096,0.6931471805599453,1.0986122886681096,7.735870319952567,0.0,1.7320508075688772,1.7320508075688772,1.4142135623730951,0,1,0,0,1,0,0,0,0,0,0,1,0,0,0,0,0,0
31.0,0,2,140.0,12.0,1.0,1.0,246.0,3.0,0,95.0,3.0,1.0,4.0,1,6984.0,0,1,23.0,3.0,80.0,7.0,3.0,2.1972245773362196,1.0986122886681096,1.0986122886681096,1.6094379124341003,8.276394704863307,0.6931471805599453,0.0,2.0,0.0,0,1,0,0,0,0,1,0,0,0,0,0,0,0,0,1,0,0
34.0,0,2,629.0,27.0,2.0,1.0,247.0,4.0,0,95.0,3.0,1.0,2.0,2,5711.0,0,0,15.0,4.0,80.0,9.0,3.0,1.0986122886681096,1.0986122886681096,1.0986122886681096,1.3862943611198906,7.7458682297922685,0.0,1.7320508075688772,1.7320508075688772,1.0,0,1,0,0,0,0,1,0,0,0,0,0,0,0,0,1,0,0
50.0,0,2,328.0,1.0,3.0,1.0,249.0,3.0,1,86.0,2.0,1.0,3.0,1,3425.0,0,0,15.0,4.0,80.0,5.0,2.0,1.0986122886681096,1.0986122886681096,1.0986122886681096,1.3862943611198906,8.213652703029998,0.6931471805599453,1.4142135623730951,1.7320508075688772,0.0,0,1,0,0,0,0,1,0,0,0,0,1,0,0,0,0,0,0
53.0,0,2,1084.0,13.0,2.0,1.0,250.0,4.0,0,57.0,4.0,2.0,1.0,0,26250.0,0,0,11.0,3.0,80.0,5.0,3.0,0.6931471805599453,1.0986122886681096,1.3862943611198906,1.6094379124341003,8.400884069015854,1.0986122886681096,1.7320508075688772,1.7320508075688772,1.0,0,1,0,0,0,0,1,0,0,0,0,0,0,1,0,0,0,0
33.0,0,2,931.0,14.0,3.0,1.0,252.0,4.0,0,72.0,3.0,1.0,2.0,1,4673.0,0,0,13.0,4.0,80.0,8.0,3.0,0.6931471805599453,2.0794415416798357,1.9459101490553132,2.1972245773362196,7.921898411023797,0.6931471805599453,2.23606797749979,1.7320508075688772,1.0,0,1,0,0,0,0,1,0,0,0,0,0,0,0,0,1,0,0
40.0,0,2,989.0,4.0,1.0,1.0,253.0,4.0,0,46.0,3.0,5.0,3.0,1,6499.0,0,0,14.0,2.0,80.0,21.0,3.0,0.6931471805599453,2.1972245773362196,2.302585092994046,3.044522437723423,9.85398213263229,0.6931471805599453,1.4142135623730951,1.7320508075688772,3.0,0,1,0,0,0,0,1,0,0,0,0,0,1,0,0,0,0,0
55.0,0,2,692.0,14.0,4.0,1.0,254.0,3.0,1,61.0,4.0,5.0,2.0,2,13339.0,0,0,11.0,4.0,80.0,34.460000000000036,3.0,2.1972245773362196,2.772588722239781,2.772588722239781,3.2188758248682006,9.837507993602152,0.0,1.7320508075688772,1.7320508075688772,1.4142135623730951,0,1,0,0,0,0,1,0,0,0,0,0,0,0,1,0,0,0
34.0,0,1,1069.0,2.0,1.0,1.0,256.0,4.0,1,45.0,2.0,2.0,3.0,1,14074.0,0,0,17.0,3.0,80.0,10.0,2.0,0.6931471805599453,2.302585092994046,2.302585092994046,2.3978952727983707,9.16408698745872,0.0,1.4142135623730951,1.7320508075688772,1.0,0,1,0,0,1,0,0,0,0,0,0,0,0,1,0,0,0,0
51.0,0,2,313.0,3.0,3.0,1.0,258.0,4.0,0,98.0,3.0,4.0,2.0,2,7192.0,0,0,18.0,3.0,80.0,21.0,3.0,1.3862943611198906,2.0794415416798357,0.0,2.0794415416798357,9.527702598529375,0.0,2.449489742783178,1.7320508075688772,1.0,0,1,0,0,0,0,1,0,0,1,0,0,0,0,0,0,0,0
52.0,0,2,699.0,1.0,4.0,1.0,259.0,3.0,1,65.0,2.0,5.0,3.0,1,5678.0,0,0,14.0,1.0,80.0,34.0,3.0,0.0,2.9444389791664403,2.302585092994046,3.4657359027997265,9.884684885113385,0.6931471805599453,2.23606797749979,1.7320508075688772,3.3166247903554,0,1,0,0,1,0,0,0,0,0,0,0,1,0,0,0,0,0
27.0,0,2,894.0,9.0,3.0,1.0,260.0,4.0,0,99.0,3.0,1.0,2.0,2,11781.0,0,0,16.0,4.0,80.0,7.0,2.0,0.6931471805599453,2.0794415416798357,1.3862943611198906,2.0794415416798357,7.731930721948486,0.0,1.4142135623730951,1.7320508075688772,0.0,0,1,0,0,0,0,1,0,0,0,0,0,0,0,0,1,0,0
35.0,1,2,556.0,23.0,2.0,1.0,261.0,2.0,1,50.0,2.0,2.0,3.0,1,15497.0,0,1,13.0,1.0,80.0,8.0,3.0,1.3862943611198906,0.0,0.6931471805599453,0.6931471805599453,8.685584842676693,0.0,1.0,1.7320508075688772,0.0,0,1,0,0,1,0,0,0,0,0,0,0,0,1,0,0,0,0
43.0,0,0,1344.0,7.0,3.0,1.0,262.0,4.0,1,37.0,4.0,1.0,4.0,0,5228.0,0,0,14.0,4.0,80.0,7.0,4.0,1.6094379124341003,1.6094379124341003,1.0986122886681096,1.791759469228055,7.644919344958857,1.3862943611198906,1.7320508075688772,1.7320508075688772,1.4142135623730951,0,1,0,0,0,0,1,0,0,0,0,0,0,0,0,1,0,0
45.0,0,0,1195.0,2.0,2.0,1.0,264.0,1.0,1,65.0,2.0,4.0,4.0,1,20462.0,0,0,23.0,4.0,80.0,22.0,3.0,2.302585092994046,2.1972245773362196,2.1972245773362196,3.044522437723423,9.728717411895008,0.6931471805599453,1.0,2.0,3.3166247903554,0,1,0,0,0,0,1,0,0,0,0,0,1,0,0,0,0,0
37.0,0,2,290.0,21.0,3.0,1.0,267.0,2.0,1,65.0,4.0,1.0,1.0,1,22977.0,0,1,12.0,1.0,80.0,8.0,2.0,0.6931471805599453,2.0794415416798357,2.0794415416798357,2.1972245773362196,8.178919332848396,0.6931471805599453,1.7320508075688772,1.7320508075688772,1.0,0,1,0,0,1,0,0,0,0,0,0,0,0,0,0,1,0,0
35.0,0,1,138.0,2.0,3.0,1.0,269.0,2.0,0,37.0,3.0,2.0,2.0,2,15986.0,0,0,11.0,4.0,80.0,10.0,3.0,1.791759469228055,1.0986122886681096,1.0986122886681096,1.9459101490553132,8.395251520610994,0.0,2.23606797749979,1.7320508075688772,1.0,0,1,0,0,0,0,1,0,0,0,0,1,0,0,0,0,0,0
42.0,0,0,926.0,21.0,2.0,1.0,270.0,3.0,0,36.0,3.0,2.0,3.0,0,16439.0,0,0,16.0,2.0,80.0,11.0,3.0,1.0986122886681096,1.3862943611198906,1.0986122886681096,1.791759469228055,8.569026340056254,0.6931471805599453,2.23606797749979,1.7320508075688772,0.0,0,1,0,0,0,0,1,0,0,0,0,0,0,1,0,0,0,0
38.0,0,2,1261.0,2.0,4.0,1.0,271.0,4.0,1,88.0,3.0,2.0,3.0,1,7259.0,0,0,14.0,2.0,80.0,14.0,3.0,2.302585092994046,0.0,0.0,0.6931471805599453,8.787830829258759,0.0,1.7320508075688772,1.7320508075688772,0.0,0,1,0,0,1,0,0,0,0,0,0,0,0,1,0,0,0,0
38.0,0,2,1084.0,29.0,3.0,1.0,273.0,4.0,1,54.0,3.0,2.0,4.0,1,4185.0,0,0,18.0,1.0,80.0,9.0,1.0,1.3862943611198906,2.0794415416798357,2.0794415416798357,2.0794415416798357,8.742254901886351,0.6931471805599453,1.7320508075688772,1.7320508075688772,1.0,0,1,0,0,0,0,0,0,1,0,0,0,0,1,0,0,0,0
27.0,0,1,472.0,1.0,1.0,1.0,274.0,3.0,1,60.0,2.0,2.0,1.0,1,9679.0,0,0,19.0,3.0,80.0,6.0,3.0,1.791759469228055,1.0986122886681096,0.0,1.0986122886681096,8.366137716496281,0.6931471805599453,1.0,1.7320508075688772,1.4142135623730951,0,1,0,0,0,0,0,0,1,0,0,0,0,1,0,0,0,0
49.0,0,0,1002.0,18.0,4.0,1.0,275.0,4.0,1,92.0,3.0,2.0,4.0,0,23793.0,0,1,15.0,1.0,80.0,7.0,3.0,0.6931471805599453,2.0794415416798357,2.0794415416798357,2.0794415416798357,8.825412915085566,1.0986122886681096,0.0,1.7320508075688772,1.0,0,1,0,0,1,0,0,0,0,0,0,0,0,1,0,0,0,0
34.0,0,1,878.0,10.0,4.0,1.0,277.0,4.0,1,43.0,3.0,1.0,3.0,0,5972.0,0,1,17.0,4.0,80.0,5.0,4.0,0.6931471805599453,1.3862943611198906,0.0,1.791759469228055,8.246958032568177,0.6931471805599453,2.0,1.7320508075688772,1.4142135623730951,0,1,0,0,0,0,1,0,0,0,0,0,0,0,0,1,0,0
40.0,0,2,905.0,19.0,2.0,1.0,281.0,3.0,1,99.0,3.0,2.0,4.0,1,16523.0,0,1,15.0,3.0,80.0,15.0,4.0,2.1972245773362196,1.0986122886681096,2.0794415416798357,2.0794415416798357,7.91644286012226,0.6931471805599453,1.4142135623730951,1.7320508075688772,1.7320508075688772,0,1,0,0,0,0,1,0,0,0,0,1,0,0,0,0,0,0
38.0,1,2,1180.0,29.0,1.0,1.0,282.0,2.0,1,70.0,3.0,2.0,1.0,1,11354.0,0,1,19.0,2.0,80.0,17.0,3.0,2.0794415416798357,0.0,0.0,0.6931471805599453,8.80597465931132,0.0,1.4142135623730951,1.7320508075688772,0.0,0,1,0,0,0,0,1,0,0,1,0,0,0,0,0,0,0,0
29.0,1,2,121.0,27.0,3.0,1.0,283.0,2.0,0,35.0,3.0,3.0,4.0,1,24525.0,0,0,22.0,4.0,80.0,10.0,2.0,0.6931471805599453,1.6094379124341003,2.302585092994046,2.3978952727983707,8.941152882160566,1.3862943611198906,1.7320508075688772,2.0,1.0,0,0,1,0,0,1,0,0,0,0,0,0,0,0,0,0,1,0
22.0,0,2,1136.0,5.0,3.0,1.0,284.0,4.0,1,60.0,4.0,1.0,2.0,0,12392.0,0,1,16.0,1.0,80.0,4.0,2.0,0.6931471805599453,1.0986122886681096,1.0986122886681096,1.6094379124341003,7.753194269884341,0.6931471805599453,1.4142135623730951,1.7320508075688772,1.4142135623730951,0,1,0,0,1,0,0,0,0,0,0,0,0,0,0,1,0,0
36.0,0,1,635.0,18.0,1.0,1.0,286.0,2.0,0,73.0,3.0,1.0,4.0,2,7703.0,0,0,13.0,1.0,80.0,8.0,3.0,0.6931471805599453,0.6931471805599453,2.0794415416798357,2.1972245773362196,7.675081857716334,0.0,1.4142135623730951,1.7320508075688772,1.0,0,1,0,0,0,0,1,0,0,0,0,1,0,0,0,0,0,0
40.0,0,0,1151.0,9.0,5.0,1.0,287.0,4.0,1,63.0,2.0,2.0,4.0,1,14242.0,0,0,14.0,4.0,80.0,5.0,1.0,2.302585092994046,1.0986122886681096,1.0986122886681096,1.3862943611198906,8.492285555710053,0.6931471805599453,2.23606797749979,1.7320508075688772,0.0,0,1,0,0,1,0,0,0,0,1,0,0,0,0,0,0,0,0
46.0,0,2,644.0,1.0,4.0,1.0,288.0,4.0,1,97.0,3.0,3.0,1.0,0,12368.0,0,0,16.0,3.0,80.0,17.0,3.0,2.0794415416798357,1.0986122886681096,1.3862943611198906,1.6094379124341003,9.148145768383065,0.6931471805599453,1.7320508075688772,1.7320508075688772,0.0,0,1,0,0,0,0,1,0,0,1,0,0,0,0,0,0,0,0
32.0,1,2,1045.0,4.0,4.0,1.0,291.0,4.0,1,32.0,1.0,3.0,4.0,1,25812.0,0,0,11.0,3.0,80.0,14.0,2.0,0.6931471805599453,2.1972245773362196,2.1972245773362196,2.70805020110221,9.249657234353133,0.0,1.4142135623730951,1.7320508075688772,3.0,0,0,1,0,0,0,1,0,0,0,0,0,0,0,0,0,1,0
30.0,0,0,829.0,1.0,1.0,1.0,292.0,3.0,1,88.0,2.0,3.0,3.0,2,20925.0,0,0,22.0,3.0,80.0,12.0,3.0,0.6931471805599453,2.1972245773362196,2.1972245773362196,2.4849066497880004,9.044875932248651,0.0,1.4142135623730951,2.0,2.23606797749979,0,1,0,0,1,0,0,0,0,0,0,0,0,1,0,0,0,0
27.0,0,1,1242.0,20.0,3.0,1.0,293.0,4.0,0,90.0,3.0,2.0,3.0,2,12916.0,0,0,14.0,4.0,80.0,7.0,3.0,0.6931471805599453,2.0794415416798357,2.0794415416798357,2.0794415416798357,9.208538750029554,0.0,1.4142135623730951,1.7320508075688772,0.0,0,0,1,0,1,0,0,0,0,0,0,0,0,0,0,0,1,0
51.0,0,2,1469.0,8.0,4.0,1.0,296.0,2.0,1,81.0,2.0,3.0,2.0,1,15736.0,0,0,16.0,4.0,80.0,16.0,1.0,1.791759469228055,2.302585092994046,2.0794415416798357,2.3978952727983707,9.43276366396591,1.0986122886681096,2.23606797749979,1.7320508075688772,2.0,0,1,0,0,1,0,0,0,0,0,0,0,0,0,1,0,0,0
30.0,1,2,1005.0,3.0,3.0,1.0,297.0,4.0,0,88.0,3.0,1.0,1.0,2,8556.0,0,1,11.0,3.0,80.0,8.0,3.0,1.791759469228055,1.0986122886681096,1.6094379124341003,1.791759469228055,7.88532923927319,0.0,2.23606797749979,1.7320508075688772,0.0,0,1,0,0,0,0,0,0,1,0,0,0,0,0,0,1,0,0
41.0,0,2,896.0,6.0,3.0,1.0,298.0,4.0,0,75.0,3.0,3.0,4.0,2,14674.0,0,1,18.0,3.0,80.0,16.0,3.0,1.3862943611198906,0.0,0.0,0.6931471805599453,9.517236663351769,0.0,1.7320508075688772,1.7320508075688772,0.0,0,0,1,0,1,0,0,0,0,0,0,0,1,0,0,0,0,0
30.0,1,1,334.0,26.0,4.0,1.0,299.0,3.0,0,52.0,2.0,2.0,1.0,2,22967.0,0,0,15.0,3.0,80.0,9.0,2.0,1.791759469228055,1.3862943611198906,0.6931471805599453,1.9459101490553132,8.80941494391005,0.0,2.23606797749979,1.7320508075688772,0.0,0,0,1,0,0,1,0,0,0,0,0,0,0,0,0,0,1,0
29.0,1,2,992.0,1.0,3.0,1.0,300.0,3.0,1,85.0,3.0,1.0,3.0,2,19757.0,0,0,14.0,4.0,80.0,7.0,2.0,0.0,1.0986122886681096,1.791759469228055,1.9459101490553132,7.629975707027789,0.0,1.0,1.7320508075688772,1.0,0,1,0,0,0,0,0,0,1,0,0,0,0,0,0,1,0,0
45.0,0,0,1052.0,6.0,3.0,1.0,302.0,4.0,0,57.0,2.0,3.0,4.0,2,16840.0,0,0,12.0,4.0,80.0,23.0,3.0,1.9459101490553132,2.0794415416798357,2.1972245773362196,2.995732273553991,9.089979015305,0.0,1.4142135623730951,1.7320508075688772,3.4641016151377544,0,0,1,0,0,0,1,0,0,0,0,0,0,0,0,0,1,0
54.0,0,2,1147.0,3.0,3.0,1.0,303.0,4.0,0,52.0,3.0,2.0,1.0,1,17011.0,0,0,14.0,4.0,80.0,16.0,3.0,1.0986122886681096,1.0986122886681096,1.791759469228055,1.9459101490553132,8.689632748355741,0.6931471805599453,2.0,1.7320508075688772,0.0,0,0,1,0,0,1,0,0,0,0,0,0,0,0,0,0,1,0
36.0,0,2,1396.0,5.0,2.0,1.0,304.0,4.0,1,62.0,3.0,2.0,2.0,2,9945.0,0,0,16.0,4.0,80.0,16.0,4.0,2.1972245773362196,2.4849066497880004,2.0794415416798357,2.639057329615259,8.685246776412487,0.0,1.7320508075688772,1.7320508075688772,1.7320508075688772,0,1,0,0,1,0,0,0,0,0,0,1,0,0,0,0,0,0
33.0,0,2,147.0,4.0,4.0,1.0,305.0,3.0,0,47.0,2.0,1.0,2.0,1,13248.0,0,0,21.0,4.0,80.0,7.0,3.0,1.9459101490553132,1.0986122886681096,0.6931471805599453,1.3862943611198906,7.872073979866873,0.0,1.7320508075688772,2.0,1.0,0,1,0,0,0,0,1,0,0,0,0,0,0,0,0,1,0,0
37.0,0,1,663.0,11.0,3.0,1.0,306.0,2.0,1,47.0,3.0,3.0,4.0,0,10056.0,0,1,14.0,3.0,80.0,10.0,3.0,0.6931471805599453,2.1972245773362196,2.0794415416798357,2.3978952727983707,9.40804303080844,1.3862943611198906,1.0,1.7320508075688772,0.0,0,1,0,0,0,0,0,1,0,0,0,0,0,0,1,0,0,0
38.0,0,2,119.0,3.0,3.0,1.0,307.0,1.0,1,76.0,3.0,3.0,3.0,0,9647.0,0,0,12.0,3.0,80.0,17.0,2.0,0.0,2.3978952727983707,2.639057329615259,2.833213344056216,9.26955223160803,1.0986122886681096,2.449489742783178,1.7320508075688772,2.23606797749979,0,0,1,0,1,0,0,0,0,0,0,0,0,0,0,0,1,0
31.0,0,0,979.0,1.0,4.0,1.0,308.0,3.0,1,90.0,1.0,2.0,3.0,1,4381.0,0,0,12.0,4.0,80.0,6.0,3.0,0.0,1.6094379124341003,1.6094379124341003,1.791759469228055,8.377011160816375,0.6931471805599453,1.4142135623730951,1.7320508075688772,1.0,0,1,0,0,0,0,1,0,0,0,0,0,0,1,0,0,0,0
59.0,0,2,142.0,3.0,3.0,1.0,309.0,3.0,1,70.0,2.0,1.0,4.0,1,8456.0,0,0,17.0,1.0,80.0,7.0,3.0,1.3862943611198906,0.0,0.0,0.6931471805599453,7.686162303492906,0.6931471805599453,2.449489742783178,1.7320508075688772,0.0,0,1,0,0,1,0,0,0,0,0,0,0,0,0,0,1,0,0
37.0,0,1,319.0,4.0,4.0,1.0,311.0,1.0,1,41.0,3.0,1.0,4.0,0,2539.0,0,0,17.0,3.0,80.0,13.0,3.0,1.6094379124341003,2.1972245773362196,2.1972245773362196,2.302585092994046,7.935229539816907,0.6931471805599453,1.4142135623730951,1.7320508075688772,2.23606797749979,0,0,1,0,0,1,0,0,0,0,0,0,0,0,0,0,0,1
29.0,0,1,1413.0,1.0,1.0,1.0,312.0,2.0,0,42.0,3.0,3.0,4.0,1,6599.0,0,0,14.0,4.0,80.0,11.0,3.0,0.6931471805599453,2.3978952727983707,0.6931471805599453,2.4849066497880004,8.977020214210413,0.6931471805599453,2.23606797749979,1.7320508075688772,2.0,0,0,1,0,0,0,1,0,0,0,0,0,0,0,0,0,1,0
35.0,0,1,944.0,1.0,3.0,1.0,314.0,3.0,0,92.0,3.0,3.0,3.0,2,9096.0,0,0,14.0,1.0,80.0,10.0,4.0,0.6931471805599453,2.0794415416798357,2.1972245773362196,2.3978952727983707,9.081369990679223,0.0,1.7320508075688772,1.7320508075688772,0.0,0,0,1,0,0,1,0,0,0,0,0,0,0,0,0,0,1,0
29.0,1,2,896.0,18.0,1.0,1.0,315.0,3.0,1,86.0,2.0,1.0,4.0,2,14961.0,0,1,13.0,3.0,80.0,4.0,2.0,0.6931471805599453,1.3862943611198906,0.6931471805599453,1.6094379124341003,7.779048644925556,0.0,1.7320508075688772,1.7320508075688772,0.0,0,1,0,0,0,0,1,0,0,0,0,0,0,0,0,1,0,0
52.0,0,2,1323.0,2.0,3.0,1.0,316.0,3.0,0,89.0,2.0,1.0,4.0,2,3300.0,0,0,15.0,2.0,80.0,6.0,2.0,2.0794415416798357,1.0986122886681096,1.0986122886681096,1.0986122886681096,8.074960359115858,0.0,1.7320508075688772,1.7320508075688772,1.4142135623730951,0,1,0,0,1,0,0,0,0,0,0,1,0,0,0,0,0,0
42.0,0,2,532.0,4.0,2.0,1.0,319.0,3.0,1,58.0,3.0,5.0,4.0,1,4933.0,0,0,11.0,4.0,80.0,22.0,3.0,0.6931471805599453,2.8903717578961645,2.772588722239781,3.1354942159291497,9.864382832655368,0.0,1.7320508075688772,1.7320508075688772,3.3166247903554,0,1,0,0,0,0,0,0,1,0,0,0,1,0,0,0,0,0
59.0,0,2,818.0,6.0,2.0,1.0,321.0,2.0,1,52.0,3.0,1.0,3.0,1,25657.0,0,0,17.0,4.0,80.0,7.0,2.0,2.1972245773362196,1.0986122886681096,1.0986122886681096,1.0986122886681096,7.7266536648476425,0.0,1.4142135623730951,1.7320508075688772,1.4142135623730951,1,0,0,0,0,0,1,0,0,0,1,0,0,0,0,0,0,0
50.0,0,2,854.0,1.0,4.0,1.0,323.0,4.0,0,68.0,3.0,5.0,4.0,0,24118.0,0,0,11.0,3.0,80.0,32.0,2.0,1.3862943611198906,0.0,1.9459101490553132,2.0794415416798357,9.879092395701406,0.6931471805599453,1.7320508075688772,1.7320508075688772,0.0,0,0,1,0,0,0,1,0,0,0,0,0,1,0,0,0,0,0
33.0,1,2,813.0,14.0,3.0,1.0,325.0,3.0,1,58.0,3.0,1.0,4.0,1,22149.0,0,1,13.0,3.0,80.0,8.0,1.0,1.791759469228055,1.6094379124341003,1.6094379124341003,1.791759469228055,7.798523053625206,0.6931471805599453,1.4142135623730951,1.7320508075688772,0.0,0,1,0,0,0,0,1,0,0,0,0,1,0,0,0,0,0,0
43.0,0,2,1034.0,16.0,3.0,1.0,327.0,4.0,0,80.0,3.0,4.0,4.0,1,7744.0,0,1,22.0,3.0,80.0,22.0,3.0,1.791759469228055,2.639057329615259,2.302585092994046,2.8903717578961645,9.68439827154996,0.6931471805599453,1.7320508075688772,2.0,1.0,0,0,1,0,0,1,0,0,0,0,0,0,1,0,0,0,0,0
33.0,1,2,465.0,2.0,2.0,1.0,328.0,1.0,0,39.0,3.0,1.0,1.0,1,21509.0,0,0,20.0,1.0,80.0,13.0,4.0,2.0794415416798357,2.0794415416798357,2.0794415416798357,2.302585092994046,7.903965634032166,0.0,1.7320508075688772,2.0,1.0,0,1,0,0,1,0,0,0,0,0,0,1,0,0,0,0,0,0
52.0,0,0,771.0,2.0,4.0,1.0,329.0,1.0,1,79.0,2.0,5.0,3.0,2,21030.0,0,1,18.0,4.0,80.0,33.0,4.0,0.6931471805599453,2.0794415416798357,2.5649493574615367,3.4657359027997265,9.855819258834627,0.0,1.4142135623730951,1.7320508075688772,3.605551275463989,0,0,1,0,1,0,0,0,0,0,0,0,1,0,0,0,0,0
32.0,0,2,1401.0,4.0,2.0,1.0,330.0,3.0,0,56.0,3.0,1.0,2.0,1,20990.0,0,0,11.0,1.0,80.0,6.0,3.0,1.0986122886681096,1.3862943611198906,1.0986122886681096,1.6094379124341003,8.276903481267057,0.6931471805599453,2.23606797749979,1.7320508075688772,1.0,0,0,1,0,1,0,0,0,0,0,0,0,0,0,0,0,0,1
32.0,1,2,515.0,1.0,3.0,1.0,331.0,4.0,1,62.0,2.0,1.0,3.0,2,9571.0,0,1,14.0,4.0,80.0,4.0,1.0,0.0,1.0986122886681096,1.0986122886681096,1.3862943611198906,8.224431573221159,0.0,1.4142135623730951,1.7320508075688772,1.0,0,1,0,0,1,0,0,0,0,0,0,1,0,0,0,0,0,0
39.0,0,2,1431.0,1.0,4.0,1.0,332.0,3.0,0,96.0,3.0,1.0,3.0,0,15417.0,0,0,14.0,3.0,80.0,7.0,3.0,2.0794415416798357,1.0986122886681096,1.0986122886681096,1.3862943611198906,7.711101251840158,1.3862943611198906,1.0,1.7320508075688772,1.0,0,1,0,0,0,0,1,0,0,0,0,1,0,0,0,0,0,0
32.0,0,0,976.0,26.0,4.0,1.0,333.0,3.0,1,100.0,3.0,2.0,4.0,1,12069.0,0,0,18.0,1.0,80.0,4.0,3.0,0.0,1.0986122886681096,1.0986122886681096,1.3862943611198906,8.404248432400102,0.0,1.4142135623730951,1.7320508075688772,1.4142135623730951,0,0,1,0,0,1,0,0,0,0,0,0,0,0,0,0,1,0
41.0,0,2,1411.0,19.0,2.0,1.0,334.0,3.0,1,36.0,3.0,2.0,1.0,0,19877.0,0,0,16.0,1.0,80.0,17.0,2.0,1.0986122886681096,0.0,0.0,0.6931471805599453,8.030409562130485,1.0986122886681096,1.4142135623730951,1.7320508075688772,0.0,0,1,0,0,1,0,0,0,0,0,0,0,0,0,0,1,0,0
40.0,0,2,1300.0,24.0,2.0,1.0,335.0,1.0,1,62.0,3.0,2.0,4.0,0,24447.0,0,0,17.0,1.0,80.0,9.0,3.0,0.6931471805599453,2.1972245773362196,2.0794415416798357,2.302585092994046,8.107720061910534,1.0986122886681096,1.7320508075688772,1.7320508075688772,2.0,0,1,0,0,0,0,0,0,1,0,0,0,0,0,0,1,0,0
45.0,0,2,252.0,1.0,3.0,1.0,336.0,3.0,1,70.0,4.0,5.0,4.0,1,15970.0,0,0,11.0,3.0,80.0,25.0,3.0,0.0,0.0,2.0794415416798357,3.2188758248682006,9.862821795810113,0.6931471805599453,1.4142135623730951,1.7320508075688772,1.0,0,1,0,0,0,0,0,1,0,0,0,0,1,0,0,0,0,0
31.0,0,1,1327.0,3.0,4.0,1.0,337.0,2.0,1,73.0,3.0,3.0,3.0,0,13523.0,0,0,12.0,1.0,80.0,9.0,3.0,2.302585092994046,1.0986122886681096,1.0986122886681096,1.0986122886681096,9.523397750759193,0.6931471805599453,1.7320508075688772,1.7320508075688772,1.4142135623730951,0,1,0,0,0,0,1,0,0,0,0,0,0,0,1,0,0,0
33.0,0,2,832.0,5.0,4.0,1.0,338.0,3.0,0,63.0,2.0,1.0,4.0,1,14776.0,0,0,13.0,3.0,80.0,2.0,2.0,0.6931471805599453,1.0986122886681096,1.0986122886681096,1.0986122886681096,7.976595409316577,0.6931471805599453,1.4142135623730951,1.7320508075688772,0.0,0,1,0,0,1,0,0,0,0,0,0,0,0,0,0,1,0,0
34.0,0,2,470.0,2.0,4.0,1.0,339.0,4.0,1,84.0,2.0,2.0,1.0,1,23687.0,0,0,13.0,2.0,80.0,13.0,3.0,1.9459101490553132,2.302585092994046,2.302585092994046,2.4849066497880004,8.692490133273228,0.6931471805599453,1.7320508075688772,1.7320508075688772,2.23606797749979,0,1,0,0,1,0,0,0,0,0,0,0,0,1,0,0,0,0
37.0,0,2,1017.0,1.0,2.0,1.0,340.0,3.0,0,83.0,2.0,1.0,1.0,1,18697.0,0,0,14.0,1.0,80.0,17.0,2.0,1.0986122886681096,0.6931471805599453,1.0986122886681096,1.3862943611198906,8.27410200229233,0.6931471805599453,1.4142135623730951,1.7320508075688772,0.0,0,1,0,0,0,0,1,0,0,0,0,0,0,0,0,1,0,0
45.0,0,1,1199.0,7.0,4.0,1.0,341.0,1.0,1,77.0,4.0,2.0,3.0,1,5118.0,0,0,17.0,4.0,80.0,9.0,3.0,1.6094379124341003,1.0986122886681096,1.0986122886681096,1.3862943611198906,8.769507120030227,0.6931471805599453,1.0,1.7320508075688772,0.0,0,1,0,0,1,0,0,0,0,0,0,0,0,1,0,0,0,0
37.0,1,1,504.0,10.0,3.0,1.0,342.0,1.0,1,61.0,3.0,3.0,3.0,0,22573.0,0,0,11.0,2.0,80.0,17.0,3.0,1.9459101490553132,0.0,0.0,0.6931471805599453,9.21522840604896,1.0986122886681096,2.23606797749979,1.7320508075688772,0.0,0,1,0,0,0,0,1,0,0,0,0,0,0,1,0,0,0,0
39.0,0,1,505.0,2.0,4.0,1.0,343.0,3.0,0,64.0,3.0,3.0,3.0,2,6420.0,0,0,25.0,4.0,80.0,20.0,3.0,0.0,1.9459101490553132,2.1972245773362196,2.995732273553991,9.30008966411979,0.0,1.0,2.0,3.3166247903554,0,1,0,0,0,0,0,0,1,1,0,0,0,0,0,0,0,0
29.0,0,2,665.0,15.0,3.0,1.0,346.0,3.0,1,60.0,3.0,1.0,4.0,2,22673.0,0,0,19.0,1.0,80.0,6.0,3.0,0.6931471805599453,1.791759469228055,1.791759469228055,1.9459101490553132,7.75833346749091,0.0,1.0,1.7320508075688772,1.0,0,1,0,0,1,0,0,0,0,0,0,0,0,0,0,1,0,0
42.0,0,2,916.0,17.0,2.0,1.0,347.0,4.0,0,82.0,4.0,2.0,1.0,2,23016.0,0,1,13.0,3.0,80.0,10.0,3.0,1.3862943611198906,1.0986122886681096,1.0986122886681096,1.3862943611198906,8.786609455061125,0.0,1.0,1.7320508075688772,0.0,0,1,0,0,1,0,0,0,0,0,0,0,0,0,0,1,0,0
29.0,0,2,1247.0,20.0,2.0,1.0,349.0,4.0,1,45.0,3.0,2.0,4.0,0,10732.0,0,0,14.0,4.0,80.0,10.0,3.0,1.0986122886681096,1.0986122886681096,1.0986122886681096,1.3862943611198906,8.843903650835497,0.6931471805599453,1.4142135623730951,1.7320508075688772,0.0,0,0,1,0,0,1,0,0,0,0,0,0,0,0,0,0,1,0
25.0,0,2,685.0,1.0,3.0,1.0,350.0,1.0,0,62.0,3.0,2.0,3.0,1,7505.0,0,0,12.0,4.0,80.0,5.0,3.0,0.0,1.0986122886681096,1.0986122886681096,1.6094379124341003,8.496786381638575,1.0986122886681096,1.7320508075688772,1.7320508075688772,1.0,0,1,0,0,1,0,0,0,0,0,0,0,0,1,0,0,0,0
42.0,0,2,269.0,2.0,3.0,1.0,351.0,4.0,0,56.0,2.0,1.0,1.0,0,8007.0,0,1,11.0,3.0,80.0,10.0,3.0,0.0,1.9459101490553132,2.1972245773362196,2.302585092994046,7.860956364876389,0.6931471805599453,2.0,1.7320508075688772,2.6457513110645907,0,1,0,0,0,0,1,0,0,0,0,1,0,0,0,0,0,0
40.0,0,2,1416.0,2.0,2.0,1.0,352.0,1.0,1,49.0,3.0,5.0,3.0,0,5949.0,0,0,19.0,4.0,80.0,22.0,3.0,0.0,2.0794415416798357,2.302585092994046,3.091042453358316,9.874933745118067,0.6931471805599453,2.23606797749979,1.7320508075688772,1.7320508075688772,0,1,0,0,0,0,1,0,0,0,0,0,0,0,1,0,0,0
51.0,0,2,833.0,1.0,3.0,1.0,353.0,3.0,1,96.0,3.0,1.0,4.0,1,23231.0,0,0,11.0,2.0,80.0,1.0,2.0,0.6931471805599453,0.0,0.0,0.6931471805599453,7.909856667269403,0.0,0.0,1.7320508075688772,0.0,0,1,0,0,1,0,0,0,0,0,0,0,0,0,0,1,0,0
31.0,1,1,307.0,29.0,2.0,1.0,355.0,3.0,1,71.0,2.0,1.0,2.0,2,11652.0,0,0,11.0,2.0,80.0,6.0,4.0,0.0,1.6094379124341003,1.6094379124341003,1.791759469228055,8.15478757276852,0.0,1.4142135623730951,1.7320508075688772,1.0,0,1,0,0,0,0,1,0,0,0,0,1,0,0,0,0,0,0
32.0,0,1,1311.0,7.0,3.0,1.0,359.0,2.0,1,100.0,4.0,1.0,2.0,1,26062.0,0,0,20.0,3.0,80.0,5.0,1.0,0.6931471805599453,0.6931471805599453,1.3862943611198906,1.791759469228055,7.9355873855892,0.0,1.7320508075688772,2.0,0.0,0,1,0,0,1,0,0,0,0,0,0,1,0,0,0,0,0,0
38.0,0,0,1327.0,2.0,2.0,1.0,361.0,4.0,1,39.0,2.0,2.0,4.0,1,19682.0,0,0,18.0,4.0,80.0,13.0,3.0,1.3862943611198906,2.0794415416798357,1.791759469228055,2.1972245773362196,8.565983355585669,0.6931471805599453,0.0,1.7320508075688772,2.6457513110645907,0,0,1,0,1,0,0,0,0,0,0,0,0,0,0,0,1,0
32.0,0,2,128.0,2.0,1.0,1.0,362.0,4.0,1,84.0,2.0,2.0,1.0,2,19737.0,0,0,13.0,4.0,80.0,9.0,3.0,1.6094379124341003,1.0986122886681096,1.6094379124341003,1.9459101490553132,7.685703061234547,0.0,2.23606797749979,1.7320508075688772,0.0,0,1,0,0,0,0,0,0,1,0,0,1,0,0,0,0,0,0
46.0,0,2,488.0,2.0,3.0,1.0,363.0,3.0,0,75.0,1.0,4.0,2.0,1,14977.0,0,1,12.0,2.0,80.0,28.0,2.0,1.3862943611198906,2.0794415416798357,2.0794415416798357,2.0794415416798357,9.733469990198337,0.6931471805599453,1.4142135623730951,1.7320508075688772,2.6457513110645907,0,0,1,0,0,0,0,0,1,0,0,0,1,0,0,0,0,0
28.0,1,2,529.0,2.0,4.0,1.0,364.0,1.0,1,79.0,3.0,1.0,3.0,2,14935.0,0,0,11.0,3.0,80.0,5.0,1.0,1.0986122886681096,0.0,0.0,0.0,8.156510226079966,0.0,2.23606797749979,1.7320508075688772,0.0,0,1,0,0,1,0,0,0,0,0,0,1,0,0,0,0,0,0
29.0,0,2,1210.0,2.0,3.0,1.0,366.0,1.0,1,78.0,2.0,2.0,2.0,1,3687.0,0,0,19.0,2.0,80.0,10.0,3.0,1.0986122886681096,0.0,0.0,0.0,8.801619971147346,1.0986122886681096,1.4142135623730951,1.7320508075688772,0.0,0,0,1,0,0,0,1,0,0,0,0,0,0,0,0,0,1,0
31.0,0,2,1463.0,23.0,3.0,1.0,367.0,2.0,1,64.0,2.0,2.0,4.0,1,14408.0,0,0,21.0,2.0,80.0,10.0,3.0,0.0,0.0,2.1972245773362196,2.302585092994046,8.62748154531036,0.6931471805599453,1.4142135623730951,2.0,2.6457513110645907,0,1,0,0,0,0,1,0,0,1,0,0,0,0,0,0,0,0
25.0,0,0,675.0,5.0,2.0,1.0,369.0,2.0,1,85.0,4.0,2.0,1.0,0,18384.0,0,0,12.0,4.0,80.0,6.0,3.0,0.6931471805599453,1.3862943611198906,1.791759469228055,1.9459101490553132,8.294299608857235,1.0986122886681096,1.4142135623730951,1.7320508075688772,1.0,0,1,0,0,1,0,0,0,0,1,0,0,0,0,0,0,0,0
45.0,0,2,1385.0,20.0,2.0,1.0,372.0,3.0,1,79.0,3.0,4.0,4.0,1,7501.0,0,1,14.0,2.0,80.0,21.0,3.0,0.0,2.0794415416798357,2.3978952727983707,3.044522437723423,9.510222717509283,0.0,1.4142135623730951,1.7320508075688772,2.0,0,1,0,0,0,0,1,0,0,1,0,0,0,0,0,0,0,0
36.0,0,2,1403.0,6.0,3.0,1.0,373.0,4.0,1,47.0,3.0,1.0,4.0,1,20251.0,0,0,11.0,3.0,80.0,16.0,3.0,0.0,2.639057329615259,2.4849066497880004,2.772588722239781,8.074337694089515,0.6931471805599453,2.0,1.7320508075688772,3.1622776601683795,0,1,0,0,1,0,0,0,0,0,0,1,0,0,0,0,0,0
55.0,0,2,452.0,1.0,3.0,1.0,374.0,4.0,1,81.0,3.0,5.0,1.0,2,18938.0,0,1,14.0,3.0,80.0,34.460000000000036,3.0,0.0,2.3978952727983707,2.639057329615259,3.4657359027997265,9.854612384753992,0.0,1.4142135623730951,1.7320508075688772,2.0,0,1,0,0,0,0,1,0,0,0,0,0,1,0,0,0,0,0
47.0,1,0,666.0,29.0,4.0,1.0,376.0,1.0,1,88.0,3.0,3.0,2.0,1,10268.0,0,1,12.0,4.0,80.0,10.0,2.0,0.6931471805599453,2.0794415416798357,2.302585092994046,2.3978952727983707,9.380083146563278,0.6931471805599453,1.4142135623730951,1.7320508075688772,3.0,0,1,0,0,1,0,0,0,0,0,0,0,1,0,0,0,0,0
28.0,0,2,1158.0,9.0,3.0,1.0,377.0,4.0,1,94.0,3.0,1.0,4.0,1,2613.0,0,0,23.0,4.0,80.0,5.0,2.0,0.6931471805599453,1.0986122886681096,1.6094379124341003,1.791759469228055,7.635786861395585,0.6931471805599453,1.7320508075688772,2.0,0.0,0,1,0,0,0,0,1,0,0,0,0,0,0,0,0,1,0,0
37.0,0,2,228.0,6.0,4.0,1.0,378.0,3.0,1,98.0,3.0,2.0,4.0,1,22825.0,0,0,14.0,2.0,80.0,7.0,4.0,1.6094379124341003,1.6094379124341003,0.6931471805599453,1.791759469228055,8.780018887869153,0.6931471805599453,2.23606797749979,1.7320508075688772,0.0,0,0,1,0,0,0,1,0,0,0,0,0,0,0,0,0,1,0
21.0,0,2,996.0,3.0,2.0,1.0,379.0,4.0,1,100.0,2.0,1.0,3.0,2,10531.0,0,0,17.0,1.0,80.0,3.0,4.0,0.6931471805599453,1.0986122886681096,0.0,1.3862943611198906,8.080546965824498,0.0,2.0,1.7320508075688772,1.0,0,1,0,0,0,0,1,0,0,0,0,0,0,0,0,1,0,0
37.0,0,0,728.0,1.0,4.0,1.0,380.0,1.0,0,80.0,3.0,3.0,4.0,0,11677.0,0,1,18.0,1.0,80.0,15.0,3.0,1.0986122886681096,1.0986122886681096,1.0986122886681096,1.791759469228055,9.518119146127086,1.0986122886681096,1.4142135623730951,1.7320508075688772,0.0,0,1,0,0,0,0,1,0,0,0,0,0,0,0,1,0,0,0
35.0,0,2,1315.0,22.0,3.0,1.0,381.0,2.0,0,71.0,4.0,3.0,2.0,0,19100.0,0,0,18.0,2.0,80.0,10.0,2.0,2.0794415416798357,2.0794415416798357,1.0986122886681096,2.0794415416798357,9.392411897514927,0.6931471805599453,2.449489742783178,1.7320508075688772,2.449489742783178,0,1,0,0,1,0,0,0,0,0,0,0,1,0,0,0,0,0
38.0,0,2,322.0,7.0,2.0,1.0,382.0,1.0,0,44.0,4.0,2.0,1.0,0,19191.0,0,1,24.0,3.0,80.0,8.0,3.0,0.6931471805599453,0.0,2.0794415416798357,2.1972245773362196,8.631592731724734,0.6931471805599453,1.7320508075688772,2.0,2.6457513110645907,0,0,1,0,0,0,1,0,0,0,0,0,0,0,0,0,1,0
26.0,0,1,1479.0,1.0,3.0,1.0,384.0,3.0,0,84.0,3.0,2.0,2.0,0,26767.0,0,0,20.0,1.0,80.0,6.0,1.0,0.6931471805599453,1.791759469228055,1.6094379124341003,1.9459101490553132,8.763740720509464,0.6931471805599453,2.449489742783178,2.0,1.0,0,1,0,0,1,0,0,0,0,0,0,0,0,1,0,0,0,0
50.0,0,2,797.0,4.0,1.0,1.0,385.0,1.0,1,96.0,3.0,5.0,2.0,0,15815.0,0,0,14.0,1.0,80.0,28.0,2.0,1.3862943611198906,1.6094379124341003,1.9459101490553132,2.3978952727983707,9.859796863911395,1.0986122886681096,2.0,1.7320508075688772,1.0,0,1,0,0,1,0,0,0,0,0,0,0,0,0,1,0,0,0
53.0,0,2,1070.0,3.0,4.0,1.0,386.0,3.0,1,45.0,3.0,4.0,3.0,1,21016.0,0,1,16.0,4.0,80.0,21.0,2.0,1.3862943611198906,1.3862943611198906,1.3862943611198906,1.791759469228055,9.774801544908083,1.3862943611198906,2.23606797749979,1.7320508075688772,1.0,0,1,0,0,0,0,1,0,0,0,0,0,0,0,1,0,0,0
42.0,0,2,635.0,1.0,1.0,1.0,387.0,2.0,1,99.0,3.0,2.0,3.0,1,24532.0,0,0,25.0,3.0,80.0,20.0,3.0,0.6931471805599453,2.833213344056216,1.9459101490553132,3.044522437723423,8.498621805830801,0.0,1.7320508075688772,2.0,3.3166247903554,0,0,1,0,1,0,0,0,0,0,0,0,0,0,0,0,1,0
29.0,0,1,442.0,2.0,2.0,1.0,388.0,2.0,1,44.0,3.0,2.0,4.0,2,20260.0,0,0,18.0,1.0,80.0,10.0,2.0,0.6931471805599453,2.0794415416798357,2.302585092994046,2.3978952727983707,8.423980809694058,0.0,1.7320508075688772,1.7320508075688772,0.0,0,0,1,0,1,0,0,0,0,0,0,0,0,0,0,0,1,0
55.0,0,2,147.0,20.0,2.0,1.0,389.0,2.0,1,37.0,3.0,2.0,4.0,1,15972.0,0,1,19.0,4.0,80.0,12.0,3.0,1.3862943611198906,2.0794415416798357,2.1972245773362196,2.3978952727983707,8.59711281459211,0.6931471805599453,2.0,1.7320508075688772,0.0,0,1,0,0,0,0,0,0,1,0,0,1,0,0,0,0,0,0
26.0,0,1,496.0,11.0,2.0,1.0,390.0,1.0,1,60.0,3.0,2.0,1.0,1,22722.0,0,1,13.0,3.0,80.0,5.0,3.0,0.6931471805599453,1.3862943611198906,1.3862943611198906,1.791759469228055,8.464214266625351,0.6931471805599453,1.7320508075688772,1.7320508075688772,1.7320508075688772,0,1,0,0,0,0,1,0,0,1,0,0,0,0,0,0,0,0
37.0,0,2,1372.0,1.0,3.0,1.0,391.0,4.0,0,42.0,3.0,1.0,4.0,2,15881.0,0,0,12.0,2.0,80.0,17.0,3.0,0.6931471805599453,2.5649493574615367,2.0794415416798357,2.8903717578961645,7.65728279297819,0.0,1.7320508075688772,1.7320508075688772,2.23606797749979,0,1,0,0,1,0,0,0,0,0,0,0,0,0,0,1,0,0
44.0,1,1,920.0,24.0,3.0,1.0,392.0,4.0,1,43.0,3.0,1.0,3.0,0,19920.0,0,1,22.0,4.0,80.0,19.0,1.0,1.3862943611198906,0.0,0.0,0.6931471805599453,8.058960017769417,0.6931471805599453,0.0,2.0,0.0,0,1,0,0,1,0,0,0,0,0,0,1,0,0,0,0,0,0
38.0,0,2,688.0,23.0,4.0,1.0,393.0,4.0,1,82.0,3.0,2.0,4.0,0,18899.0,0,0,14.0,2.0,80.0,10.0,3.0,2.302585092994046,1.0986122886681096,1.0986122886681096,1.0986122886681096,8.656259239539235,0.6931471805599453,1.4142135623730951,1.7320508075688772,1.0,0,1,0,0,1,0,0,0,0,1,0,0,0,0,0,0,0,0
26.0,1,2,1449.0,16.0,4.0,1.0,394.0,1.0,1,45.0,3.0,1.0,2.0,0,14180.0,0,1,13.0,4.0,80.0,5.0,3.0,1.0986122886681096,1.0986122886681096,1.0986122886681096,1.3862943611198906,7.772331575169614,0.6931471805599453,1.4142135623730951,1.7320508075688772,0.0,0,1,0,0,0,0,1,0,0,0,0,1,0,0,0,0,0,0
28.0,0,2,1117.0,8.0,2.0,1.0,395.0,4.0,0,66.0,3.0,1.0,4.0,2,4488.0,0,0,21.0,4.0,80.0,5.0,3.0,0.6931471805599453,1.3862943611198906,1.0986122886681096,1.791759469228055,8.105005537547246,0.0,1.7320508075688772,2.0,0.0,0,1,0,0,1,0,0,0,0,0,0,0,0,0,0,1,0,0
49.0,0,1,636.0,10.0,4.0,1.0,396.0,3.0,0,35.0,3.0,5.0,1.0,2,25594.0,0,1,11.0,4.0,80.0,22.0,3.0,2.302585092994046,1.0986122886681096,1.0986122886681096,1.3862943611198906,9.834458966125691,0.0,2.0,1.7320508075688772,1.0,0,1,0,0,1,0,0,0,0,0,0,0,0,0,1,0,0,0
36.0,0,2,506.0,3.0,3.0,1.0,397.0,3.0,1,30.0,3.0,2.0,2.0,2,26285.0,0,0,12.0,4.0,80.0,10.0,3.0,1.6094379124341003,0.0,2.0794415416798357,2.1972245773362196,8.408716715080153,0.0,1.4142135623730951,1.7320508075688772,2.6457513110645907,0,1,0,0,0,0,0,0,1,0,0,0,0,0,0,1,0,0
31.0,0,1,444.0,5.0,3.0,1.0,399.0,4.0,0,84.0,3.0,1.0,2.0,0,3909.0,0,0,11.0,3.0,80.0,2.0,2.0,0.6931471805599453,1.0986122886681096,1.0986122886681096,1.0986122886681096,7.933796874815411,0.6931471805599453,2.23606797749979,1.7320508075688772,1.4142135623730951,0,0,1,0,0,1,0,0,0,0,0,0,0,0,0,0,0,1
26.0,1,2,950.0,4.0,4.0,1.0,401.0,4.0,1,48.0,2.0,2.0,4.0,2,8450.0,0,1,12.0,2.0,80.0,8.0,3.0,0.6931471805599453,2.0794415416798357,1.6094379124341003,2.1972245773362196,8.67060073804555,0.0,0.0,1.7320508075688772,2.6457513110645907,0,0,1,0,0,1,0,0,0,0,0,0,0,0,0,0,1,0
37.0,0,1,889.0,9.0,3.0,1.0,403.0,2.0,1,53.0,3.0,1.0,4.0,1,11411.0,0,1,12.0,3.0,80.0,4.0,2.0,0.6931471805599453,1.0986122886681096,1.0986122886681096,1.6094379124341003,7.752335163302292,1.3862943611198906,1.7320508075688772,1.7320508075688772,1.0,0,1,0,0,0,0,1,0,0,0,0,0,0,0,0,1,0,0
42.0,0,1,555.0,26.0,3.0,1.0,404.0,3.0,0,77.0,3.0,4.0,2.0,1,14864.0,0,0,14.0,4.0,80.0,23.0,4.0,1.791759469228055,1.6094379124341003,2.1972245773362196,3.044522437723423,9.512369038134885,0.6931471805599453,1.4142135623730951,1.7320508075688772,2.0,0,0,1,0,0,1,0,0,0,0,0,0,0,0,0,0,1,0
35.0,0,2,1232.0,16.0,3.0,1.0,406.0,3.0,1,96.0,3.0,3.0,2.0,1,5100.0,0,0,15.0,3.0,80.0,12.0,2.0,0.0,2.302585092994046,2.302585092994046,2.4849066497880004,8.989818381366925,1.0986122886681096,1.7320508075688772,1.7320508075688772,2.449489742783178,0,0,1,0,0,1,0,0,0,0,0,0,0,0,0,0,1,0
36.0,0,1,566.0,18.0,4.0,1.0,407.0,3.0,1,81.0,4.0,1.0,4.0,1,7122.0,0,0,18.0,4.0,80.0,4.0,3.0,1.6094379124341003,0.0,0.0,0.6931471805599453,8.213110697596676,1.0986122886681096,1.4142135623730951,1.7320508075688772,0.0,0,1,0,0,1,0,0,0,0,0,0,1,0,0,0,0,0,0
51.0,0,2,1302.0,2.0,3.0,1.0,408.0,4.0,1,84.0,1.0,2.0,2.0,0,16321.0,0,0,18.0,4.0,80.0,13.0,3.0,1.791759469228055,0.6931471805599453,1.0986122886681096,1.6094379124341003,8.609407675404048,0.6931471805599453,1.7320508075688772,1.7320508075688772,1.0,0,1,0,0,0,0,1,0,0,0,0,0,0,1,0,0,0,0
41.0,0,2,334.0,2.0,4.0,1.0,410.0,4.0,1,88.0,3.0,4.0,2.0,2,15896.0,0,0,19.0,2.0,80.0,22.0,3.0,0.6931471805599453,2.3978952727983707,1.6094379124341003,3.1354942159291497,9.681343501555002,0.0,1.4142135623730951,1.7320508075688772,0.0,0,0,1,0,1,0,0,0,0,0,0,0,1,0,0,0,0,0
18.0,0,2,812.0,10.0,3.0,1.0,411.0,4.0,0,69.0,2.0,1.0,3.0,2,9724.0,0,0,12.0,1.0,80.0,1.0,3.0,0.6931471805599453,0.0,0.0,0.0,7.228649665640015,0.0,1.4142135623730951,1.7320508075688772,0.0,0,0,1,0,0,0,1,0,0,0,0,0,0,0,0,0,0,1
28.0,0,2,1476.0,16.0,2.0,1.0,412.0,2.0,1,68.0,4.0,2.0,1.0,2,4824.0,0,0,19.0,3.0,80.0,9.0,3.0,0.0,1.3862943611198906,2.0794415416798357,2.1972245773362196,8.641532465671846,0.0,1.4142135623730951,1.7320508075688772,0.0,0,1,0,0,0,0,1,0,0,1,0,0,0,0,0,0,0,0
31.0,0,2,218.0,7.0,3.0,1.0,416.0,2.0,1,100.0,4.0,2.0,4.0,1,12241.0,0,0,11.0,2.0,80.0,10.0,2.0,1.6094379124341003,2.0794415416798357,2.0794415416798357,2.1972245773362196,8.84361509218395,0.6931471805599453,1.7320508075688772,1.7320508075688772,2.6457513110645907,0,0,1,0,0,0,0,0,1,0,0,0,0,0,0,0,1,0
39.0,0,2,1132.0,1.0,3.0,1.0,417.0,3.0,1,48.0,4.0,3.0,4.0,0,10942.0,0,0,17.0,1.0,80.0,19.0,2.0,0.0,2.3978952727983707,2.0794415416798357,2.9444389791664403,9.170975648453906,1.3862943611198906,2.23606797749979,1.7320508075688772,1.7320508075688772,0,1,0,0,0,0,1,0,0,1,0,0,0,0,0,0,0,0
36.0,0,0,1105.0,24.0,4.0,1.0,419.0,2.0,0,47.0,3.0,2.0,2.0,1,6927.0,0,0,15.0,3.0,80.0,11.0,3.0,2.0794415416798357,2.1972245773362196,2.1972245773362196,2.302585092994046,8.643825842349603,0.6931471805599453,1.7320508075688772,1.7320508075688772,0.0,0,1,0,0,1,0,0,0,0,0,0,1,0,0,0,0,0,0
32.0,0,2,906.0,7.0,3.0,1.0,420.0,4.0,1,91.0,2.0,2.0,3.0,1,16985.0,0,0,14.0,3.0,80.0,13.0,2.0,0.6931471805599453,2.1972245773362196,2.1972245773362196,2.639057329615259,8.609772372709331,0.6931471805599453,1.7320508075688772,1.7320508075688772,2.0,0,0,1,0,1,0,0,0,0,0,0,0,0,0,0,0,1,0
38.0,0,2,849.0,25.0,2.0,1.0,421.0,1.0,0,81.0,2.0,3.0,2.0,1,26707.0,0,0,17.0,3.0,80.0,19.0,3.0,1.3862943611198906,2.1972245773362196,0.6931471805599453,2.3978952727983707,9.397815294010933,0.6931471805599453,1.4142135623730951,1.7320508075688772,0.0,0,1,0,0,1,0,0,0,0,0,0,0,0,0,1,0,0,0
58.0,0,0,390.0,1.0,4.0,1.0,422.0,4.0,1,32.0,1.0,2.0,3.0,0,17056.0,0,1,13.0,4.0,80.0,12.0,3.0,1.0986122886681096,1.3862943611198906,1.0986122886681096,1.791759469228055,8.64135583403666,0.6931471805599453,1.4142135623730951,1.7320508075688772,1.0,0,1,0,0,1,0,0,0,0,1,0,0,0,0,0,0,0,0
31.0,0,2,691.0,5.0,4.0,1.0,423.0,3.0,1,86.0,3.0,1.0,4.0,1,10077.0,0,1,12.0,3.0,80.0,6.0,3.0,0.0,1.0986122886681096,1.3862943611198906,1.791759469228055,8.480944058741116,0.6931471805599453,2.0,1.7320508075688772,0.0,0,1,0,0,0,0,0,0,1,0,0,0,0,0,0,1,0,0
31.0,0,2,106.0,2.0,3.0,1.0,424.0,1.0,1,62.0,2.0,2.0,1.0,1,17822.0,0,0,12.0,4.0,80.0,9.0,3.0,1.3862943611198906,1.0986122886681096,0.0,1.0986122886681096,8.765770543987257,0.0,1.0,1.7320508075688772,1.0,1,0,0,1,0,0,0,0,0,0,1,0,0,0,0,0,0,0
45.0,0,1,1249.0,7.0,3.0,1.0,425.0,1.0,1,97.0,3.0,3.0,1.0,0,20308.0,0,0,18.0,1.0,80.0,24.0,3.0,0.6931471805599453,2.302585092994046,2.4849066497880004,3.2188758248682006,8.558527054909215,0.6931471805599453,1.4142135623730951,1.7320508075688772,3.0,0,1,0,0,1,0,0,0,0,0,0,1,0,0,0,0,0,0
31.0,0,2,192.0,2.0,4.0,1.0,426.0,3.0,1,32.0,3.0,1.0,4.0,0,7747.0,0,1,18.0,2.0,80.0,3.0,1.0,0.0,1.0986122886681096,1.0986122886681096,1.0986122886681096,7.899524472032198,0.6931471805599453,1.4142135623730951,1.7320508075688772,1.4142135623730951,0,1,0,0,1,0,0,0,0,0,0,0,0,0,0,1,0,0
33.0,0,1,553.0,5.0,4.0,1.0,428.0,4.0,0,74.0,3.0,3.0,2.0,1,23364.0,0,0,11.0,2.0,80.0,12.0,3.0,1.9459101490553132,1.9459101490553132,2.1972245773362196,2.3978952727983707,9.38252741428954,1.0986122886681096,1.4142135623730951,1.7320508075688772,2.8284271247461903,0,1,0,0,1,0,0,0,0,0,0,0,1,0,0,0,0,0
39.0,0,2,117.0,10.0,1.0,1.0,429.0,3.0,1,99.0,3.0,4.0,1.0,1,5355.0,0,1,14.0,4.0,80.0,21.0,3.0,0.6931471805599453,2.302585092994046,2.3978952727983707,3.091042453358316,9.745019231764333,0.0,1.7320508075688772,1.7320508075688772,3.3166247903554,0,1,0,0,0,0,1,0,0,0,0,0,1,0,0,0,0,0
43.0,0,1,185.0,10.0,4.0,1.0,430.0,3.0,0,33.0,3.0,1.0,4.0,2,10675.0,0,0,19.0,1.0,80.0,9.0,3.0,0.0,2.0794415416798357,2.0794415416798357,2.1972245773362196,7.806289289267033,0.0,2.23606797749979,1.7320508075688772,1.0,0,1,0,0,1,0,0,0,0,0,0,1,0,0,0,0,0,0
49.0,0,2,1091.0,1.0,2.0,1.0,431.0,3.0,0,90.0,2.0,4.0,3.0,2,17810.0,0,1,12.0,4.0,80.0,25.0,3.0,2.0794415416798357,0.6931471805599453,2.0794415416798357,2.0794415416798357,9.544309478379278,0.0,1.4142135623730951,1.7320508075688772,0.0,0,1,0,0,0,0,0,0,1,1,0,0,0,0,0,0,0,0
52.0,1,2,723.0,8.0,4.0,1.0,433.0,3.0,1,85.0,2.0,2.0,2.0,1,17747.0,0,0,15.0,1.0,80.0,11.0,2.0,1.0986122886681096,1.0986122886681096,2.0794415416798357,2.1972245773362196,8.505525386548555,0.0,1.7320508075688772,1.7320508075688772,2.6457513110645907,0,1,0,0,0,0,1,0,0,0,0,0,0,0,0,1,0,0
27.0,0,2,1220.0,5.0,3.0,1.0,434.0,3.0,0,85.0,3.0,1.0,2.0,2,20938.0,0,1,12.0,2.0,80.0,4.0,2.0,0.6931471805599453,1.3862943611198906,1.0986122886681096,1.6094379124341003,7.8156105320351905,0.0,1.4142135623730951,1.7320508075688772,1.0,0,1,0,0,1,0,0,0,0,0,0,0,0,0,0,1,0,0
32.0,0,2,588.0,8.0,2.0,1.0,436.0,3.0,0,65.0,2.0,2.0,2.0,1,24624.0,0,1,11.0,4.0,80.0,13.0,3.0,0.6931471805599453,2.5649493574615367,2.302585092994046,2.639057329615259,8.56197533418813,0.0,1.4142135623730951,1.7320508075688772,3.3166247903554,0,0,1,0,0,0,0,0,1,0,0,0,0,0,0,0,1,0
27.0,0,2,1377.0,2.0,3.0,1.0,437.0,4.0,1,74.0,3.0,2.0,3.0,2,5242.0,0,1,11.0,1.0,80.0,5.0,3.0,0.6931471805599453,1.6094379124341003,1.6094379124341003,1.791759469228055,8.4071550862073,0.0,1.7320508075688772,1.7320508075688772,0.0,0,0,1,0,1,0,0,0,0,0,0,0,0,0,0,0,1,0
31.0,0,2,691.0,7.0,3.0,1.0,438.0,4.0,1,73.0,3.0,2.0,4.0,0,7143.0,0,0,12.0,4.0,80.0,13.0,3.0,1.6094379124341003,2.0794415416798357,2.0794415416798357,2.0794415416798357,8.92903790648844,1.3862943611198906,1.7320508075688772,1.7320508075688772,1.0,0,0,1,0,0,1,0,0,0,0,0,0,0,0,0,0,1,0
32.0,0,2,1018.0,2.0,4.0,1.0,439.0,1.0,0,74.0,4.0,2.0,4.0,2,10557.0,0,0,16.0,3.0,80.0,10.0,2.0,2.0794415416798357,2.0794415416798357,2.0794415416798357,2.0794415416798357,8.528330935826693,0.0,0.0,1.7320508075688772,0.0,0,1,0,0,0,0,1,0,0,0,0,0,0,0,0,1,0,0
28.0,1,2,1157.0,2.0,4.0,1.0,440.0,1.0,1,84.0,1.0,1.0,4.0,1,24737.0,0,1,13.0,4.0,80.0,5.0,2.0,1.791759469228055,1.0986122886681096,1.0986122886681096,1.3862943611198906,8.150467911624004,0.0,2.0,1.7320508075688772,1.4142135623730951,0,1,0,0,0,0,1,0,0,0,0,0,0,0,0,1,0,0
30.0,0,2,1275.0,28.0,2.0,1.0,441.0,4.0,0,64.0,3.0,2.0,4.0,1,11934.0,0,0,13.0,4.0,80.0,11.0,3.0,0.6931471805599453,2.1972245773362196,2.302585092994046,2.3978952727983707,8.661466680572662,1.0986122886681096,1.4142135623730951,1.7320508075688772,1.0,0,1,0,0,0,0,1,0,0,0,0,0,0,0,0,1,0,0
31.0,0,1,798.0,7.0,2.0,1.0,442.0,3.0,0,48.0,2.0,3.0,3.0,1,14034.0,0,0,24.0,1.0,80.0,10.0,3.0,0.6931471805599453,2.302585092994046,2.302585092994046,2.3978952727983707,9.09873819539488,0.6931471805599453,1.4142135623730951,2.0,2.8284271247461903,0,1,0,0,1,0,0,0,0,0,0,0,0,1,0,0,0,0
39.0,0,1,672.0,7.0,2.0,1.0,444.0,3.0,1,54.0,2.0,5.0,4.0,1,21141.0,0,0,15.0,1.0,80.0,21.0,3.0,0.6931471805599453,2.302585092994046,1.3862943611198906,3.091042453358316,9.866460431699052,0.6931471805599453,1.4142135623730951,1.7320508075688772,3.605551275463989,0,1,0,0,0,0,1,0,0,0,0,0,1,0,0,0,0,0
39.0,1,2,1162.0,3.0,2.0,1.0,445.0,4.0,0,41.0,3.0,2.0,3.0,1,17778.0,0,1,18.0,1.0,80.0,12.0,2.0,1.6094379124341003,0.0,0.0,0.6931471805599453,8.56388591940822,0.0,1.7320508075688772,1.7320508075688772,0.0,0,0,1,0,0,0,1,0,0,0,0,0,0,0,0,0,1,0
33.0,0,1,508.0,10.0,3.0,1.0,446.0,2.0,1,46.0,2.0,2.0,4.0,2,4317.0,0,0,14.0,3.0,80.0,9.0,2.0,1.3862943611198906,2.0794415416798357,0.6931471805599453,2.0794415416798357,8.451694209183541,0.0,2.449489742783178,1.7320508075688772,0.0,0,0,1,0,0,1,0,0,0,0,0,0,0,0,0,0,1,0
47.0,0,2,1482.0,5.0,5.0,1.0,447.0,4.0,1,42.0,3.0,5.0,3.0,1,16375.0,0,0,11.0,2.0,80.0,21.0,3.0,1.6094379124341003,1.0986122886681096,0.6931471805599453,1.3862943611198906,9.814710982145282,0.6931471805599453,1.4142135623730951,1.7320508075688772,1.0,0,1,0,0,1,0,0,0,0,0,0,0,0,0,1,0,0,0
43.0,0,1,559.0,10.0,4.0,1.0,448.0,3.0,0,82.0,2.0,2.0,3.0,0,6227.0,0,0,11.0,2.0,80.0,9.0,4.0,0.6931471805599453,2.0794415416798357,0.0,2.302585092994046,8.567506005289827,0.6931471805599453,1.7320508075688772,1.7320508075688772,0.0,0,1,0,0,1,0,0,0,0,0,0,1,0,0,0,0,0,0
27.0,0,0,210.0,1.0,1.0,1.0,449.0,3.0,1,73.0,3.0,2.0,2.0,1,22107.0,0,1,13.0,4.0,80.0,6.0,3.0,0.0,1.6094379124341003,1.6094379124341003,1.791759469228055,8.756210091886738,0.6931471805599453,0.0,1.7320508075688772,1.0,0,0,1,0,0,1,0,0,0,0,0,0,0,0,0,0,1,0
54.0,0,1,928.0,20.0,4.0,1.0,450.0,4.0,0,31.0,3.0,2.0,3.0,2,16885.0,0,0,12.0,4.0,80.0,20.0,2.0,1.3862943611198906,1.3862943611198906,1.3862943611198906,1.6094379124341003,8.490849216076635,0.0,2.0,1.7320508075688772,0.0,0,1,0,0,1,0,0,0,0,0,0,0,0,0,0,1,0,0
43.0,0,2,1001.0,7.0,3.0,1.0,451.0,3.0,0,43.0,3.0,3.0,1.0,1,9262.0,0,0,16.0,1.0,80.0,10.0,2.0,2.1972245773362196,0.0,0.0,0.6931471805599453,9.208939391060554,0.6931471805599453,1.0,1.7320508075688772,0.0,0,1,0,0,1,0,0,0,0,1,0,0,0,0,0,0,0,0
45.0,0,2,549.0,8.0,4.0,1.0,452.0,4.0,1,75.0,3.0,2.0,4.0,1,9278.0,0,0,14.0,1.0,80.0,12.0,3.0,2.302585092994046,2.302585092994046,2.1972245773362196,2.3978952727983707,8.21554741194707,1.0986122886681096,1.7320508075688772,1.7320508075688772,3.0,0,1,0,0,0,0,0,1,0,0,0,0,0,0,0,1,0,0
40.0,0,2,1124.0,1.0,2.0,1.0,453.0,2.0,1,57.0,1.0,2.0,4.0,1,13273.0,0,1,22.0,3.0,80.0,6.0,2.0,1.0986122886681096,1.3862943611198906,1.0986122886681096,1.6094379124341003,8.917042560738766,1.3862943611198906,1.4142135623730951,2.0,0.0,0,0,1,0,0,0,1,0,0,0,0,0,0,0,0,0,1,0
29.0,1,2,318.0,8.0,4.0,1.0,454.0,2.0,1,77.0,1.0,1.0,1.0,1,4759.0,0,1,11.0,4.0,80.0,7.0,2.0,0.6931471805599453,2.0794415416798357,2.0794415416798357,2.0794415416798357,7.659171367666058,0.0,2.0,1.7320508075688772,0.0,0,1,0,0,0,0,0,1,0,0,0,1,0,0,0,0,0,0
29.0,0,2,738.0,9.0,5.0,1.0,455.0,2.0,1,30.0,2.0,1.0,4.0,2,7621.0,0,0,17.0,3.0,80.0,4.0,3.0,0.0,1.0986122886681096,1.0986122886681096,1.3862943611198906,8.290041618704489,0.0,1.4142135623730951,1.7320508075688772,1.4142135623730951,0,1,0,0,0,0,0,1,0,0,0,1,0,0,0,0,0,0
30.0,0,2,570.0,5.0,3.0,1.0,456.0,4.0,0,30.0,2.0,2.0,3.0,0,5431.0,0,0,13.0,3.0,80.0,10.0,3.0,0.6931471805599453,2.302585092994046,1.0986122886681096,2.3978952727983707,8.71915396346254,1.3862943611198906,1.4142135623730951,1.7320508075688772,1.0,0,0,1,0,0,1,0,0,0,0,0,0,0,0,0,0,1,0
27.0,0,2,1130.0,8.0,4.0,1.0,458.0,2.0,0,56.0,3.0,2.0,2.0,1,3415.0,0,0,18.0,1.0,80.0,8.0,3.0,0.6931471805599453,2.0794415416798357,2.0794415416798357,2.1972245773362196,8.734721003944811,0.6931471805599453,1.7320508075688772,1.7320508075688772,0.0,0,0,1,0,0,1,0,0,0,0,0,0,0,0,0,0,1,0
37.0,0,2,1192.0,5.0,2.0,1.0,460.0,4.0,1,61.0,3.0,2.0,4.0,0,23177.0,0,0,16.0,3.0,80.0,8.0,2.0,2.0794415416798357,1.0986122886681096,1.6094379124341003,1.9459101490553132,8.7558950816463,1.0986122886681096,1.4142135623730951,1.7320508075688772,0.0,0,1,0,0,0,0,1,0,0,0,0,0,0,1,0,0,0,0
38.0,0,2,343.0,15.0,2.0,1.0,461.0,3.0,1,92.0,2.0,3.0,4.0,0,15682.0,0,1,14.0,2.0,80.0,12.0,3.0,0.0,2.3978952727983707,2.302585092994046,2.4849066497880004,9.351058378915063,0.6931471805599453,1.7320508075688772,1.7320508075688772,1.4142135623730951,0,1,0,0,1,0,0,0,0,0,0,0,0,0,1,0,0,0
31.0,0,2,1232.0,7.0,4.0,1.0,462.0,3.0,0,39.0,3.0,3.0,4.0,2,25713.0,0,1,14.0,3.0,80.0,11.0,2.0,0.6931471805599453,2.302585092994046,2.3978952727983707,2.4849066497880004,8.874028122556336,0.0,1.4142135623730951,1.7320508075688772,2.0,0,1,0,0,0,0,1,0,0,0,0,0,0,1,0,0,0,0
29.0,0,2,144.0,10.0,1.0,1.0,463.0,4.0,0,39.0,2.0,2.0,2.0,0,11866.0,0,1,14.0,1.0,80.0,7.0,3.0,0.6931471805599453,2.0794415416798357,2.0794415416798357,2.0794415416798357,9.020268861722167,1.0986122886681096,1.4142135623730951,1.7320508075688772,1.0,0,0,1,0,0,1,0,0,0,0,0,0,0,0,0,0,1,0
35.0,0,2,1296.0,5.0,4.0,1.0,464.0,3.0,1,62.0,3.0,3.0,2.0,2,18264.0,0,0,13.0,4.0,80.0,17.0,3.0,0.0,1.9459101490553132,2.639057329615259,2.833213344056216,8.999125391527247,0.0,2.23606797749979,1.7320508075688772,0.0,0,1,0,0,0,0,0,0,1,0,0,0,0,1,0,0,0,0
23.0,0,2,1309.0,26.0,1.0,1.0,465.0,3.0,1,83.0,3.0,1.0,4.0,0,16092.0,0,0,12.0,3.0,80.0,4.0,2.0,0.6931471805599453,1.0986122886681096,1.0986122886681096,1.6094379124341003,7.974188669286011,1.0986122886681096,1.4142135623730951,1.7320508075688772,0.0,0,1,0,0,1,0,0,0,0,0,0,0,0,0,0,1,0,0
41.0,0,2,483.0,6.0,3.0,1.0,466.0,4.0,1,95.0,2.0,2.0,2.0,2,10110.0,0,1,15.0,4.0,80.0,8.0,3.0,1.9459101490553132,1.6094379124341003,1.0986122886681096,1.791759469228055,8.704999678440762,0.0,1.7320508075688772,1.7320508075688772,1.0,0,1,0,0,0,0,1,0,0,0,0,0,0,1,0,0,0,0
47.0,0,1,1309.0,4.0,1.0,1.0,467.0,2.0,1,99.0,3.0,2.0,3.0,2,25751.0,0,0,19.0,1.0,80.0,5.0,3.0,1.3862943611198906,0.0,0.0,0.0,7.998671361015776,0.0,1.7320508075688772,1.7320508075688772,0.0,0,0,1,0,0,0,1,0,0,0,0,0,0,0,0,0,0,1
42.0,0,2,810.0,23.0,5.0,1.0,468.0,1.0,0,44.0,3.0,4.0,4.0,2,15901.0,0,0,14.0,2.0,80.0,16.0,3.0,1.0986122886681096,0.0,0.0,0.6931471805599453,9.67990640549087,0.0,1.4142135623730951,1.7320508075688772,0.0,0,1,0,0,1,0,0,0,0,0,0,0,0,0,1,0,0,0
29.0,0,0,746.0,2.0,3.0,1.0,469.0,4.0,1,61.0,3.0,2.0,3.0,1,16928.0,0,0,14.0,1.0,80.0,4.0,2.0,0.6931471805599453,1.3862943611198906,1.0986122886681096,1.6094379124341003,8.444622498581403,0.6931471805599453,1.7320508075688772,1.7320508075688772,0.0,0,0,1,0,1,0,0,0,0,0,0,0,0,0,0,0,1,0
42.0,0,2,544.0,2.0,1.0,1.0,470.0,3.0,1,52.0,3.0,1.0,3.0,0,24017.0,0,1,11.0,3.0,80.0,4.0,3.0,0.0,1.0986122886681096,0.0,1.3862943611198906,7.89989532313973,0.6931471805599453,2.23606797749979,1.7320508075688772,1.0,1,0,0,0,0,0,0,0,1,0,1,0,0,0,0,0,0,0
32.0,0,2,1062.0,2.0,3.0,1.0,471.0,3.0,0,75.0,3.0,1.0,2.0,1,3956.0,0,0,13.0,3.0,80.0,8.0,3.0,0.6931471805599453,0.0,2.0794415416798357,2.1972245773362196,7.771067086065406,0.6931471805599453,2.0,1.7320508075688772,0.0,0,1,0,0,0,0,1,0,0,0,0,1,0,0,0,0,0,0
48.0,0,2,530.0,29.0,1.0,1.0,473.0,1.0,0,91.0,3.0,3.0,3.0,1,23978.0,0,0,21.0,2.0,80.0,15.0,1.0,1.3862943611198906,0.0,0.0,0.0,9.433883843311719,0.6931471805599453,1.7320508075688772,2.0,0.0,0,0,1,0,0,0,1,0,0,0,0,0,1,0,0,0,0,0
37.0,0,2,1319.0,6.0,3.0,1.0,474.0,3.0,1,51.0,4.0,2.0,1.0,0,17001.0,0,1,13.0,1.0,80.0,13.0,3.0,1.6094379124341003,2.0794415416798357,2.0794415416798357,2.0794415416798357,8.695339376799712,1.0986122886681096,1.4142135623730951,1.7320508075688772,2.449489742783178,0,1,0,0,0,0,1,0,0,0,0,0,0,0,0,1,0,0
30.0,0,0,641.0,25.0,2.0,1.0,475.0,4.0,0,85.0,3.0,2.0,3.0,1,6069.0,0,1,12.0,2.0,80.0,4.0,4.0,2.0794415416798357,1.0986122886681096,1.0986122886681096,1.0986122886681096,8.463159302923751,0.6931471805599453,1.4142135623730951,1.7320508075688772,1.4142135623730951,0,0,1,0,0,0,0,0,1,0,0,0,0,0,0,0,1,0
26.0,0,2,933.0,1.0,3.0,1.0,476.0,3.0,1,57.0,3.0,2.0,3.0,1,20156.0,0,0,17.0,2.0,80.0,8.0,3.0,0.6931471805599453,2.0794415416798357,2.0794415416798357,2.1972245773362196,8.574895901544526,0.6931471805599453,1.7320508075688772,1.7320508075688772,2.6457513110645907,0,0,1,0,1,0,0,0,0,0,0,0,0,0,0,0,1,0
42.0,0,2,1332.0,2.0,4.0,1.0,477.0,1.0,1,98.0,2.0,2.0,4.0,2,17078.0,0,0,23.0,2.0,80.0,14.0,3.0,1.3862943611198906,0.0,0.0,0.6931471805599453,8.822027322685583,0.0,2.449489742783178,2.0,0.0,0,1,0,0,0,0,0,1,0,1,0,0,0,0,0,0,0,0
21.0,1,1,756.0,1.0,1.0,1.0,478.0,1.0,0,99.0,2.0,1.0,2.0,2,9150.0,0,1,11.0,3.0,80.0,3.0,3.0,0.6931471805599453,1.0986122886681096,1.0986122886681096,1.3862943611198906,7.684783943522785,0.0,1.7320508075688772,1.7320508075688772,1.0,0,0,1,0,0,0,0,0,1,0,0,0,0,0,0,0,0,1
36.0,0,0,845.0,1.0,5.0,1.0,479.0,4.0,0,45.0,3.0,2.0,4.0,2,15276.0,0,0,15.0,2.0,80.0,7.0,3.0,1.6094379124341003,0.0,0.0,0.6931471805599453,8.802973456578423,0.0,2.449489742783178,1.7320508075688772,0.0,0,0,1,0,0,0,1,0,0,0,0,0,0,0,0,0,1,0
36.0,0,1,541.0,3.0,4.0,1.0,481.0,1.0,1,48.0,2.0,3.0,4.0,1,7246.0,0,0,11.0,1.0,80.0,16.0,3.0,1.6094379124341003,2.302585092994046,2.5649493574615367,2.639057329615259,9.179881164491475,0.6931471805599453,1.4142135623730951,1.7320508075688772,1.0,0,0,1,0,0,0,1,0,0,0,0,0,0,0,0,0,1,0
57.0,0,2,593.0,1.0,4.0,1.0,482.0,4.0,1,88.0,3.0,2.0,3.0,1,2967.0,0,0,11.0,3.0,80.0,15.0,3.0,1.0986122886681096,1.0986122886681096,1.0986122886681096,1.3862943611198906,8.81818627792769,0.0,1.4142135623730951,1.7320508075688772,1.0,0,1,0,0,0,0,1,0,0,1,0,0,0,0,0,0,0,0
40.0,0,2,1171.0,10.0,4.0,1.0,483.0,4.0,0,46.0,4.0,1.0,3.0,1,22495.0,0,1,13.0,3.0,80.0,10.0,3.0,1.3862943611198906,2.0794415416798357,2.0794415416798357,2.0794415416798357,7.7025561132685825,0.6931471805599453,1.7320508075688772,1.7320508075688772,1.0,0,1,0,0,1,0,0,0,0,0,0,1,0,0,0,0,0,0
21.0,0,0,895.0,9.0,2.0,1.0,484.0,1.0,1,39.0,3.0,1.0,4.0,2,2851.0,0,0,24.0,3.0,80.0,3.0,2.0,0.6931471805599453,1.0986122886681096,1.0986122886681096,1.3862943611198906,7.8674885686991285,0.0,1.7320508075688772,2.0,1.4142135623730951,0,0,1,0,0,0,1,0,0,0,0,0,0,0,0,0,0,1
33.0,1,2,350.0,5.0,3.0,1.0,485.0,4.0,0,34.0,3.0,1.0,3.0,2,9150.0,0,1,13.0,2.0,80.0,1.0,3.0,0.6931471805599453,0.0,0.0,0.6931471805599453,7.955775781534187,0.0,1.4142135623730951,1.7320508075688772,0.0,0,0,1,0,0,1,0,0,0,0,0,0,0,0,0,0,0,1
37.0,0,2,921.0,10.0,3.0,1.0,486.0,3.0,0,98.0,3.0,1.0,1.0,1,17663.0,0,0,20.0,2.0,80.0,17.0,3.0,1.9459101490553132,1.6094379124341003,1.3862943611198906,1.791759469228055,8.146998697389993,0.6931471805599453,1.7320508075688772,2.0,0.0,0,1,0,0,0,0,1,0,0,0,0,1,0,0,0,0,0,0
46.0,0,0,1144.0,7.0,4.0,1.0,487.0,3.0,0,30.0,3.0,2.0,3.0,1,16044.0,0,0,14.0,3.0,80.0,7.0,4.0,1.0986122886681096,0.0,0.0,0.6931471805599453,8.567696173589344,0.0,1.4142135623730951,1.7320508075688772,0.0,0,1,0,0,0,0,1,0,0,0,0,0,0,1,0,0,0,0
41.0,1,1,143.0,4.0,3.0,1.0,488.0,1.0,1,56.0,3.0,2.0,2.0,2,9558.0,0,0,18.0,3.0,80.0,8.0,3.0,0.6931471805599453,2.0794415416798357,2.0794415416798357,2.1972245773362196,9.143773127704069,0.0,2.23606797749979,1.7320508075688772,2.6457513110645907,0,0,1,0,0,1,0,0,0,0,0,0,0,0,0,0,1,0
50.0,0,2,1046.0,10.0,3.0,1.0,491.0,4.0,1,100.0,2.0,3.0,4.0,2,2755.0,0,0,15.0,4.0,80.0,20.0,3.0,1.9459101490553132,1.3862943611198906,1.3862943611198906,1.6094379124341003,9.258844781035798,0.0,1.4142135623730951,1.7320508075688772,1.0,0,1,0,0,0,0,0,0,1,1,0,0,0,0,0,0,0,0
40.0,1,2,575.0,22.0,2.0,1.0,492.0,3.0,1,68.0,2.0,2.0,3.0,1,6110.0,0,1,12.0,1.0,80.0,8.0,3.0,1.0986122886681096,1.6094379124341003,0.0,1.9459101490553132,8.761080103868347,1.0986122886681096,2.449489742783178,1.7320508075688772,1.0,0,0,1,0,0,1,0,0,0,0,0,0,0,0,0,0,1,0
31.0,0,2,408.0,9.0,4.0,1.0,493.0,3.0,1,42.0,2.0,1.0,2.0,2,7551.0,0,1,16.0,4.0,80.0,3.0,3.0,0.0,1.0986122886681096,1.0986122886681096,1.0986122886681096,7.88532923927319,0.0,2.23606797749979,1.7320508075688772,1.4142135623730951,0,1,0,0,1,0,0,0,0,0,0,0,0,0,0,1,0,0
21.0,1,2,156.0,12.0,3.0,1.0,494.0,3.0,0,90.0,4.0,1.0,2.0,2,25422.0,0,0,15.0,4.0,80.0,1.0,3.0,0.6931471805599453,0.0,0.0,0.6931471805599453,7.907283609426348,0.0,0.0,1.7320508075688772,0.0,0,0,1,0,1,0,0,0,0,0,0,0,0,0,0,0,0,1
29.0,0,2,1283.0,23.0,3.0,1.0,495.0,4.0,1,54.0,3.0,1.0,4.0,2,18168.0,0,0,16.0,4.0,80.0,6.0,3.0,2.302585092994046,1.0986122886681096,1.0986122886681096,1.3862943611198906,7.697121317282625,0.0,2.0,1.7320508075688772,1.0,0,1,0,0,1,0,0,0,0,0,0,0,0,0,0,1,0,0
35.0,0,2,755.0,9.0,4.0,1.0,496.0,3.0,1,97.0,2.0,2.0,2.0,2,19394.0,0,0,19.0,3.0,80.0,10.0,3.0,2.302585092994046,0.6931471805599453,0.0,0.6931471805599453,8.785845337961213,0.0,2.23606797749979,1.7320508075688772,0.0,0,1,0,0,1,0,0,0,0,1,0,0,0,0,0,0,0,0
27.0,0,2,1469.0,1.0,2.0,1.0,497.0,4.0,1,82.0,3.0,1.0,2.0,0,17881.0,0,0,11.0,2.0,80.0,5.0,3.0,0.6931471805599453,1.0986122886681096,1.6094379124341003,1.791759469228055,8.247220052745229,0.6931471805599453,1.4142135623730951,1.7320508075688772,0.0,0,1,0,0,0,0,1,0,0,0,0,1,0,0,0,0,0,0
28.0,0,2,304.0,9.0,4.0,1.0,498.0,2.0,1,92.0,3.0,2.0,4.0,2,20750.0,0,0,16.0,4.0,80.0,7.0,3.0,0.6931471805599453,1.791759469228055,2.0794415416798357,2.0794415416798357,8.566744970245486,0.0,1.0,1.7320508075688772,0.0,0,0,1,0,1,0,0,0,0,0,0,0,0,0,0,0,1,0
49.0,0,2,1261.0,7.0,3.0,1.0,499.0,2.0,1,31.0,2.0,3.0,3.0,2,12066.0,0,0,24.0,3.0,80.0,26.0,3.0,2.1972245773362196,1.0986122886681096,0.0,1.791759469228055,9.302554855963994,0.0,1.4142135623730951,2.0,0.0,0,1,0,0,0,0,0,1,0,1,0,0,0,0,0,0,0,0
51.0,0,2,1178.0,14.0,2.0,1.0,500.0,3.0,0,87.0,3.0,2.0,4.0,1,14862.0,0,0,11.0,3.0,80.0,18.0,2.0,1.6094379124341003,2.0794415416798357,2.0794415416798357,2.0794415416798357,8.504513138258863,0.6931471805599453,1.4142135623730951,1.7320508075688772,0.0,0,0,1,0,1,0,0,0,0,0,0,0,0,0,0,0,1,0
36.0,0,2,329.0,2.0,3.0,1.0,501.0,4.0,0,96.0,3.0,1.0,3.0,1,11868.0,0,0,13.0,2.0,80.0,6.0,3.0,1.6094379124341003,1.0986122886681096,1.0986122886681096,1.0986122886681096,7.841492924460013,0.6931471805599453,1.7320508075688772,1.7320508075688772,1.4142135623730951,0,1,0,0,1,0,0,0,0,0,0,0,0,0,0,1,0,0
34.0,1,0,1362.0,19.0,3.0,1.0,502.0,1.0,1,67.0,4.0,2.0,4.0,2,4652.0,0,1,13.0,2.0,80.0,9.0,2.0,2.1972245773362196,1.0986122886681096,1.6094379124341003,1.791759469228055,8.576405051048084,0.0,1.7320508075688772,1.7320508075688772,0.0,0,0,1,0,0,1,0,0,0,0,0,0,0,0,0,0,1,0
55.0,0,2,1311.0,2.0,3.0,1.0,505.0,3.0,0,97.0,3.0,4.0,4.0,2,23258.0,0,1,13.0,3.0,80.0,30.0,3.0,1.0986122886681096,1.6094379124341003,1.0986122886681096,1.791759469228055,9.720765915720834,0.0,1.4142135623730951,1.7320508075688772,1.0,0,1,0,0,1,0,0,0,0,0,0,0,1,0,0,0,0,0
24.0,0,2,1371.0,10.0,4.0,1.0,507.0,4.0,0,77.0,3.0,2.0,3.0,0,5915.0,0,1,12.0,4.0,80.0,5.0,4.0,0.6931471805599453,1.0986122886681096,1.3862943611198906,1.791759469228055,8.357259153499912,0.6931471805599453,1.4142135623730951,1.7320508075688772,0.0,0,0,1,0,0,1,0,0,0,0,0,0,0,0,0,0,1,0
30.0,0,2,202.0,2.0,1.0,1.0,508.0,3.0,1,72.0,3.0,1.0,2.0,1,17434.0,0,0,18.0,1.0,80.0,1.0,3.0,0.6931471805599453,0.0,0.0,0.6931471805599453,7.814803429489359,0.6931471805599453,1.7320508075688772,1.7320508075688772,0.0,0,0,1,0,0,0,0,0,1,0,0,0,0,0,0,0,0,1
26.0,1,1,575.0,3.0,1.0,1.0,510.0,3.0,1,73.0,3.0,1.0,1.0,2,6582.0,0,0,22.0,3.0,80.0,7.0,3.0,0.0,1.6094379124341003,1.6094379124341003,1.9459101490553132,8.04012466444838,0.0,1.4142135623730951,2.0,0.0,0,1,0,0,0,0,0,0,1,0,0,0,0,0,0,1,0,0
22.0,0,2,253.0,11.0,3.0,1.0,511.0,1.0,0,43.0,3.0,1.0,2.0,1,24440.0,0,0,13.0,4.0,80.0,2.0,3.0,0.6931471805599453,0.6931471805599453,1.0986122886681096,1.0986122886681096,7.716460800176355,0.6931471805599453,1.0,1.7320508075688772,1.0,0,1,0,0,0,0,1,0,0,0,0,0,0,0,0,1,0,0
36.0,0,2,164.0,2.0,2.0,1.0,513.0,2.0,1,61.0,2.0,3.0,3.0,1,3809.0,0,0,13.0,2.0,80.0,10.0,3.0,0.6931471805599453,2.302585092994046,0.0,2.3978952727983707,8.935508711503221,1.0986122886681096,1.4142135623730951,1.7320508075688772,3.0,0,0,1,0,0,0,1,0,0,0,0,0,0,0,0,0,1,0
30.0,1,1,464.0,4.0,3.0,1.0,514.0,3.0,1,40.0,3.0,1.0,4.0,2,3427.0,0,1,23.0,3.0,80.0,3.0,3.0,2.302585092994046,0.0,0.0,0.6931471805599453,7.734558844354756,0.0,2.0,2.0,0.0,0,1,0,0,0,0,0,0,1,0,0,0,0,0,0,1,0,0
37.0,0,2,1107.0,14.0,3.0,1.0,515.0,4.0,0,95.0,3.0,1.0,1.0,0,26914.0,0,0,12.0,3.0,80.0,18.0,2.0,0.6931471805599453,2.0794415416798357,2.8903717578961645,2.9444389791664403,8.017966703493599,0.6931471805599453,1.4142135623730951,1.7320508075688772,3.4641016151377544,0,1,0,0,1,0,0,0,0,0,0,1,0,0,0,0,0,0
40.0,0,2,759.0,2.0,2.0,1.0,516.0,4.0,0,46.0,3.0,2.0,2.0,0,22553.0,0,0,12.0,3.0,80.0,8.0,3.0,2.0794415416798357,1.6094379124341003,1.3862943611198906,1.791759469228055,8.651024539049757,1.0986122886681096,2.23606797749979,1.7320508075688772,1.0,0,0,1,0,0,1,0,0,0,0,0,0,0,0,0,0,1,0
42.0,0,2,201.0,1.0,4.0,1.0,517.0,2.0,0,95.0,3.0,1.0,1.0,0,20490.0,0,0,16.0,2.0,80.0,8.0,3.0,1.3862943611198906,1.0986122886681096,1.0986122886681096,1.791759469228055,7.854381210652365,0.6931471805599453,2.23606797749979,1.7320508075688772,1.0,0,1,0,0,1,0,0,0,0,0,0,1,0,0,0,0,0,0
37.0,0,2,1305.0,10.0,4.0,1.0,518.0,3.0,1,49.0,3.0,2.0,2.0,2,21123.0,0,1,12.0,4.0,80.0,18.0,2.0,1.0986122886681096,0.0,0.6931471805599453,0.6931471805599453,8.342363500380579,0.0,1.4142135623730951,1.7320508075688772,0.0,0,1,0,0,1,0,0,0,0,0,0,0,0,1,0,0,0,0
43.0,0,2,982.0,12.0,3.0,1.0,520.0,1.0,1,59.0,2.0,4.0,2.0,0,4345.0,0,0,11.0,3.0,80.0,25.0,3.0,0.6931471805599453,2.3978952727983707,2.302585092994046,3.258096538021482,9.570598887246268,0.6931471805599453,1.7320508075688772,1.7320508075688772,1.7320508075688772,0,1,0,0,1,0,0,0,0,0,0,0,0,0,1,0,0,0
40.0,0,2,555.0,2.0,3.0,1.0,521.0,2.0,0,78.0,2.0,2.0,3.0,1,13436.0,0,0,22.0,2.0,80.0,20.0,3.0,1.9459101490553132,0.0,0.0,0.6931471805599453,8.145839612936841,0.6931471805599453,1.7320508075688772,2.0,0.0,0,1,0,0,0,0,1,0,0,0,0,1,0,0,0,0,0,0
54.0,0,2,821.0,5.0,2.0,1.0,522.0,1.0,1,86.0,3.0,5.0,1.0,1,8509.0,0,0,11.0,3.0,80.0,24.0,2.0,1.6094379124341003,1.0986122886681096,1.0986122886681096,1.6094379124341003,9.873389104712095,0.6931471805599453,2.0,1.7320508075688772,1.0,0,1,0,0,0,0,1,0,0,0,0,0,0,0,1,0,0,0
34.0,0,0,1381.0,4.0,4.0,1.0,523.0,3.0,0,72.0,3.0,2.0,3.0,1,12740.0,0,0,15.0,1.0,80.0,6.0,3.0,2.302585092994046,1.0986122886681096,1.0986122886681096,1.3862943611198906,8.785539527561276,0.6931471805599453,1.7320508075688772,1.7320508075688772,1.0,0,0,1,0,0,1,0,0,0,0,0,0,0,0,0,0,1,0
31.0,0,2,480.0,7.0,2.0,1.0,524.0,2.0,0,31.0,3.0,2.0,1.0,1,4156.0,0,0,12.0,2.0,80.0,13.0,1.0,0.6931471805599453,2.3978952727983707,2.5649493574615367,2.639057329615259,8.36799688505411,0.6931471805599453,2.23606797749979,1.7320508075688772,1.7320508075688772,0,1,0,0,0,0,1,0,0,0,0,0,0,1,0,0,0,0
43.0,0,1,313.0,21.0,3.0,1.0,525.0,4.0,1,61.0,3.0,1.0,4.0,1,15238.0,0,0,20.0,1.0,80.0,8.0,3.0,2.0794415416798357,1.0986122886681096,1.0986122886681096,1.3862943611198906,7.7226775164680035,0.6931471805599453,1.0,2.0,1.0,0,1,0,0,0,0,1,0,0,0,0,1,0,0,0,0,0,0
43.0,0,2,1473.0,8.0,4.0,1.0,526.0,3.0,0,74.0,3.0,2.0,3.0,0,2227.0,0,1,14.0,4.0,80.0,8.0,3.0,1.6094379124341003,1.0986122886681096,1.0986122886681096,1.791759469228055,8.416930769477844,0.0,1.7320508075688772,1.7320508075688772,0.0,0,1,0,0,0,0,0,1,0,1,0,0,0,0,0,0,0,0
25.0,0,2,891.0,4.0,2.0,1.0,527.0,2.0,0,99.0,2.0,2.0,4.0,2,12090.0,0,1,11.0,2.0,80.0,5.0,3.0,0.6931471805599453,1.6094379124341003,1.3862943611198906,1.791759469228055,8.409162447202533,0.0,1.7320508075688772,1.7320508075688772,1.0,0,0,1,0,1,0,0,0,0,0,0,0,0,0,0,0,1,0
37.0,0,0,1063.0,25.0,5.0,1.0,529.0,2.0,0,72.0,3.0,2.0,3.0,1,23866.0,0,1,15.0,1.0,80.0,15.0,3.0,1.3862943611198906,2.4849066497880004,2.0794415416798357,2.639057329615259,8.400659375160286,1.0986122886681096,1.4142135623730951,1.7320508075688772,3.1622776601683795,0,1,0,0,0,0,1,0,0,0,0,0,0,0,0,1,0,0
31.0,0,2,329.0,1.0,2.0,1.0,530.0,4.0,1,98.0,2.0,1.0,1.0,1,16193.0,0,0,12.0,3.0,80.0,4.0,3.0,0.6931471805599453,1.0986122886681096,1.0986122886681096,1.6094379124341003,7.704811922932594,0.6931471805599453,1.7320508075688772,1.7320508075688772,1.7320508075688772,0,1,0,0,1,0,0,0,0,0,0,1,0,0,0,0,0,0
39.0,0,1,1218.0,1.0,1.0,1.0,531.0,2.0,1,52.0,3.0,5.0,3.0,0,8213.0,0,1,14.0,3.0,80.0,21.0,3.0,0.6931471805599453,2.1972245773362196,1.9459101490553132,3.091042453358316,9.862561385923483,0.6931471805599453,1.7320508075688772,1.7320508075688772,1.0,0,1,0,0,1,0,0,0,0,0,0,0,1,0,0,0,0,0
56.0,0,1,906.0,6.0,3.0,1.0,532.0,3.0,0,86.0,4.0,4.0,1.0,1,18256.0,0,0,11.0,4.0,80.0,34.460000000000036,2.0,2.302585092994046,2.0794415416798357,2.0794415416798357,2.0794415416798357,9.488956472414216,1.3862943611198906,0.0,1.7320508075688772,2.6457513110645907,0,0,1,0,1,0,0,0,0,0,0,0,0,0,0,0,1,0
30.0,0,2,1082.0,12.0,3.0,1.0,533.0,2.0,0,83.0,3.0,2.0,3.0,2,19558.0,0,0,11.0,2.0,80.0,6.0,3.0,0.0,1.6094379124341003,1.6094379124341003,1.791759469228055,8.791486026749002,0.0,2.449489742783178,1.7320508075688772,2.0,0,0,1,0,0,0,0,0,1,0,0,0,0,0,0,0,1,0
41.0,0,2,645.0,1.0,3.0,1.0,534.0,2.0,1,49.0,4.0,3.0,1.0,1,19566.0,0,0,16.0,3.0,80.0,10.0,3.0,0.6931471805599453,2.0794415416798357,2.0794415416798357,2.3978952727983707,9.035153304082828,0.6931471805599453,1.4142135623730951,1.7320508075688772,0.0,0,0,1,0,0,1,0,0,0,0,0,0,0,0,0,0,1,0
28.0,0,2,1300.0,17.0,2.0,1.0,536.0,3.0,1,79.0,3.0,2.0,1.0,0,13535.0,0,0,12.0,4.0,80.0,10.0,3.0,0.6931471805599453,0.0,2.1972245773362196,2.3978952727983707,8.424858580213442,0.6931471805599453,1.4142135623730951,1.7320508075688772,1.0,0,1,0,0,0,0,1,0,0,0,0,1,0,0,0,0,0,0
25.0,1,2,688.0,3.0,3.0,1.0,538.0,1.0,1,91.0,3.0,1.0,1.0,1,9396.0,0,0,13.0,3.0,80.0,6.0,3.0,1.791759469228055,1.0986122886681096,1.0986122886681096,1.0986122886681096,8.302017809751204,0.6931471805599453,2.23606797749979,1.7320508075688772,0.0,0,1,0,0,0,0,1,0,0,0,0,1,0,0,0,0,0,0
52.0,0,2,319.0,3.0,3.0,1.0,543.0,4.0,1,39.0,2.0,3.0,3.0,1,19609.0,0,1,14.0,3.0,80.0,28.0,3.0,1.0986122886681096,1.6094379124341003,1.6094379124341003,1.791759469228055,8.98343977178426,0.0,2.0,1.7320508075688772,0.0,0,1,0,0,0,0,1,0,0,0,0,0,0,1,0,0,0,0
45.0,0,2,192.0,10.0,2.0,1.0,544.0,1.0,1,69.0,3.0,1.0,4.0,1,9655.0,0,0,21.0,4.0,80.0,8.0,2.0,1.3862943611198906,1.0986122886681096,1.0986122886681096,1.0986122886681096,7.884199933676039,1.0986122886681096,1.7320508075688772,2.0,0.0,0,1,0,0,1,0,0,0,0,0,0,0,0,0,0,1,0,0
52.0,0,2,1490.0,4.0,2.0,1.0,546.0,4.0,0,30.0,3.0,4.0,4.0,1,10310.0,0,0,13.0,4.0,80.0,31.0,1.0,1.0986122886681096,1.0986122886681096,1.6094379124341003,1.791759469228055,9.714503852868623,0.0,1.4142135623730951,1.7320508075688772,1.0,0,1,0,0,1,0,0,0,0,0,0,0,1,0,0,0,0,0
42.0,0,1,532.0,29.0,2.0,1.0,547.0,1.0,0,92.0,3.0,2.0,3.0,0,12932.0,0,0,11.0,2.0,80.0,19.0,3.0,1.0986122886681096,1.6094379124341003,1.0986122886681096,1.791759469228055,8.424419791263883,0.6931471805599453,1.7320508075688772,1.7320508075688772,0.0,0,1,0,0,1,0,0,0,0,0,0,0,0,0,0,1,0,0
30.0,0,2,317.0,2.0,3.0,1.0,548.0,3.0,0,43.0,1.0,2.0,4.0,2,24793.0,0,0,20.0,3.0,80.0,11.0,3.0,1.0986122886681096,1.6094379124341003,1.0986122886681096,1.791759469228055,8.714731714015052,0.0,1.4142135623730951,2.0,0.0,0,1,0,0,1,0,0,0,0,0,0,0,0,1,0,0,0,0
60.0,0,2,422.0,7.0,3.0,1.0,549.0,1.0,0,41.0,3.0,5.0,1.0,1,3854.0,0,0,11.0,4.0,80.0,33.0,1.0,1.791759469228055,2.1972245773362196,2.3978952727983707,3.4011973816621555,9.881599752778099,0.0,2.23606797749979,1.7320508075688772,3.3166247903554,0,1,0,0,1,0,0,0,0,0,0,0,1,0,0,0,0,0
46.0,0,2,1485.0,18.0,3.0,1.0,550.0,3.0,0,87.0,3.0,2.0,3.0,0,26314.0,0,0,14.0,3.0,80.0,19.0,2.0,1.0986122886681096,2.0794415416798357,2.1972245773362196,2.3978952727983707,8.478660241699453,0.6931471805599453,2.23606797749979,1.7320508075688772,0.0,0,1,0,0,0,0,1,0,0,0,0,0,0,1,0,0,0,0
42.0,0,1,1368.0,28.0,4.0,1.0,551.0,4.0,0,88.0,2.0,2.0,4.0,1,4386.0,0,0,11.0,4.0,80.0,7.0,4.0,0.0,1.791759469228055,1.6094379124341003,1.9459101490553132,8.41715183723601,1.3862943611198906,2.0,1.7320508075688772,0.0,0,1,0,0,0,0,0,0,1,1,0,0,0,0,0,0,0,0
24.0,1,2,1448.0,1.0,1.0,1.0,554.0,1.0,0,62.0,3.0,1.0,2.0,2,21972.0,0,1,16.0,2.0,80.0,6.0,3.0,0.6931471805599453,1.3862943611198906,1.6094379124341003,1.791759469228055,8.071843149609158,0.0,2.0,1.7320508075688772,1.0,0,0,1,0,0,0,0,0,1,0,0,0,0,0,0,0,0,1
34.0,1,1,296.0,6.0,2.0,1.0,555.0,4.0,0,33.0,1.0,1.0,3.0,0,12253.0,0,0,16.0,4.0,80.0,3.0,2.0,0.0,1.0986122886681096,0.0,1.0986122886681096,7.763021309018518,0.6931471805599453,1.7320508075688772,1.7320508075688772,1.0,0,0,1,0,0,1,0,0,0,0,0,0,0,0,0,0,0,1
38.0,0,1,1490.0,2.0,2.0,1.0,556.0,4.0,1,42.0,3.0,1.0,4.0,1,12106.0,0,1,23.0,3.0,80.0,1.0,3.0,0.6931471805599453,0.0,0.0,0.6931471805599453,7.440146680662688,0.6931471805599453,1.7320508075688772,2.0,0.0,0,1,0,0,1,0,0,0,0,0,0,1,0,0,0,0,0,0
40.0,0,2,1398.0,2.0,4.0,1.0,558.0,3.0,0,79.0,3.0,5.0,3.0,1,13022.0,0,0,14.0,4.0,80.0,21.0,3.0,0.0,2.772588722239781,2.5649493574615367,3.044522437723423,9.800457652216584,0.0,1.4142135623730951,1.7320508075688772,1.0,0,0,1,0,1,0,0,0,0,0,0,0,1,0,0,0,0,0
26.0,0,2,1349.0,23.0,3.0,1.0,560.0,1.0,0,90.0,3.0,1.0,4.0,0,3032.0,0,0,22.0,2.0,80.0,3.0,1.0,0.6931471805599453,1.0986122886681096,1.0986122886681096,1.3862943611198906,7.967973179662935,1.0986122886681096,1.7320508075688772,2.0,0.0,0,1,0,0,1,0,0,0,0,0,0,0,0,0,0,1,0,0
30.0,0,0,1400.0,3.0,3.0,1.0,562.0,3.0,1,53.0,3.0,1.0,4.0,1,16734.0,0,0,15.0,3.0,80.0,9.0,1.0,1.6094379124341003,1.3862943611198906,1.6094379124341003,1.791759469228055,7.6487397889562425,0.6931471805599453,1.7320508075688772,1.7320508075688772,1.0,0,1,0,0,1,0,0,0,0,0,0,1,0,0,0,0,0,0
29.0,0,2,986.0,3.0,4.0,1.0,564.0,2.0,1,93.0,2.0,3.0,3.0,1,21526.0,0,0,18.0,3.0,80.0,10.0,3.0,0.6931471805599453,1.0986122886681096,2.0794415416798357,2.3978952727983707,9.387314322443542,0.0,1.4142135623730951,1.7320508075688772,0.0,0,1,0,0,0,0,1,0,0,0,0,0,0,0,1,0,0,0
29.0,1,2,408.0,25.0,5.0,1.0,565.0,3.0,0,71.0,2.0,1.0,2.0,1,18300.0,0,0,16.0,2.0,80.0,6.0,4.0,1.791759469228055,1.0986122886681096,0.6931471805599453,1.0986122886681096,7.842671474979457,0.0,1.4142135623730951,1.7320508075688772,1.0,0,1,0,0,0,0,0,0,1,0,0,0,0,0,0,1,0,0
19.0,1,2,489.0,2.0,2.0,1.0,566.0,1.0,1,52.0,2.0,1.0,4.0,2,18437.0,0,0,12.0,3.0,80.0,1.0,4.0,0.6931471805599453,0.0,0.0,0.6931471805599453,7.84971375760487,0.0,1.7320508075688772,1.7320508075688772,0.0,1,0,0,0,0,0,0,0,1,0,1,0,0,0,0,0,0,0
30.0,0,0,1398.0,22.0,4.0,1.0,567.0,3.0,0,69.0,3.0,3.0,1.0,1,2890.0,0,0,11.0,3.0,80.0,10.0,3.0,0.0,2.1972245773362196,2.1972245773362196,2.302585092994046,9.037533407550814,0.0,1.7320508075688772,1.7320508075688772,2.6457513110645907,0,0,1,0,0,0,0,1,0,0,0,0,0,0,0,0,1,0
57.0,0,2,210.0,29.0,3.0,1.0,568.0,1.0,1,56.0,2.0,4.0,4.0,0,22102.0,0,0,12.0,3.0,80.0,32.0,2.0,1.3862943611198906,0.0,0.0,0.6931471805599453,9.555276687009526,0.6931471805599453,1.7320508075688772,1.7320508075688772,0.0,0,0,1,0,0,1,0,0,0,0,0,0,1,0,0,0,0,0
50.0,0,2,1099.0,29.0,4.0,1.0,569.0,2.0,1,88.0,2.0,4.0,3.0,1,9314.0,0,0,15.0,2.0,80.0,28.0,3.0,0.0,2.3978952727983707,2.0794415416798357,3.332204510175204,9.743729514150925,0.6931471805599453,1.4142135623730951,1.7320508075688772,3.605551275463989,0,1,0,0,1,0,0,0,0,0,0,0,1,0,0,0,0,0
30.0,0,0,1116.0,2.0,3.0,1.0,571.0,3.0,0,49.0,3.0,1.0,4.0,2,7181.0,0,0,14.0,3.0,80.0,12.0,2.0,0.0,2.0794415416798357,2.0794415416798357,2.4849066497880004,7.84971375760487,0.0,1.4142135623730951,1.7320508075688772,2.449489742783178,0,1,0,0,0,0,1,0,0,0,0,1,0,0,0,0,0,0
60.0,0,1,1499.0,28.0,3.0,1.0,573.0,3.0,0,80.0,2.0,3.0,1.0,1,2845.0,0,0,19.0,4.0,80.0,22.0,4.0,1.6094379124341003,2.639057329615259,2.4849066497880004,2.9444389791664403,9.236690147298965,0.0,2.23606797749979,1.7320508075688772,3.605551275463989,0,0,1,0,0,1,0,0,0,0,0,0,0,0,0,0,1,0
47.0,0,2,983.0,2.0,2.0,1.0,574.0,1.0,0,65.0,3.0,2.0,4.0,0,7389.0,0,0,13.0,3.0,80.0,20.0,3.0,1.791759469228055,0.0,1.6094379124341003,1.791759469228055,8.531293315795018,1.3862943611198906,1.4142135623730951,1.7320508075688772,0.0,0,1,0,0,0,0,1,0,0,0,0,0,0,1,0,0,0,0
46.0,0,2,1009.0,2.0,3.0,1.0,575.0,1.0,1,51.0,3.0,4.0,3.0,1,2288.0,0,0,13.0,3.0,80.0,26.0,1.0,1.9459101490553132,1.0986122886681096,0.6931471805599453,1.3862943611198906,9.790430830243832,0.0,1.4142135623730951,1.7320508075688772,0.0,0,1,0,0,1,0,0,0,0,0,0,0,0,0,1,0,0,0
35.0,0,2,144.0,22.0,3.0,1.0,577.0,4.0,1,46.0,1.0,1.0,3.0,2,19225.0,0,0,15.0,3.0,80.0,6.0,3.0,0.0,1.6094379124341003,1.3862943611198906,1.791759469228055,8.350193650720067,0.0,1.4142135623730951,1.7320508075688772,2.0,0,1,0,0,1,0,0,0,0,0,0,1,0,0,0,0,0,0
54.0,0,2,548.0,8.0,4.0,1.0,578.0,3.0,0,42.0,3.0,2.0,3.0,2,23428.0,0,0,11.0,3.0,80.0,19.0,3.0,2.0794415416798357,0.0,0.0,0.6931471805599453,8.237743803890933,0.0,1.7320508075688772,1.7320508075688772,0.0,0,1,0,0,1,0,0,0,0,0,0,1,0,0,0,0,0,0
34.0,0,2,1303.0,2.0,4.0,1.0,579.0,4.0,1,62.0,2.0,1.0,3.0,0,8416.0,0,0,12.0,3.0,80.0,14.0,3.0,1.3862943611198906,1.3862943611198906,2.0794415416798357,2.0794415416798357,7.926241523170962,0.6931471805599453,1.7320508075688772,1.7320508075688772,2.23606797749979,0,1,0,0,1,0,0,0,0,0,0,0,0,0,0,1,0,0
46.0,0,2,1125.0,10.0,3.0,1.0,580.0,3.0,0,94.0,2.0,3.0,4.0,1,11563.0,0,1,19.0,3.0,80.0,15.0,3.0,1.0986122886681096,1.0986122886681096,1.0986122886681096,1.3862943611198906,9.112948025967533,0.6931471805599453,1.7320508075688772,1.7320508075688772,1.0,0,0,1,0,0,1,0,0,0,0,0,0,0,0,0,0,1,0
31.0,0,2,1274.0,9.0,1.0,1.0,581.0,3.0,1,33.0,3.0,3.0,2.0,0,14394.0,0,0,25.0,4.0,80.0,13.0,4.0,0.6931471805599453,2.1972245773362196,2.1972245773362196,2.639057329615259,9.273221270015384,0.6931471805599453,2.449489742783178,2.0,0.0,0,1,0,0,1,0,0,0,0,0,0,0,0,1,0,0,0,0
33.0,1,2,1277.0,15.0,1.0,1.0,582.0,2.0,1,56.0,3.0,3.0,3.0,1,24619.0,0,1,12.0,4.0,80.0,15.0,4.0,2.0794415416798357,1.9459101490553132,2.0794415416798357,2.0794415416798357,9.518633568332074,0.0,1.4142135623730951,1.7320508075688772,2.6457513110645907,0,1,0,0,0,0,1,0,0,0,0,0,1,0,0,0,0,0
33.0,1,2,587.0,10.0,1.0,1.0,584.0,1.0,1,38.0,1.0,1.0,4.0,0,6705.0,0,0,13.0,1.0,80.0,8.0,3.0,2.0794415416798357,1.3862943611198906,1.3862943611198906,1.6094379124341003,8.134174272137903,1.3862943611198906,1.4142135623730951,1.7320508075688772,1.0,0,1,0,0,0,0,1,0,0,0,0,1,0,0,0,0,0,0
30.0,0,2,413.0,7.0,1.0,1.0,585.0,4.0,1,57.0,3.0,1.0,2.0,2,18398.0,0,0,14.0,1.0,80.0,4.0,3.0,0.0,1.0986122886681096,1.0986122886681096,1.3862943611198906,8.001019961323651,0.0,1.7320508075688772,1.7320508075688772,1.0,0,0,1,0,0,1,0,0,0,0,0,0,0,0,0,0,0,1
35.0,0,2,1276.0,16.0,3.0,1.0,586.0,4.0,1,72.0,3.0,3.0,3.0,1,14295.0,0,1,12.0,3.0,80.0,10.0,3.0,1.6094379124341003,2.0794415416798357,0.0,2.1972245773362196,8.94023623179847,0.0,1.4142135623730951,1.7320508075688772,0.0,0,1,0,0,1,0,0,0,0,1,0,0,0,0,0,0,0,0
31.0,1,1,534.0,20.0,3.0,1.0,587.0,1.0,1,66.0,3.0,3.0,3.0,1,22908.0,0,0,12.0,1.0,80.0,12.0,3.0,1.3862943611198906,0.0,0.0,0.6931471805599453,9.192685436737461,0.0,1.4142135623730951,1.7320508075688772,0.0,0,1,0,0,1,0,0,0,0,1,0,0,0,0,0,0,0,0
34.0,1,1,988.0,23.0,3.0,1.0,590.0,2.0,0,43.0,3.0,3.0,1.0,0,11533.0,0,1,15.0,3.0,80.0,11.0,3.0,2.302585092994046,1.0986122886681096,1.0986122886681096,1.3862943611198906,9.205428327615163,1.3862943611198906,1.4142135623730951,1.7320508075688772,0.0,1,0,0,1,0,0,0,0,0,0,1,0,0,0,0,0,0,0
42.0,0,1,1474.0,5.0,2.0,1.0,591.0,2.0,1,97.0,3.0,1.0,3.0,1,9260.0,0,0,17.0,4.0,80.0,8.0,3.0,1.6094379124341003,1.0986122886681096,0.0,1.0986122886681096,7.646831391430482,0.6931471805599453,2.0,1.7320508075688772,1.4142135623730951,0,1,0,0,0,0,0,1,0,0,0,1,0,0,0,0,0,0
36.0,0,0,635.0,10.0,4.0,1.0,592.0,2.0,1,32.0,3.0,3.0,4.0,2,15318.0,0,0,14.0,4.0,80.0,10.0,2.0,0.6931471805599453,1.3862943611198906,2.0794415416798357,2.3978952727983707,9.208438564686587,0.0,1.7320508075688772,1.7320508075688772,3.0,0,0,1,0,0,0,1,0,0,0,0,0,0,0,0,0,1,0
22.0,1,1,1368.0,4.0,1.0,1.0,593.0,3.0,1,99.0,2.0,1.0,3.0,2,9129.0,0,0,16.0,3.0,80.0,4.0,3.0,1.791759469228055,1.0986122886681096,1.0986122886681096,1.0986122886681096,8.267448958304849,0.0,1.7320508075688772,1.7320508075688772,1.0,0,1,0,0,0,0,0,0,1,0,0,1,0,0,0,0,0,0
48.0,0,2,163.0,2.0,5.0,1.0,595.0,2.0,0,37.0,3.0,2.0,4.0,1,19658.0,0,0,14.0,1.0,80.0,14.0,3.0,1.0986122886681096,2.0794415416798357,2.0794415416798357,2.302585092994046,8.306965865368573,0.6931471805599453,1.4142135623730951,1.7320508075688772,2.449489742783178,0,0,1,0,0,1,0,0,0,0,0,0,0,0,0,0,1,0
55.0,0,2,1117.0,18.0,5.0,1.0,597.0,1.0,0,83.0,3.0,4.0,2.0,2,9873.0,0,0,23.0,4.0,80.0,34.460000000000036,3.0,1.3862943611198906,2.302585092994046,2.0794415416798357,2.3978952727983707,9.731274729890462,0.0,1.4142135623730951,2.0,2.6457513110645907,0,0,1,0,1,0,0,0,0,0,0,0,1,0,0,0,0,0
41.0,0,0,267.0,10.0,2.0,1.0,599.0,4.0,1,56.0,3.0,2.0,4.0,2,13430.0,0,0,14.0,4.0,80.0,16.0,3.0,2.0794415416798357,1.3862943611198906,2.3978952727983707,2.70805020110221,8.737292112544221,0.0,1.7320508075688772,1.7320508075688772,1.0,0,0,1,0,1,0,0,0,0,0,0,0,0,0,0,0,1,0
35.0,0,2,619.0,1.0,3.0,1.0,600.0,2.0,1,85.0,3.0,2.0,3.0,1,18659.0,0,0,11.0,3.0,80.0,15.0,3.0,2.302585092994046,2.302585092994046,2.302585092994046,2.4849066497880004,8.45914025996762,0.0,1.4142135623730951,1.7320508075688772,2.449489742783178,0,0,1,0,0,1,0,0,0,0,0,0,0,0,0,0,1,0
40.0,0,2,302.0,6.0,3.0,1.0,601.0,2.0,0,75.0,3.0,4.0,3.0,2,20364.0,0,0,15.0,3.0,80.0,22.0,3.0,2.0794415416798357,1.9459101490553132,2.639057329615259,3.044522437723423,9.490846760678869,0.0,1.7320508075688772,1.7320508075688772,2.23606797749979,0,1,0,0,1,0,0,0,0,0,0,0,0,1,0,0,0,0
39.0,0,1,443.0,8.0,1.0,1.0,602.0,3.0,0,48.0,3.0,1.0,3.0,1,17872.0,0,0,11.0,1.0,80.0,8.0,3.0,0.6931471805599453,1.3862943611198906,2.0794415416798357,2.1972245773362196,8.231109840328154,0.6931471805599453,1.7320508075688772,1.7320508075688772,0.0,0,1,0,0,1,0,0,0,0,0,0,1,0,0,0,0,0,0
31.0,0,2,828.0,2.0,1.0,1.0,604.0,2.0,1,77.0,3.0,2.0,4.0,2,8346.0,0,1,13.0,3.0,80.0,10.0,4.0,1.6094379124341003,1.791759469228055,1.791759469228055,1.9459101490553132,8.792245847467877,0.0,1.4142135623730951,1.7320508075688772,0.0,0,0,1,0,1,0,0,0,0,0,0,0,0,0,0,0,1,0
42.0,0,2,319.0,24.0,3.0,1.0,605.0,4.0,1,56.0,3.0,3.0,1.0,1,6950.0,0,1,21.0,4.0,80.0,10.0,2.0,0.6931471805599453,2.302585092994046,2.1972245773362196,2.3978952727983707,8.91018077801329,0.6931471805599453,2.23606797749979,2.0,2.23606797749979,0,1,0,0,0,0,1,0,0,0,0,0,0,1,0,0,0,0
45.0,0,2,561.0,2.0,3.0,1.0,606.0,4.0,1,61.0,3.0,2.0,2.0,1,16177.0,0,0,19.0,2.0,80.0,9.0,4.0,0.0,2.0794415416798357,2.0794415416798357,2.1972245773362196,8.477620416296414,0.6931471805599453,1.7320508075688772,1.7320508075688772,1.7320508075688772,0,0,1,0,0,0,0,1,0,0,0,0,0,0,0,0,1,0
26.0,1,1,426.0,17.0,4.0,1.0,608.0,2.0,0,58.0,3.0,1.0,3.0,0,22808.0,0,1,11.0,2.0,80.0,8.0,2.0,0.0,2.0794415416798357,0.0,2.0794415416798357,7.91644286012226,0.6931471805599453,1.4142135623730951,1.7320508075688772,1.0,1,0,0,0,1,0,0,0,0,0,1,0,0,0,0,0,0,0
29.0,0,2,232.0,19.0,3.0,1.0,611.0,4.0,1,34.0,3.0,2.0,4.0,0,22645.0,0,0,12.0,2.0,80.0,8.0,4.0,1.6094379124341003,1.0986122886681096,1.0986122886681096,1.3862943611198906,8.35772841676521,1.0986122886681096,1.4142135623730951,1.7320508075688772,1.0,0,1,0,0,0,0,0,0,1,0,0,0,0,1,0,0,0,0
33.0,0,2,922.0,1.0,5.0,1.0,612.0,1.0,0,95.0,4.0,4.0,3.0,0,22578.0,0,0,19.0,3.0,80.0,10.0,3.0,1.6094379124341003,0.6931471805599453,1.791759469228055,1.9459101490553132,9.691840166360345,0.6931471805599453,1.4142135623730951,1.7320508075688772,0.0,0,1,0,0,0,0,1,0,0,0,0,0,0,0,1,0,0,0
31.0,0,2,688.0,7.0,3.0,1.0,613.0,3.0,1,44.0,2.0,3.0,4.0,0,25291.0,0,0,21.0,3.0,80.0,10.0,2.0,2.302585092994046,1.6094379124341003,0.6931471805599453,1.791759469228055,9.355133116877724,0.6931471805599453,1.7320508075688772,2.0,0.0,0,0,1,0,1,0,0,0,0,0,0,0,1,0,0,0,0,0
18.0,1,1,1306.0,5.0,3.0,1.0,614.0,2.0,1,69.0,3.0,1.0,2.0,2,8059.0,0,1,14.0,4.0,80.0,1.0,3.0,0.6931471805599453,0.0,0.0,0.0,7.538494999413465,0.0,1.7320508075688772,1.7320508075688772,0.0,0,0,1,0,0,1,0,0,0,0,0,0,0,0,0,0,0,1
40.0,0,0,1094.0,28.0,3.0,1.0,615.0,3.0,1,58.0,1.0,3.0,1.0,0,11373.0,0,0,15.0,3.0,80.0,20.0,3.0,1.3862943611198906,0.0,0.6931471805599453,0.6931471805599453,9.299541017434485,0.6931471805599453,1.4142135623730951,1.7320508075688772,0.0,0,0,1,0,0,0,0,1,0,0,0,0,0,0,0,0,1,0
41.0,0,0,509.0,2.0,4.0,1.0,616.0,1.0,0,62.0,2.0,2.0,3.0,2,2112.0,0,1,17.0,1.0,80.0,10.0,3.0,1.0986122886681096,2.0794415416798357,2.0794415416798357,2.1972245773362196,8.826441041782578,0.0,1.7320508075688772,1.7320508075688772,0.0,0,1,0,0,0,0,0,1,0,1,0,0,0,0,0,0,0,0
26.0,0,2,775.0,29.0,2.0,1.0,618.0,1.0,1,45.0,3.0,2.0,3.0,0,4267.0,0,0,12.0,1.0,80.0,8.0,3.0,1.791759469228055,0.0,0.0,0.0,8.36799688505411,1.0986122886681096,2.23606797749979,1.7320508075688772,0.0,0,0,1,0,0,0,1,0,0,0,0,0,0,0,0,0,1,0
35.0,0,2,195.0,1.0,3.0,1.0,620.0,1.0,0,80.0,3.0,2.0,3.0,2,6698.0,0,0,16.0,4.0,80.0,5.0,3.0,0.6931471805599453,1.6094379124341003,1.3862943611198906,1.791759469228055,8.48879371689454,0.0,1.7320508075688772,1.7320508075688772,0.0,0,0,1,0,0,0,1,0,0,0,0,0,0,0,0,0,1,0
34.0,0,2,258.0,21.0,4.0,1.0,621.0,4.0,1,74.0,4.0,2.0,4.0,2,19921.0,0,0,12.0,4.0,80.0,10.0,3.0,0.6931471805599453,2.0794415416798357,2.0794415416798357,2.3978952727983707,8.58260632996447,0.0,1.7320508075688772,1.7320508075688772,2.23606797749979,0,0,1,0,1,0,0,0,0,0,0,0,0,0,0,0,1,0
26.0,1,2,471.0,24.0,3.0,1.0,622.0,3.0,1,66.0,1.0,1.0,4.0,2,23213.0,0,1,18.0,2.0,80.0,1.0,1.0,0.6931471805599453,0.0,0.0,0.6931471805599453,7.75833346749091,0.0,1.7320508075688772,1.7320508075688772,0.0,0,1,0,0,0,0,0,0,1,0,0,1,0,0,0,0,0,0
37.0,0,2,799.0,1.0,3.0,1.0,623.0,2.0,0,59.0,3.0,3.0,4.0,2,23848.0,0,0,17.0,4.0,80.0,12.0,4.0,1.6094379124341003,1.791759469228055,1.0986122886681096,1.9459101490553132,8.921591063563978,0.0,1.7320508075688772,1.7320508075688772,1.0,0,1,0,0,0,0,0,0,1,0,0,0,0,1,0,0,0,0
46.0,0,1,1034.0,18.0,1.0,1.0,624.0,1.0,0,86.0,3.0,3.0,3.0,1,8984.0,0,0,11.0,4.0,80.0,28.0,2.0,1.791759469228055,1.0986122886681096,1.0986122886681096,1.0986122886681096,9.261793653565098,0.0,1.7320508075688772,1.7320508075688772,1.0,0,1,0,0,0,0,1,0,0,1,0,0,0,0,0,0,0,0
41.0,0,2,1276.0,2.0,5.0,1.0,625.0,2.0,0,91.0,3.0,4.0,1.0,1,5626.0,0,0,16.0,2.0,80.0,22.0,3.0,2.0794415416798357,2.833213344056216,2.1972245773362196,2.9444389791664403,9.716916981452759,0.6931471805599453,1.4142135623730951,1.7320508075688772,3.3166247903554,0,0,1,0,1,0,0,0,0,0,0,0,1,0,0,0,0,0
37.0,0,0,142.0,9.0,4.0,1.0,626.0,1.0,1,69.0,3.0,3.0,2.0,0,24666.0,0,0,13.0,4.0,80.0,9.0,3.0,0.6931471805599453,1.791759469228055,2.0794415416798357,2.302585092994046,9.086476384753796,0.6931471805599453,2.449489742783178,1.7320508075688772,2.6457513110645907,0,0,1,0,0,0,1,0,0,0,0,0,0,0,0,0,1,0
52.0,0,2,956.0,6.0,2.0,1.0,630.0,4.0,1,78.0,3.0,2.0,1.0,0,22087.0,0,1,12.0,2.0,80.0,18.0,3.0,1.3862943611198906,2.302585092994046,2.302585092994046,2.3978952727983707,8.626585568187433,1.0986122886681096,1.7320508075688772,1.7320508075688772,2.449489742783178,0,1,0,0,0,0,0,0,1,0,0,0,0,0,0,1,0,0
32.0,1,0,1474.0,11.0,4.0,1.0,631.0,4.0,1,60.0,4.0,2.0,3.0,1,23914.0,0,0,12.0,4.0,80.0,6.0,3.0,2.1972245773362196,1.0986122886681096,1.0986122886681096,1.6094379124341003,8.457018468380168,0.0,1.4142135623730951,1.7320508075688772,1.0,0,0,1,0,0,0,0,1,0,0,0,0,0,0,0,0,1,0
24.0,0,1,535.0,24.0,3.0,1.0,632.0,4.0,1,38.0,3.0,1.0,4.0,1,5530.0,0,0,13.0,3.0,80.0,3.0,3.0,0.0,1.0986122886681096,0.6931471805599453,1.0986122886681096,7.783640596221253,1.0986122886681096,1.7320508075688772,1.7320508075688772,1.4142135623730951,0,0,1,0,0,0,1,0,0,0,0,0,0,0,0,0,0,1
38.0,0,2,1495.0,10.0,3.0,1.0,634.0,3.0,0,76.0,3.0,2.0,3.0,1,22174.0,0,0,19.0,3.0,80.0,18.0,3.0,1.3862943611198906,0.0,0.0,0.6931471805599453,9.192685436737461,0.6931471805599453,2.0,1.7320508075688772,0.0,0,1,0,0,0,0,1,0,0,1,0,0,0,0,0,0,0,0
37.0,0,2,446.0,1.0,4.0,1.0,635.0,2.0,0,65.0,3.0,2.0,2.0,1,15701.0,0,0,12.0,2.0,80.0,8.0,2.0,1.9459101490553132,1.791759469228055,1.3862943611198906,1.9459101490553132,8.771525284186465,0.6931471805599453,1.4142135623730951,1.7320508075688772,2.0,0,1,0,0,1,0,0,0,0,0,0,0,0,1,0,0,0,0
49.0,0,2,1245.0,18.0,4.0,1.0,638.0,4.0,1,58.0,2.0,5.0,3.0,0,2125.0,0,1,17.0,3.0,80.0,31.0,3.0,0.6931471805599453,2.302585092994046,2.302585092994046,3.4657359027997265,9.878323578872578,0.6931471805599453,2.23606797749979,1.7320508075688772,0.0,0,1,0,0,1,0,0,0,0,0,0,0,0,0,1,0,0,0
26.0,0,2,703.0,28.0,2.0,1.0,641.0,1.0,1,66.0,3.0,2.0,2.0,1,7428.0,0,0,20.0,4.0,80.0,6.0,4.0,0.6931471805599453,1.3862943611198906,1.6094379124341003,1.791759469228055,8.744009988096742,1.0986122886681096,2.23606797749979,2.0,1.0,0,0,1,0,0,1,0,0,0,0,0,0,0,0,0,0,1,0
24.0,0,2,823.0,17.0,2.0,1.0,643.0,4.0,1,94.0,2.0,1.0,2.0,1,9100.0,0,0,21.0,4.0,80.0,1.0,3.0,0.6931471805599453,0.0,0.0,0.6931471805599453,7.662937850461535,0.6931471805599453,1.4142135623730951,2.0,0.0,0,1,0,0,0,0,0,1,0,0,0,1,0,0,0,0,0,0
50.0,0,1,1246.0,3.0,3.0,1.0,644.0,1.0,1,99.0,3.0,5.0,2.0,1,7999.0,0,0,11.0,3.0,80.0,32.0,3.0,0.6931471805599453,1.791759469228055,2.0794415416798357,3.4657359027997265,9.809231816610408,0.6931471805599453,1.4142135623730951,1.7320508075688772,3.1622776601683795,1,0,0,0,0,0,1,0,0,0,0,0,1,0,0,0,0,0
25.0,0,2,622.0,13.0,1.0,1.0,645.0,2.0,1,40.0,3.0,1.0,3.0,1,26376.0,0,0,11.0,3.0,80.0,7.0,3.0,0.6931471805599453,1.6094379124341003,1.9459101490553132,2.0794415416798357,7.64826303090192,0.0,1.0,1.7320508075688772,0.0,0,0,1,0,0,0,1,0,0,0,0,0,0,0,0,0,0,1
24.0,1,1,1287.0,7.0,3.0,1.0,647.0,1.0,0,55.0,3.0,1.0,3.0,1,14168.0,0,1,16.0,4.0,80.0,6.0,3.0,0.6931471805599453,1.3862943611198906,1.0986122886681096,1.9459101490553132,7.967973179662935,0.6931471805599453,2.0,1.7320508075688772,1.0,0,1,0,0,1,0,0,0,0,0,0,1,0,0,0,0,0,0
30.0,1,1,448.0,12.0,4.0,1.0,648.0,2.0,1,74.0,2.0,1.0,1.0,1,14470.0,0,0,18.0,3.0,80.0,1.0,4.0,0.6931471805599453,0.0,0.0,0.6931471805599453,7.617759576608505,0.6931471805599453,1.4142135623730951,1.7320508075688772,0.0,0,0,1,0,1,0,0,0,0,0,0,0,0,0,0,0,0,1
34.0,0,2,254.0,1.0,2.0,1.0,649.0,2.0,1,83.0,2.0,1.0,4.0,1,22794.0,0,1,13.0,4.0,80.0,6.0,3.0,0.6931471805599453,1.791759469228055,1.3862943611198906,1.9459101490553132,8.195057690895077,0.6931471805599453,1.7320508075688772,1.7320508075688772,1.0,0,1,0,0,1,0,0,0,0,0,0,0,0,0,0,1,0,0
31.0,1,2,1365.0,13.0,4.0,1.0,650.0,2.0,1,46.0,3.0,2.0,1.0,0,11512.0,0,0,17.0,3.0,80.0,9.0,1.0,1.0986122886681096,0.6931471805599453,1.0986122886681096,1.3862943611198906,8.350902451694811,0.0,1.4142135623730951,1.7320508075688772,1.0,0,0,1,0,0,0,1,0,0,0,0,0,0,0,0,0,1,0
35.0,0,2,538.0,25.0,2.0,1.0,652.0,1.0,1,54.0,2.0,2.0,4.0,2,14004.0,0,0,14.0,4.0,80.0,9.0,3.0,1.6094379124341003,1.0986122886681096,1.0986122886681096,1.3862943611198906,8.211211361793023,0.0,1.7320508075688772,1.7320508075688772,0.0,0,1,0,0,0,0,0,1,0,0,0,1,0,0,0,0,0,0
31.0,0,2,525.0,6.0,4.0,1.0,653.0,1.0,1,66.0,4.0,2.0,4.0,0,6219.0,0,0,22.0,4.0,80.0,13.0,4.0,1.6094379124341003,2.0794415416798357,2.0794415416798357,2.0794415416798357,8.605387202152153,1.0986122886681096,2.0,2.0,2.23606797749979,0,0,1,0,0,0,1,0,0,0,0,0,0,0,0,0,1,0
27.0,0,2,798.0,6.0,4.0,1.0,655.0,1.0,0,66.0,2.0,1.0,3.0,0,5013.0,0,0,12.0,3.0,80.0,6.0,2.0,0.0,1.3862943611198906,1.3862943611198906,1.791759469228055,7.690743163541872,1.0986122886681096,2.23606797749979,1.7320508075688772,0.0,0,1,0,0,0,0,1,0,0,0,0,0,0,0,0,1,0,0
37.0,0,2,558.0,2.0,3.0,1.0,656.0,4.0,1,75.0,3.0,2.0,3.0,1,3010.0,0,1,11.0,3.0,80.0,17.0,2.0,1.6094379124341003,0.0,0.0,1.3862943611198906,9.169830828637973,0.6931471805599453,1.7320508075688772,1.7320508075688772,1.0,0,0,1,0,0,1,0,0,0,0,0,0,0,0,0,0,1,0
20.0,0,2,959.0,1.0,3.0,1.0,657.0,4.0,0,83.0,2.0,1.0,2.0,2,11757.0,0,0,13.0,4.0,80.0,1.0,4.0,0.6931471805599453,0.0,0.0,0.6931471805599453,7.950502434808851,0.0,0.0,1.7320508075688772,0.0,0,1,0,0,1,0,0,0,0,0,0,0,0,0,0,1,0,0
42.0,0,2,622.0,2.0,4.0,1.0,659.0,3.0,0,81.0,3.0,2.0,4.0,1,5718.0,0,0,13.0,2.0,80.0,10.0,3.0,0.6931471805599453,1.0986122886681096,1.0986122886681096,2.3978952727983707,8.316300249036848,1.0986122886681096,2.0,1.7320508075688772,1.4142135623730951,0,1,0,0,1,0,0,0,0,1,0,0,0,0,0,0,0,0
43.0,0,2,782.0,6.0,4.0,1.0,661.0,2.0,1,50.0,2.0,4.0,4.0,0,2671.0,0,1,14.0,3.0,80.0,21.0,2.0,1.6094379124341003,0.0,0.0,0.6931471805599453,9.718843300372528,0.6931471805599453,1.7320508075688772,1.7320508075688772,0.0,0,1,0,0,0,0,0,1,0,0,0,0,0,0,1,0,0,0
38.0,0,2,362.0,1.0,1.0,1.0,662.0,3.0,0,43.0,3.0,1.0,1.0,2,14561.0,0,0,17.0,4.0,80.0,8.0,2.0,1.3862943611198906,0.0,0.0,0.0,7.8709295967551425,0.0,1.7320508075688772,1.7320508075688772,0.0,0,1,0,0,1,0,0,0,0,0,0,0,0,0,0,1,0,0
43.0,0,1,1001.0,9.0,5.0,1.0,663.0,4.0,1,72.0,3.0,2.0,3.0,0,19627.0,0,1,13.0,2.0,80.0,10.0,3.0,1.3862943611198906,2.0794415416798357,2.0794415416798357,2.1972245773362196,8.644706511715198,0.6931471805599453,1.7320508075688772,1.7320508075688772,2.0,0,1,0,0,0,0,1,0,0,0,0,1,0,0,0,0,0,0
48.0,0,2,1236.0,1.0,4.0,1.0,664.0,4.0,0,40.0,2.0,4.0,1.0,1,17997.0,0,0,11.0,1.0,80.0,21.0,1.0,2.0794415416798357,1.0986122886681096,1.0986122886681096,1.3862943611198906,9.642317574624458,0.6931471805599453,1.7320508075688772,1.7320508075688772,0.0,0,1,0,0,1,0,0,0,0,0,0,0,1,0,0,0,0,0
44.0,0,2,1112.0,1.0,4.0,1.0,665.0,1.0,0,50.0,2.0,2.0,3.0,2,26894.0,0,0,11.0,2.0,80.0,10.0,4.0,1.6094379124341003,1.0986122886681096,1.0986122886681096,1.0986122886681096,8.697178688412643,0.0,1.0,1.7320508075688772,0.0,1,0,0,0,1,0,0,0,0,0,1,0,0,0,0,0,0,0
34.0,0,2,204.0,14.0,3.0,1.0,666.0,3.0,0,31.0,3.0,1.0,3.0,0,2912.0,0,1,18.0,4.0,80.0,8.0,3.0,0.6931471805599453,1.0986122886681096,1.9459101490553132,2.1972245773362196,7.855544677915663,1.0986122886681096,1.7320508075688772,1.7320508075688772,0.0,0,0,1,0,0,0,0,0,1,0,0,0,0,0,0,0,0,1
27.0,1,2,1420.0,2.0,1.0,1.0,667.0,3.0,1,85.0,3.0,1.0,1.0,0,16346.0,0,0,11.0,2.0,80.0,5.0,3.0,0.0,1.3862943611198906,1.0986122886681096,1.6094379124341003,8.020270472819238,0.6931471805599453,1.7320508075688772,1.7320508075688772,0.0,0,0,1,0,0,1,0,0,0,0,0,0,0,0,0,0,0,1
21.0,0,2,1343.0,22.0,1.0,1.0,669.0,3.0,1,49.0,3.0,1.0,3.0,2,24444.0,0,0,11.0,3.0,80.0,3.0,3.0,0.6931471805599453,1.0986122886681096,1.0986122886681096,1.3862943611198906,8.145549631783584,0.0,1.4142135623730951,1.7320508075688772,1.0,0,0,1,0,0,0,0,0,1,0,0,0,0,0,0,0,0,1
44.0,0,2,1315.0,3.0,4.0,1.0,671.0,4.0,1,35.0,3.0,5.0,4.0,1,9358.0,0,1,12.0,1.0,80.0,26.0,4.0,1.6094379124341003,1.0986122886681096,0.6931471805599453,1.0986122886681096,9.878887435667895,0.6931471805599453,1.4142135623730951,1.7320508075688772,0.0,0,1,0,0,0,0,0,1,0,0,0,0,1,0,0,0,0,0
22.0,0,2,604.0,6.0,1.0,1.0,675.0,1.0,1,69.0,3.0,1.0,3.0,1,12145.0,0,0,20.0,4.0,80.0,3.0,3.0,0.0,1.0986122886681096,1.0986122886681096,1.0986122886681096,7.928045600874777,0.0,1.7320508075688772,2.0,1.4142135623730951,0,1,0,0,0,0,1,0,0,0,0,0,0,0,0,1,0,0
33.0,0,2,1216.0,8.0,4.0,1.0,677.0,3.0,1,39.0,3.0,2.0,3.0,0,20431.0,0,0,12.0,4.0,80.0,6.0,3.0,0.0,0.0,1.0986122886681096,1.791759469228055,8.868554040531201,0.0,1.7320508075688772,1.7320508075688772,1.0,0,0,1,0,0,1,0,0,0,0,0,0,0,0,0,0,1,0
32.0,0,2,646.0,9.0,4.0,1.0,679.0,1.0,0,92.0,3.0,2.0,4.0,1,18089.0,0,1,12.0,4.0,80.0,6.0,2.0,0.6931471805599453,1.6094379124341003,1.791759469228055,1.9459101490553132,8.751949058058614,0.6931471805599453,1.4142135623730951,1.7320508075688772,0.0,0,1,0,0,1,0,0,0,0,0,0,0,0,0,0,1,0,0
30.0,0,1,160.0,3.0,3.0,1.0,680.0,3.0,0,71.0,3.0,1.0,3.0,0,22653.0,0,0,20.0,3.0,80.0,1.0,3.0,0.6931471805599453,0.0,0.0,0.6931471805599453,7.642044402873258,0.6931471805599453,1.4142135623730951,2.0,0.0,0,1,0,0,0,0,1,0,0,0,0,0,0,0,0,1,0,0
53.0,0,2,238.0,1.0,1.0,1.0,682.0,4.0,0,34.0,3.0,2.0,1.0,2,7507.0,0,0,20.0,4.0,80.0,18.0,4.0,2.0794415416798357,2.0794415416798357,2.3978952727983707,2.70805020110221,9.033841828485016,0.0,1.4142135623730951,2.0,2.8284271247461903,0,0,1,0,0,0,1,0,0,0,0,0,0,0,0,0,1,0
34.0,0,2,1397.0,1.0,5.0,1.0,683.0,2.0,1,42.0,3.0,1.0,4.0,1,7660.0,0,0,12.0,4.0,80.0,10.0,2.0,0.6931471805599453,2.302585092994046,2.1972245773362196,2.3978952727983707,7.898039690764619,0.6931471805599453,2.0,1.7320508075688772,2.8284271247461903,0,1,0,0,1,0,0,0,0,0,0,0,0,0,0,1,0,0
45.0,1,1,306.0,26.0,4.0,1.0,684.0,1.0,0,100.0,3.0,2.0,1.0,1,5630.0,0,0,14.0,4.0,80.0,5.0,3.0,1.0986122886681096,0.6931471805599453,0.0,0.6931471805599453,8.363342466597977,1.0986122886681096,2.0,1.7320508075688772,0.0,0,0,1,0,1,0,0,0,0,0,0,0,0,0,0,0,1,0
26.0,0,2,991.0,6.0,3.0,1.0,686.0,3.0,0,71.0,3.0,1.0,4.0,1,17759.0,0,1,13.0,3.0,80.0,3.0,3.0,0.6931471805599453,1.0986122886681096,1.0986122886681096,1.3862943611198906,7.886081401775745,0.6931471805599453,1.4142135623730951,1.7320508075688772,0.0,0,1,0,0,1,0,0,0,0,0,0,1,0,0,0,0,0,0
37.0,0,2,482.0,3.0,3.0,1.0,689.0,3.0,1,36.0,3.0,3.0,3.0,1,9606.0,0,0,15.0,3.0,80.0,10.0,3.0,0.6931471805599453,2.0794415416798357,2.1972245773362196,2.3978952727983707,9.152181457802651,0.6931471805599453,1.4142135623730951,1.7320508075688772,2.6457513110645907,0,1,0,0,0,0,0,1,0,0,0,0,0,1,0,0,0,0
29.0,0,2,1176.0,3.0,2.0,1.0,690.0,2.0,0,62.0,3.0,2.0,3.0,1,3487.0,0,0,14.0,1.0,80.0,6.0,2.0,0.6931471805599453,0.0,1.0986122886681096,1.9459101490553132,8.62371303479391,0.6931471805599453,2.23606797749979,1.7320508075688772,1.0,0,0,1,0,0,0,1,0,0,0,0,0,0,0,0,0,1,0
35.0,0,2,1017.0,6.0,4.0,1.0,691.0,2.0,1,82.0,1.0,2.0,4.0,2,19368.0,0,0,13.0,2.0,80.0,17.0,3.0,0.6931471805599453,2.4849066497880004,2.1972245773362196,2.8903717578961645,8.801920904041582,0.0,1.7320508075688772,1.7320508075688772,3.3166247903554,0,1,0,0,1,0,0,0,0,0,0,0,0,0,0,1,0,0
33.0,0,1,1296.0,6.0,3.0,1.0,692.0,3.0,1,30.0,3.0,2.0,4.0,0,5335.0,0,0,23.0,3.0,80.0,15.0,1.0,1.3862943611198906,2.4849066497880004,2.0794415416798357,2.639057329615259,8.952346543226227,0.6931471805599453,1.4142135623730951,2.0,2.0,0,1,0,0,1,0,0,0,0,1,0,0,0,0,0,0,0,0
54.0,0,2,397.0,19.0,4.0,1.0,698.0,3.0,1,88.0,3.0,3.0,2.0,1,6729.0,0,0,15.0,3.0,80.0,16.0,4.0,1.0986122886681096,2.0794415416798357,0.6931471805599453,2.302585092994046,9.280425979542871,0.6931471805599453,1.0,1.7320508075688772,2.6457513110645907,1,0,0,0,0,0,1,0,0,0,1,0,0,0,0,0,0,0
36.0,0,2,913.0,9.0,2.0,1.0,699.0,2.0,1,48.0,2.0,2.0,2.0,0,13934.0,0,1,11.0,3.0,80.0,13.0,3.0,1.0986122886681096,1.0986122886681096,1.0986122886681096,1.3862943611198906,9.087946723762116,0.6931471805599453,1.4142135623730951,1.7320508075688772,0.0,0,1,0,0,0,0,1,0,0,0,0,0,0,1,0,0,0,0
27.0,0,2,1115.0,3.0,4.0,1.0,700.0,1.0,1,54.0,2.0,1.0,4.0,2,15174.0,0,0,13.0,4.0,80.0,5.0,3.0,0.0,1.0986122886681096,0.6931471805599453,1.6094379124341003,7.6236419465115715,0.0,0.0,1.7320508075688772,1.0,0,1,0,0,0,0,1,0,0,0,0,0,0,0,0,1,0,0
20.0,1,2,1362.0,10.0,1.0,1.0,701.0,4.0,1,32.0,3.0,1.0,3.0,2,26999.0,0,1,11.0,4.0,80.0,1.0,3.0,0.6931471805599453,0.0,0.6931471805599453,0.6931471805599453,7.228649665640015,0.0,2.23606797749979,1.7320508075688772,1.0,0,1,0,0,0,0,1,0,0,0,0,0,0,0,0,1,0,0
33.0,1,1,1076.0,3.0,3.0,1.0,702.0,1.0,1,70.0,3.0,1.0,1.0,2,3164.0,0,1,11.0,1.0,80.0,10.0,3.0,0.6931471805599453,2.1972245773362196,2.0794415416798357,2.3978952727983707,8.116417072794205,0.0,1.7320508075688772,1.7320508075688772,3.0,0,1,0,0,1,0,0,0,0,0,0,0,0,0,0,1,0,0
35.0,0,0,727.0,3.0,3.0,1.0,704.0,3.0,1,41.0,2.0,1.0,3.0,1,16900.0,0,0,18.0,3.0,80.0,1.0,3.0,0.6931471805599453,0.0,0.0,0.6931471805599453,7.228649665640015,1.0986122886681096,1.7320508075688772,1.7320508075688772,0.0,0,1,0,0,1,0,0,0,0,0,0,1,0,0,0,0,0,0
23.0,0,2,885.0,4.0,3.0,1.0,705.0,1.0,1,58.0,4.0,1.0,1.0,1,8544.0,0,0,16.0,1.0,80.0,5.0,4.0,1.0986122886681096,1.0986122886681096,1.0986122886681096,1.3862943611198906,7.944492163932159,0.6931471805599453,1.7320508075688772,1.7320508075688772,0.0,0,1,0,0,0,0,1,0,0,0,0,0,0,0,0,1,0,0
25.0,0,2,810.0,8.0,3.0,1.0,707.0,4.0,1,57.0,4.0,2.0,2.0,1,15678.0,0,0,22.0,3.0,80.0,4.0,3.0,0.0,1.0986122886681096,1.0986122886681096,1.3862943611198906,8.48714627006394,0.6931471805599453,2.0,2.0,1.0,0,0,1,0,1,0,0,0,0,0,0,0,0,0,0,0,1,0
38.0,0,2,243.0,7.0,4.0,1.0,709.0,4.0,0,46.0,2.0,2.0,4.0,2,7791.0,0,0,20.0,1.0,80.0,8.0,3.0,0.0,2.0794415416798357,1.791759469228055,2.0794415416798357,8.301273485191347,0.0,1.4142135623730951,2.0,0.0,0,0,1,0,0,1,0,0,0,0,0,0,0,0,0,0,1,0
29.0,0,1,806.0,1.0,4.0,1.0,710.0,2.0,1,76.0,1.0,1.0,4.0,0,18959.0,0,0,18.0,4.0,80.0,10.0,3.0,0.6931471805599453,2.0794415416798357,2.1972245773362196,2.3978952727983707,7.908754738783246,0.6931471805599453,2.23606797749979,1.7320508075688772,1.4142135623730951,0,1,0,0,1,0,0,0,0,0,0,0,0,0,0,1,0,0
48.0,0,2,817.0,2.0,1.0,1.0,712.0,2.0,1,56.0,4.0,2.0,2.0,1,18597.0,0,0,12.0,4.0,80.0,12.0,3.0,1.3862943611198906,1.0986122886681096,1.0986122886681096,1.0986122886681096,9.002208578282412,0.0,1.7320508075688772,1.7320508075688772,1.4142135623730951,0,0,1,0,0,1,0,0,0,0,0,0,0,0,0,0,1,0
27.0,0,1,1410.0,3.0,1.0,1.0,714.0,4.0,0,71.0,4.0,2.0,4.0,0,16673.0,0,1,20.0,2.0,80.0,6.0,3.0,0.6931471805599453,1.791759469228055,1.6094379124341003,1.9459101490553132,8.444192298531748,1.0986122886681096,1.7320508075688772,2.0,0.0,0,0,1,0,0,0,1,0,0,0,0,0,0,0,0,0,1,0
37.0,0,2,1225.0,10.0,2.0,1.0,715.0,4.0,1,80.0,4.0,1.0,4.0,2,15232.0,0,0,17.0,1.0,80.0,4.0,3.0,1.3862943611198906,0.0,0.0,0.6931471805599453,8.45126704130007,0.0,1.4142135623730951,1.7320508075688772,0.0,0,1,0,0,1,0,0,0,0,0,0,0,0,0,0,1,0,0
50.0,0,2,1207.0,28.0,1.0,1.0,716.0,4.0,1,74.0,4.0,1.0,3.0,1,3297.0,0,1,11.0,3.0,80.0,20.0,3.0,0.6931471805599453,2.1972245773362196,2.1972245773362196,3.044522437723423,8.07775756373692,1.3862943611198906,1.7320508075688772,1.7320508075688772,1.7320508075688772,0,1,0,0,0,0,1,0,0,0,0,1,0,0,0,0,0,0
34.0,0,2,1442.0,9.0,3.0,1.0,717.0,4.0,0,46.0,2.0,3.0,2.0,2,17654.0,0,0,14.0,2.0,80.0,9.0,4.0,0.6931471805599453,2.0794415416798357,2.0794415416798357,2.1972245773362196,9.06207235530708,0.0,1.7320508075688772,1.7320508075688772,2.6457513110645907,0,1,0,0,0,0,1,0,0,1,0,0,0,0,0,0,0,0
24.0,1,2,693.0,3.0,2.0,1.0,720.0,1.0,0,65.0,3.0,2.0,3.0,2,24785.0,0,0,14.0,1.0,80.0,4.0,3.0,2.302585092994046,1.0986122886681096,0.0,1.0986122886681096,8.429017500512511,0.0,1.7320508075688772,1.7320508075688772,1.4142135623730951,0,0,1,0,1,0,0,0,0,0,0,0,0,0,0,0,1,0
39.0,0,2,408.0,2.0,4.0,1.0,721.0,4.0,0,80.0,2.0,2.0,3.0,2,20978.0,0,0,11.0,1.0,80.0,20.0,3.0,0.6931471805599453,2.0794415416798357,2.3978952727983707,3.044522437723423,8.423761246623686,0.0,2.0,1.7320508075688772,3.3166247903554,0,1,0,0,0,0,0,0,1,1,0,0,0,0,0,0,0,0
32.0,0,2,929.0,10.0,3.0,1.0,722.0,4.0,1,55.0,3.0,2.0,4.0,2,21703.0,0,0,12.0,4.0,80.0,10.0,2.0,0.6931471805599453,2.0794415416798357,2.1972245773362196,2.3978952727983707,8.593598522618644,0.0,1.4142135623730951,1.7320508075688772,0.0,0,0,1,0,0,1,0,0,0,0,0,0,0,0,0,0,1,0
50.0,1,1,562.0,8.0,2.0,1.0,723.0,2.0,1,50.0,3.0,2.0,3.0,1,23452.0,0,1,14.0,1.0,80.0,18.0,3.0,1.3862943611198906,1.3862943611198906,1.3862943611198906,1.6094379124341003,8.824236617346639,0.6931471805599453,2.0,1.7320508075688772,1.0,0,0,1,0,0,0,0,0,1,0,0,0,0,0,0,0,1,0
38.0,0,2,827.0,1.0,4.0,1.0,724.0,2.0,0,33.0,4.0,2.0,4.0,2,19383.0,0,0,13.0,3.0,80.0,10.0,2.0,0.0,2.0794415416798357,2.1972245773362196,2.302585092994046,8.939318740417509,0.0,2.0,1.7320508075688772,1.0,0,1,0,0,1,0,0,0,0,1,0,0,0,0,0,0,0,0
27.0,0,2,608.0,1.0,2.0,1.0,725.0,3.0,0,68.0,3.0,3.0,1.0,1,6009.0,0,0,11.0,4.0,80.0,9.0,3.0,0.6931471805599453,2.0794415416798357,2.0794415416798357,2.302585092994046,8.910990494656719,0.0,1.7320508075688772,1.7320508075688772,0.0,0,1,0,0,1,0,0,0,0,0,0,0,0,1,0,0,0,0
32.0,0,2,1018.0,3.0,2.0,1.0,727.0,3.0,0,39.0,3.0,3.0,4.0,2,19373.0,0,0,15.0,4.0,80.0,10.0,3.0,1.3862943611198906,2.0794415416798357,2.0794415416798357,2.0794415416798357,9.320091235935301,0.0,2.449489742783178,1.7320508075688772,2.6457513110645907,0,1,0,0,1,0,0,0,0,0,0,0,0,0,1,0,0,0
47.0,0,2,703.0,14.0,4.0,1.0,728.0,4.0,1,42.0,3.0,2.0,1.0,2,11825.0,0,0,12.0,4.0,80.0,20.0,3.0,1.0986122886681096,2.0794415416798357,2.0794415416798357,2.0794415416798357,8.509362612301048,0.0,1.4142135623730951,1.7320508075688772,1.0,0,0,1,0,0,1,0,0,0,0,0,0,0,0,0,0,1,0
40.0,0,1,580.0,5.0,4.0,1.0,729.0,4.0,1,48.0,2.0,3.0,1.0,1,23772.0,0,1,21.0,3.0,80.0,20.0,3.0,1.791759469228055,2.639057329615259,2.5649493574615367,2.9444389791664403,9.256842205627603,0.6931471805599453,1.4142135623730951,2.0,1.0,0,0,1,0,1,0,0,0,0,0,0,0,0,0,0,0,1,0
53.0,0,2,970.0,7.0,3.0,1.0,730.0,3.0,1,59.0,4.0,4.0,3.0,1,13514.0,0,0,19.0,3.0,80.0,32.0,3.0,1.3862943611198906,0.6931471805599453,1.3862943611198906,1.791759469228055,9.603395460007665,0.0,1.7320508075688772,1.7320508075688772,1.0,0,1,0,0,1,0,0,0,0,0,0,0,0,0,1,0,0,0
41.0,0,2,427.0,10.0,4.0,1.0,731.0,2.0,1,73.0,2.0,5.0,4.0,0,8861.0,0,0,15.0,2.0,80.0,23.0,2.0,1.3862943611198906,1.9459101490553132,1.9459101490553132,3.091042453358316,9.859640152755851,1.3862943611198906,1.4142135623730951,1.7320508075688772,3.4641016151377544,1,0,0,1,0,0,0,0,0,0,0,0,1,0,0,0,0,0
60.0,0,2,1179.0,16.0,4.0,1.0,732.0,1.0,1,84.0,3.0,2.0,1.0,2,11924.0,0,0,14.0,4.0,80.0,10.0,3.0,2.1972245773362196,1.0986122886681096,1.0986122886681096,1.0986122886681096,8.595264726836392,0.0,1.0,1.7320508075688772,1.4142135623730951,0,0,1,0,0,1,0,0,0,0,0,0,0,0,0,0,1,0
27.0,0,1,294.0,10.0,2.0,1.0,733.0,4.0,1,32.0,3.0,3.0,1.0,0,4809.0,0,0,21.0,3.0,80.0,9.0,2.0,0.6931471805599453,2.0794415416798357,2.0794415416798357,2.302585092994046,9.081824949740755,1.0986122886681096,2.0,2.0,1.0,0,1,0,0,1,0,0,0,0,0,0,0,0,1,0,0,0,0
41.0,0,2,314.0,1.0,3.0,1.0,734.0,4.0,1,59.0,2.0,5.0,3.0,1,19562.0,0,0,12.0,2.0,80.0,22.0,3.0,0.6931471805599453,2.0794415416798357,2.3978952727983707,3.1354942159291497,9.862144589001746,0.6931471805599453,1.7320508075688772,1.7320508075688772,1.4142135623730951,1,0,0,1,0,0,0,0,0,0,0,0,1,0,0,0,0,0
50.0,0,2,316.0,8.0,4.0,1.0,738.0,4.0,1,54.0,3.0,1.0,2.0,1,9983.0,0,0,15.0,4.0,80.0,4.0,3.0,2.0794415416798357,1.0986122886681096,1.0986122886681096,1.0986122886681096,8.262558973010657,0.6931471805599453,1.4142135623730951,1.7320508075688772,1.4142135623730951,0,0,1,0,0,1,0,0,0,0,0,0,0,0,0,0,0,1
28.0,1,2,654.0,1.0,2.0,1.0,741.0,1.0,0,67.0,1.0,1.0,2.0,2,3872.0,0,1,13.0,4.0,80.0,10.0,3.0,2.0794415416798357,2.0794415416798357,2.0794415416798357,2.0794415416798357,7.7039102096163115,0.0,2.0,1.7320508075688772,1.7320508075688772,0,1,0,0,1,0,0,0,0,0,0,0,0,0,0,1,0,0
36.0,0,0,427.0,8.0,3.0,1.0,742.0,1.0,0,63.0,4.0,3.0,1.0,1,20335.0,0,0,14.0,1.0,80.0,10.0,3.0,2.302585092994046,2.0794415416798357,1.791759469228055,2.1972245773362196,9.368539986649727,0.6931471805599453,1.4142135623730951,1.7320508075688772,0.0,0,1,0,0,1,0,0,0,0,0,0,0,0,0,1,0,0,0
38.0,0,2,168.0,1.0,3.0,1.0,743.0,3.0,0,81.0,3.0,3.0,3.0,2,15397.0,0,1,14.0,4.0,80.0,10.0,4.0,1.6094379124341003,0.0,0.0,0.6931471805599453,8.969796305981806,0.0,2.0,1.7320508075688772,0.0,0,1,0,0,1,0,0,0,0,0,0,0,0,1,0,0,0,0
44.0,0,0,381.0,24.0,3.0,1.0,744.0,1.0,1,49.0,1.0,1.0,3.0,2,2104.0,0,0,14.0,3.0,80.0,9.0,3.0,1.0986122886681096,1.0986122886681096,1.6094379124341003,1.791759469228055,8.21851757748959,0.0,2.23606797749979,1.7320508075688772,1.0,0,1,0,0,0,0,1,0,0,0,0,1,0,0,0,0,0,0
47.0,0,1,217.0,3.0,3.0,1.0,746.0,4.0,0,49.0,3.0,4.0,3.0,0,10225.0,0,1,12.0,4.0,80.0,28.0,2.0,2.302585092994046,1.0986122886681096,2.639057329615259,3.1354942159291497,9.530320210727126,1.0986122886681096,1.4142135623730951,1.7320508075688772,3.3166247903554,0,0,1,0,0,0,1,0,0,0,0,0,0,0,0,0,1,0
30.0,0,2,501.0,27.0,5.0,1.0,747.0,3.0,1,99.0,3.0,2.0,4.0,0,25275.0,0,0,23.0,4.0,80.0,10.0,2.0,2.0794415416798357,2.0794415416798357,2.0794415416798357,2.1972245773362196,8.576405051048084,0.6931471805599453,1.4142135623730951,2.0,2.6457513110645907,0,0,1,0,0,1,0,0,0,0,0,0,0,0,0,0,1,0
29.0,0,2,1396.0,10.0,3.0,1.0,749.0,3.0,1,99.0,3.0,1.0,3.0,2,2755.0,0,0,11.0,3.0,80.0,1.0,3.0,0.6931471805599453,0.0,0.0,0.6931471805599453,7.879669914604289,0.0,2.449489742783178,1.7320508075688772,0.0,0,0,1,0,1,0,0,0,0,0,0,0,0,0,0,0,0,1
42.0,1,1,933.0,19.0,3.0,1.0,752.0,3.0,1,57.0,4.0,1.0,3.0,0,20366.0,0,1,12.0,4.0,80.0,7.0,3.0,1.9459101490553132,1.0986122886681096,1.0986122886681096,1.0986122886681096,7.9229859587111955,0.0,1.4142135623730951,1.7320508075688772,1.4142135623730951,0,1,0,0,0,0,1,0,0,0,0,0,0,0,0,1,0,0
43.0,0,1,775.0,15.0,3.0,1.0,754.0,4.0,1,47.0,2.0,2.0,4.0,1,23683.0,0,0,18.0,3.0,80.0,7.0,3.0,1.3862943611198906,1.0986122886681096,1.0986122886681096,1.0986122886681096,8.825412915085566,0.6931471805599453,2.23606797749979,1.7320508075688772,1.4142135623730951,0,0,1,0,1,0,0,0,0,0,0,0,0,0,0,0,1,0
34.0,0,2,970.0,8.0,2.0,1.0,757.0,2.0,0,96.0,3.0,2.0,3.0,2,7360.0,0,0,11.0,4.0,80.0,10.0,3.0,1.3862943611198906,0.6931471805599453,1.3862943611198906,1.791759469228055,8.723068501163928,0.0,1.4142135623730951,1.7320508075688772,2.0,0,1,0,0,0,0,1,0,0,1,0,0,0,0,0,0,0,0
23.0,0,2,650.0,9.0,1.0,1.0,758.0,2.0,1,37.0,3.0,1.0,1.0,1,4344.0,0,0,14.0,4.0,80.0,5.0,4.0,0.6931471805599453,1.3862943611198906,1.0986122886681096,1.6094379124341003,7.824445930877619,0.6931471805599453,1.4142135623730951,1.7320508075688772,0.0,0,1,0,0,0,0,1,0,0,0,0,1,0,0,0,0,0,0
39.0,0,2,141.0,3.0,3.0,1.0,760.0,3.0,0,44.0,4.0,2.0,2.0,1,18767.0,0,0,15.0,3.0,80.0,12.0,1.0,2.302585092994046,1.3862943611198906,1.9459101490553132,2.1972245773362196,8.76248954737158,0.6931471805599453,1.7320508075688772,1.7320508075688772,1.7320508075688772,1,0,0,1,0,0,0,0,0,0,1,0,0,0,0,0,0,0
56.0,0,2,832.0,9.0,3.0,1.0,762.0,3.0,1,81.0,3.0,4.0,4.0,1,20420.0,0,0,11.0,3.0,80.0,30.0,2.0,2.0794415416798357,2.0794415416798357,0.6931471805599453,2.3978952727983707,9.315060682746585,0.0,1.0,1.7320508075688772,1.0,0,1,0,0,0,0,1,0,0,1,0,0,0,0,0,0,0,0
40.0,0,2,804.0,2.0,1.0,1.0,763.0,4.0,0,86.0,2.0,1.0,4.0,2,22929.0,0,1,20.0,4.0,80.0,5.0,2.0,0.0,1.0986122886681096,1.3862943611198906,1.6094379124341003,7.759187438507795,0.0,1.4142135623730951,2.0,1.4142135623730951,0,1,0,0,0,0,1,0,0,0,0,0,0,0,0,1,0,0
27.0,0,2,975.0,7.0,3.0,1.0,764.0,4.0,0,55.0,2.0,2.0,1.0,2,23398.0,0,0,19.0,1.0,80.0,9.0,1.0,2.1972245773362196,1.9459101490553132,2.0794415416798357,2.0794415416798357,8.826441041782578,0.0,1.4142135623730951,1.7320508075688772,0.0,0,1,0,0,0,0,1,0,0,1,0,0,0,0,0,0,0,0
29.0,0,2,1090.0,10.0,3.0,1.0,766.0,4.0,1,83.0,3.0,1.0,2.0,0,17967.0,0,0,14.0,4.0,80.0,2.0,3.0,0.6931471805599453,1.0986122886681096,1.0986122886681096,1.0986122886681096,7.739794458408701,1.0986122886681096,1.4142135623730951,1.7320508075688772,1.4142135623730951,0,0,1,0,0,1,0,0,0,0,0,0,0,0,0,0,0,1
53.0,0,2,346.0,6.0,3.0,1.0,769.0,4.0,1,86.0,3.0,2.0,4.0,2,10919.0,0,0,17.0,4.0,80.0,19.0,3.0,1.0986122886681096,1.0986122886681096,1.0986122886681096,1.0986122886681096,7.804251383528112,0.0,2.0,1.7320508075688772,1.4142135623730951,0,1,0,0,1,0,0,0,0,0,0,1,0,0,0,0,0,0
35.0,0,0,1225.0,2.0,4.0,1.0,771.0,4.0,0,61.0,3.0,2.0,1.0,0,4761.0,0,0,11.0,1.0,80.0,16.0,4.0,1.0986122886681096,0.0,0.0,0.6931471805599453,8.535818655539403,0.6931471805599453,1.4142135623730951,1.7320508075688772,0.0,0,1,0,0,1,0,0,0,0,1,0,0,0,0,0,0,0,0
32.0,0,1,430.0,24.0,4.0,1.0,772.0,1.0,1,80.0,3.0,2.0,4.0,1,21146.0,0,0,15.0,4.0,80.0,10.0,3.0,0.6931471805599453,2.1972245773362196,2.0794415416798357,2.3978952727983707,8.577347114235984,1.0986122886681096,1.4142135623730951,1.7320508075688772,2.0,0,1,0,0,1,0,0,0,0,0,0,1,0,0,0,0,0,0
38.0,0,2,268.0,2.0,5.0,1.0,773.0,4.0,1,92.0,3.0,1.0,3.0,1,20471.0,0,1,13.0,2.0,80.0,6.0,1.0,1.9459101490553132,0.0,0.6931471805599453,0.6931471805599453,8.025516386489008,0.6931471805599453,0.0,1.7320508075688772,0.0,0,1,0,0,0,0,1,0,0,0,0,0,0,0,0,1,0,0
34.0,0,2,167.0,8.0,5.0,1.0,775.0,2.0,0,32.0,3.0,2.0,1.0,0,4187.0,0,0,14.0,3.0,80.0,7.0,3.0,1.3862943611198906,0.0,0.0,0.0,8.541300266759471,0.6931471805599453,1.7320508075688772,1.7320508075688772,0.0,0,1,0,0,1,0,0,0,0,0,0,0,0,1,0,0,0,0
52.0,0,2,621.0,3.0,4.0,1.0,776.0,3.0,1,31.0,2.0,4.0,1.0,1,10084.0,0,0,11.0,1.0,80.0,34.0,4.0,0.6931471805599453,1.9459101490553132,2.833213344056216,3.4657359027997265,9.732521279780308,0.0,1.7320508075688772,1.7320508075688772,1.0,0,0,1,0,0,1,0,0,0,0,0,0,1,0,0,0,0,0
33.0,1,2,527.0,1.0,4.0,1.0,780.0,4.0,1,63.0,3.0,1.0,4.0,2,5207.0,0,1,13.0,3.0,80.0,10.0,2.0,0.6931471805599453,2.302585092994046,2.1972245773362196,2.3978952727983707,7.8961806086154915,0.0,1.4142135623730951,1.7320508075688772,2.6457513110645907,0,1,0,0,0,0,0,1,0,0,0,0,0,0,0,1,0,0
25.0,0,2,883.0,26.0,1.0,1.0,781.0,3.0,0,32.0,3.0,2.0,4.0,2,22807.0,0,0,23.0,2.0,80.0,6.0,2.0,0.6931471805599453,1.791759469228055,1.6094379124341003,1.9459101490553132,8.729235349659273,0.0,2.23606797749979,2.0,1.0,0,0,1,0,0,0,1,0,0,0,0,0,0,0,0,0,1,0
45.0,0,2,954.0,2.0,2.0,1.0,783.0,2.0,1,46.0,1.0,2.0,3.0,2,12388.0,0,0,13.0,1.0,80.0,9.0,3.0,0.0,2.0794415416798357,0.6931471805599453,2.1972245773362196,8.799812469525556,0.0,1.7320508075688772,1.7320508075688772,1.7320508075688772,0,0,1,0,0,0,0,0,1,0,0,0,0,0,0,0,0,1
23.0,0,2,310.0,10.0,1.0,1.0,784.0,1.0,1,79.0,4.0,1.0,3.0,2,19630.0,0,0,18.0,4.0,80.0,2.0,3.0,0.6931471805599453,1.0986122886681096,1.0986122886681096,1.0986122886681096,8.16223106548118,0.0,1.7320508075688772,1.7320508075688772,0.0,0,1,0,0,0,0,1,0,0,0,0,0,0,0,0,1,0,0
47.0,1,1,719.0,27.0,2.0,1.0,785.0,2.0,0,77.0,4.0,2.0,3.0,2,10339.0,0,1,12.0,4.0,80.0,8.0,3.0,1.6094379124341003,1.6094379124341003,1.3862943611198906,1.791759469228055,8.763740720509464,0.0,1.4142135623730951,1.7320508075688772,1.0,0,0,1,0,1,0,0,0,0,0,0,0,0,0,0,0,1,0
34.0,0,2,304.0,2.0,3.0,1.0,786.0,4.0,1,60.0,3.0,2.0,4.0,2,18686.0,0,0,22.0,3.0,80.0,6.0,3.0,0.6931471805599453,1.791759469228055,1.6094379124341003,1.9459101490553132,8.744328763999984,0.0,2.23606797749979,2.0,1.0,0,0,1,0,0,0,0,1,0,0,0,0,0,0,0,0,1,0
55.0,1,2,725.0,2.0,3.0,1.0,787.0,4.0,1,78.0,3.0,5.0,1.0,1,21199.0,0,1,13.0,4.0,80.0,24.0,3.0,1.791759469228055,1.0986122886681096,1.6094379124341003,1.791759469228055,9.884684885113385,0.6931471805599453,1.4142135623730951,1.7320508075688772,1.0,0,1,0,0,0,0,1,0,0,0,0,0,1,0,0,0,0,0
36.0,0,0,1434.0,8.0,4.0,1.0,789.0,1.0,1,76.0,2.0,3.0,1.0,2,14229.0,0,0,15.0,2.0,80.0,10.0,3.0,0.6931471805599453,2.0794415416798357,2.302585092994046,2.3978952727983707,8.934323331054905,0.0,1.0,1.7320508075688772,0.0,0,0,1,0,1,0,0,0,0,0,0,0,0,0,0,0,1,0
52.0,0,0,715.0,19.0,4.0,1.0,791.0,4.0,1,41.0,3.0,1.0,4.0,1,26589.0,0,0,18.0,1.0,80.0,5.0,3.0,0.0,1.3862943611198906,1.0986122886681096,1.6094379124341003,8.356789669923213,0.6931471805599453,1.7320508075688772,1.7320508075688772,1.0,0,1,0,0,0,0,1,0,0,0,0,0,0,0,0,1,0,0
26.0,0,1,575.0,1.0,2.0,1.0,792.0,1.0,0,71.0,1.0,1.0,4.0,0,5288.0,0,0,14.0,1.0,80.0,5.0,3.0,1.3862943611198906,1.0986122886681096,0.0,1.0986122886681096,8.381373468273702,0.6931471805599453,1.4142135623730951,1.7320508075688772,1.4142135623730951,0,1,0,0,1,0,0,0,0,0,0,1,0,0,0,0,0,0
29.0,0,2,657.0,27.0,3.0,1.0,793.0,2.0,0,66.0,3.0,2.0,3.0,1,25549.0,0,0,12.0,1.0,80.0,11.0,2.0,1.6094379124341003,2.0794415416798357,0.6931471805599453,2.1972245773362196,8.374707543119483,0.6931471805599453,1.7320508075688772,1.7320508075688772,1.0,0,1,0,0,0,0,1,0,0,1,0,0,0,0,0,0,0,0
26.0,1,2,1146.0,8.0,3.0,1.0,796.0,4.0,1,38.0,2.0,2.0,1.0,2,3064.0,0,0,17.0,3.0,80.0,6.0,2.0,1.9459101490553132,1.3862943611198906,1.0986122886681096,1.6094379124341003,8.580543506917,0.0,1.4142135623730951,1.7320508075688772,1.0,0,0,1,0,0,0,0,0,1,0,0,0,0,0,0,0,1,0
34.0,0,2,182.0,1.0,4.0,1.0,797.0,2.0,0,72.0,4.0,1.0,4.0,2,13551.0,0,0,16.0,3.0,80.0,10.0,3.0,1.0986122886681096,1.0986122886681096,1.3862943611198906,1.6094379124341003,8.0959035329611,0.0,1.4142135623730951,1.7320508075688772,1.0,0,1,0,0,1,0,0,0,0,0,0,0,0,0,0,1,0,0
54.0,0,2,376.0,19.0,4.0,1.0,799.0,4.0,0,95.0,3.0,2.0,1.0,0,22670.0,0,1,11.0,2.0,80.0,9.0,3.0,2.302585092994046,1.3862943611198906,1.6094379124341003,1.791759469228055,8.60995467149755,1.0986122886681096,2.0,1.7320508075688772,1.0,0,1,0,0,0,0,1,0,0,0,0,0,0,1,0,0,0,0
27.0,0,1,829.0,8.0,1.0,1.0,800.0,3.0,1,84.0,3.0,2.0,4.0,1,24008.0,0,0,19.0,2.0,80.0,5.0,3.0,0.0,1.0986122886681096,0.6931471805599453,1.6094379124341003,8.376320632534823,0.6931471805599453,1.7320508075688772,1.7320508075688772,1.0,0,0,1,0,0,1,0,0,0,0,0,0,0,0,0,0,1,0
37.0,0,2,571.0,10.0,1.0,1.0,802.0,4.0,0,82.0,3.0,1.0,1.0,0,19905.0,0,1,13.0,2.0,80.0,6.0,2.0,0.0,1.3862943611198906,1.3862943611198906,1.791759469228055,7.931284761525891,1.0986122886681096,1.7320508075688772,1.7320508075688772,2.0,0,1,0,0,1,0,0,0,0,0,0,0,0,0,0,1,0,0
38.0,0,1,240.0,2.0,4.0,1.0,803.0,1.0,0,75.0,4.0,2.0,1.0,2,26085.0,0,1,12.0,4.0,80.0,17.0,3.0,1.9459101490553132,2.0794415416798357,2.5649493574615367,2.772588722239781,8.696343057044556,0.0,1.4142135623730951,1.7320508075688772,2.0,0,1,0,0,1,0,0,0,0,0,0,0,0,1,0,0,0,0
34.0,0,2,121.0,2.0,4.0,1.0,804.0,3.0,0,86.0,2.0,1.0,1.0,2,7530.0,0,0,11.0,3.0,80.0,6.0,3.0,0.6931471805599453,1.791759469228055,1.3862943611198906,1.9459101490553132,8.385260520155413,0.0,1.7320508075688772,1.7320508075688772,1.0,0,1,0,0,0,0,1,0,0,0,0,0,0,0,0,1,0,0
35.0,0,2,384.0,8.0,4.0,1.0,805.0,1.0,0,72.0,3.0,1.0,4.0,1,20317.0,0,0,16.0,2.0,80.0,3.0,2.0,0.6931471805599453,1.0986122886681096,1.0986122886681096,1.3862943611198906,7.8528278122817445,0.6931471805599453,1.0,1.7320508075688772,0.0,0,0,1,0,1,0,0,0,0,0,0,0,0,0,0,0,0,1
30.0,0,2,921.0,1.0,3.0,1.0,806.0,4.0,1,38.0,1.0,1.0,3.0,1,24375.0,0,0,21.0,3.0,80.0,7.0,3.0,1.3862943611198906,1.0986122886681096,1.0986122886681096,1.0986122886681096,8.251663923605589,1.0986122886681096,1.4142135623730951,2.0,0.0,0,1,0,0,1,0,0,0,0,0,0,1,0,0,0,0,0,0
40.0,0,1,791.0,2.0,2.0,1.0,807.0,3.0,0,38.0,4.0,2.0,2.0,1,9931.0,0,0,24.0,4.0,80.0,8.0,3.0,0.6931471805599453,2.0794415416798357,2.0794415416798357,2.1972245773362196,8.353497098745448,0.6931471805599453,1.4142135623730951,2.0,1.7320508075688772,0,1,0,0,0,0,1,0,0,1,0,0,0,0,0,0,0,0
34.0,0,2,1111.0,8.0,2.0,1.0,808.0,3.0,0,93.0,3.0,2.0,1.0,1,13305.0,0,0,17.0,2.0,80.0,6.0,3.0,1.791759469228055,1.0986122886681096,1.0986122886681096,1.3862943611198906,8.77971129020447,0.6931471805599453,1.0,1.7320508075688772,1.0,0,0,1,0,1,0,0,0,0,0,0,0,0,0,0,0,1,0
42.0,0,1,570.0,8.0,3.0,1.0,809.0,2.0,1,66.0,3.0,5.0,4.0,0,16225.0,0,0,13.0,2.0,80.0,24.0,2.0,0.6931471805599453,2.0794415416798357,2.302585092994046,3.2188758248682006,9.821789308551622,0.6931471805599453,2.0,1.7320508075688772,3.605551275463989,0,1,0,0,1,0,0,0,0,0,0,0,1,0,0,0,0,0
23.0,1,2,1243.0,6.0,3.0,1.0,811.0,3.0,1,63.0,4.0,1.0,1.0,1,3445.0,0,1,21.0,3.0,80.0,1.0,3.0,0.6931471805599453,0.0,0.0,0.0,7.379008127628304,1.0986122886681096,1.4142135623730951,2.0,0.0,0,1,0,0,1,0,0,0,0,0,0,1,0,0,0,0,0,0
24.0,0,0,1092.0,9.0,3.0,1.0,812.0,3.0,1,60.0,2.0,1.0,2.0,0,26551.0,0,0,11.0,3.0,80.0,1.0,3.0,0.6931471805599453,0.0,0.0,0.6931471805599453,7.899153483343097,1.3862943611198906,2.0,1.7320508075688772,0.0,0,1,0,0,1,0,0,0,0,0,0,1,0,0,0,0,0,0
52.0,0,2,1325.0,11.0,4.0,1.0,813.0,4.0,0,82.0,3.0,2.0,3.0,1,21821.0,0,0,20.0,2.0,80.0,9.0,3.0,2.1972245773362196,1.0986122886681096,1.6094379124341003,1.791759469228055,8.055157731819678,0.6931471805599453,1.7320508075688772,2.0,1.0,0,1,0,0,1,0,0,0,0,0,0,1,0,0,0,0,0,0
50.0,0,2,691.0,2.0,3.0,1.0,815.0,3.0,1,64.0,3.0,4.0,3.0,1,6881.0,0,0,16.0,4.0,80.0,30.0,3.0,1.791759469228055,1.3862943611198906,1.3862943611198906,1.6094379124341003,9.777924329560783,0.0,1.7320508075688772,1.7320508075688772,0.0,0,1,0,0,0,0,1,0,0,0,0,0,0,0,1,0,0,0
29.0,1,2,805.0,1.0,2.0,1.0,816.0,2.0,0,36.0,2.0,1.0,1.0,1,6689.0,0,1,11.0,4.0,80.0,1.0,3.0,0.6931471805599453,0.0,0.0,0.6931471805599453,7.749322464660356,0.6931471805599453,1.0,1.7320508075688772,0.0,0,1,0,0,1,0,0,0,0,0,0,1,0,0,0,0,0,0
33.0,0,2,213.0,7.0,3.0,1.0,817.0,3.0,1,49.0,3.0,3.0,3.0,1,25995.0,0,0,11.0,4.0,80.0,14.0,4.0,0.0,2.302585092994046,2.0794415416798357,2.639057329615259,9.366660126231137,0.0,1.7320508075688772,1.7320508075688772,1.7320508075688772,0,1,0,0,0,0,1,0,0,0,0,0,0,0,1,0,0,0
33.0,1,2,118.0,16.0,3.0,1.0,819.0,1.0,0,69.0,3.0,2.0,1.0,2,26507.0,0,0,15.0,3.0,80.0,6.0,3.0,1.791759469228055,1.0986122886681096,1.0986122886681096,1.3862943611198906,8.580167990577626,0.0,1.7320508075688772,1.7320508075688772,0.0,0,0,1,0,0,1,0,0,0,0,0,0,0,0,0,0,1,0
47.0,0,2,202.0,2.0,2.0,1.0,820.0,3.0,0,33.0,3.0,4.0,4.0,1,12982.0,0,1,11.0,3.0,80.0,26.0,2.0,0.6931471805599453,2.70805020110221,0.0,3.295836866004329,9.726332625693532,0.6931471805599453,1.7320508075688772,1.7320508075688772,1.7320508075688772,0,1,0,0,0,0,0,1,0,0,0,0,1,0,0,0,0,0
36.0,0,2,676.0,1.0,3.0,1.0,823.0,3.0,0,35.0,3.0,2.0,2.0,1,23361.0,0,0,15.0,1.0,80.0,10.0,3.0,0.0,2.0794415416798357,1.791759469228055,2.302585092994046,8.56197533418813,0.6931471805599453,1.4142135623730951,1.7320508075688772,0.0,0,1,0,0,0,0,0,1,0,0,0,0,0,1,0,0,0,0
29.0,0,2,1252.0,23.0,2.0,1.0,824.0,3.0,1,81.0,4.0,1.0,3.0,1,23779.0,0,0,24.0,3.0,80.0,10.0,3.0,0.6931471805599453,2.0794415416798357,2.0794415416798357,2.3978952727983707,7.901377353792616,0.6931471805599453,1.7320508075688772,2.0,0.0,0,1,0,0,1,0,0,0,0,0,0,0,0,0,0,1,0,0
58.0,1,2,286.0,2.0,4.0,1.0,825.0,4.0,1,31.0,3.0,5.0,2.0,2,25761.0,0,1,12.0,4.0,80.0,34.460000000000036,3.0,2.0794415416798357,2.772588722239781,2.1972245773362196,3.4657359027997265,9.865110483415124,0.0,1.4142135623730951,1.7320508075688772,3.605551275463989,0,1,0,0,1,0,0,0,0,0,0,0,0,0,1,0,0,0
35.0,0,2,1258.0,1.0,4.0,1.0,826.0,4.0,0,40.0,4.0,1.0,3.0,2,13301.0,0,0,13.0,3.0,80.0,7.0,3.0,1.3862943611198906,1.0986122886681096,1.0986122886681096,1.0986122886681096,7.826842098158293,0.0,0.0,1.7320508075688772,1.4142135623730951,0,1,0,0,1,0,0,0,0,0,0,0,0,0,0,1,0,0
42.0,0,2,932.0,1.0,2.0,1.0,827.0,4.0,0,43.0,2.0,2.0,4.0,1,4051.0,0,1,13.0,4.0,80.0,8.0,3.0,2.302585092994046,1.3862943611198906,1.0986122886681096,1.6094379124341003,8.70996000607173,0.6931471805599453,2.0,1.7320508075688772,0.0,0,1,0,0,1,0,0,0,0,0,0,0,0,1,0,0,0,0
28.0,1,2,890.0,2.0,4.0,1.0,828.0,3.0,1,46.0,3.0,1.0,3.0,2,16374.0,0,0,17.0,4.0,80.0,5.0,2.0,1.9459101490553132,1.0986122886681096,0.6931471805599453,1.0986122886681096,8.38548870041881,0.0,1.7320508075688772,1.7320508075688772,1.4142135623730951,0,1,0,0,0,0,1,0,0,0,0,0,0,0,0,1,0,0
36.0,0,2,1041.0,13.0,3.0,1.0,829.0,3.0,1,36.0,3.0,1.0,2.0,1,25527.0,0,0,13.0,2.0,80.0,8.0,3.0,1.6094379124341003,1.0986122886681096,1.6094379124341003,1.791759469228055,7.670428522190693,0.6931471805599453,1.4142135623730951,1.7320508075688772,0.0,1,0,0,1,0,0,0,0,0,0,1,0,0,0,0,0,0,0
32.0,0,2,859.0,4.0,3.0,1.0,830.0,3.0,0,98.0,2.0,2.0,3.0,1,19124.0,0,0,12.0,3.0,80.0,14.0,3.0,0.6931471805599453,2.639057329615259,2.1972245773362196,2.70805020110221,8.726318950962243,0.6931471805599453,1.7320508075688772,1.7320508075688772,2.449489742783178,0,1,0,0,1,0,0,0,0,0,0,0,0,1,0,0,0,0
40.0,0,1,720.0,16.0,4.0,1.0,832.0,1.0,1,51.0,2.0,2.0,3.0,2,11983.0,0,0,14.0,4.0,80.0,10.0,3.0,1.9459101490553132,0.0,0.0,0.6931471805599453,8.536014945656826,0.0,2.449489742783178,1.7320508075688772,0.0,0,1,0,0,0,0,1,0,0,0,0,1,0,0,0,0,0,0
30.0,0,2,946.0,2.0,3.0,1.0,833.0,3.0,0,52.0,2.0,2.0,4.0,2,20234.0,0,1,24.0,2.0,80.0,12.0,2.0,1.791759469228055,0.0,0.0,0.0,8.83608319099221,0.0,2.0,2.0,0.0,0,1,0,0,0,0,1,0,0,0,0,0,0,1,0,0,0,0
45.0,0,2,252.0,2.0,3.0,1.0,834.0,2.0,0,95.0,2.0,1.0,3.0,2,6153.0,0,0,14.0,4.0,80.0,1.0,3.0,0.6931471805599453,0.0,0.0,0.6931471805599453,7.729735331385051,0.0,1.7320508075688772,1.7320508075688772,0.0,0,1,0,0,1,0,0,0,0,0,0,0,0,0,0,1,0,0
42.0,0,2,933.0,29.0,3.0,1.0,836.0,2.0,1,98.0,3.0,2.0,2.0,1,11806.0,0,0,13.0,4.0,80.0,10.0,2.0,0.6931471805599453,2.1972245773362196,2.1972245773362196,2.302585092994046,8.39728289474368,0.6931471805599453,1.7320508075688772,1.7320508075688772,2.6457513110645907,0,1,0,0,1,0,0,0,0,0,0,0,0,1,0,0,0,0
38.0,0,1,471.0,12.0,3.0,1.0,837.0,1.0,1,45.0,2.0,2.0,1.0,0,4284.0,0,0,15.0,3.0,80.0,13.0,2.0,1.0986122886681096,1.3862943611198906,1.0986122886681096,1.6094379124341003,8.746557354543503,0.6931471805599453,1.7320508075688772,1.7320508075688772,1.0,0,1,0,0,1,0,0,0,0,1,0,0,0,0,0,0,0,0
34.0,0,1,702.0,16.0,4.0,1.0,838.0,3.0,0,100.0,2.0,1.0,4.0,2,8306.0,0,0,16.0,3.0,80.0,6.0,3.0,0.6931471805599453,1.0986122886681096,1.3862943611198906,1.791759469228055,7.845416036592485,0.0,1.7320508075688772,1.7320508075688772,1.0,0,1,0,0,1,0,0,0,0,0,0,0,0,0,0,1,0,0
49.0,1,2,1184.0,11.0,3.0,1.0,840.0,3.0,0,43.0,3.0,3.0,4.0,1,5860.0,0,0,18.0,1.0,80.0,9.0,4.0,0.6931471805599453,2.1972245773362196,2.0794415416798357,2.302585092994046,8.943114308091785,1.0986122886681096,1.7320508075688772,1.7320508075688772,2.6457513110645907,0,0,1,0,0,1,0,0,0,0,0,0,0,0,0,0,1,0
55.0,1,2,436.0,2.0,1.0,1.0,842.0,3.0,1,37.0,3.0,2.0,4.0,2,21519.0,0,0,16.0,3.0,80.0,12.0,2.0,1.6094379124341003,2.0794415416798357,1.3862943611198906,2.302585092994046,8.548885638148727,0.0,1.7320508075688772,1.7320508075688772,2.6457513110645907,0,0,1,0,0,0,1,0,0,0,0,0,0,0,0,0,1,0
43.0,0,2,589.0,14.0,2.0,1.0,843.0,2.0,1,94.0,3.0,4.0,1.0,1,5200.0,0,0,24.0,3.0,80.0,22.0,3.0,1.9459101490553132,0.6931471805599453,0.0,1.6094379124341003,9.750336373041954,0.6931471805599453,1.7320508075688772,2.0,1.0,0,1,0,0,1,0,0,0,0,0,0,0,0,0,1,0,0,0
27.0,0,2,269.0,5.0,1.0,1.0,844.0,3.0,1,42.0,2.0,3.0,4.0,0,8842.0,0,1,16.0,2.0,80.0,9.0,3.0,0.6931471805599453,2.1972245773362196,2.1972245773362196,2.302585092994046,9.457903327831136,0.6931471805599453,1.7320508075688772,1.7320508075688772,0.0,0,1,0,0,0,0,0,0,1,0,0,0,0,0,1,0,0,0
35.0,0,2,950.0,7.0,3.0,1.0,845.0,3.0,1,59.0,3.0,3.0,3.0,2,18869.0,0,0,21.0,2.0,80.0,17.0,4.0,1.3862943611198906,1.791759469228055,1.9459101490553132,2.1972245773362196,9.232297539328226,0.0,1.7320508075688772,2.0,1.0,0,1,0,0,0,0,0,1,0,0,0,0,0,1,0,0,0,0
28.0,0,2,760.0,2.0,4.0,1.0,846.0,2.0,0,81.0,3.0,2.0,2.0,1,3698.0,0,1,20.0,1.0,80.0,8.0,3.0,0.6931471805599453,2.0794415416798357,1.791759469228055,2.1972245773362196,8.472195825485501,0.0,1.4142135623730951,2.0,2.6457513110645907,0,0,1,0,0,1,0,0,0,0,0,0,0,0,0,0,1,0
34.0,0,2,829.0,3.0,2.0,1.0,847.0,3.0,1,88.0,3.0,1.0,4.0,1,2243.0,0,0,19.0,3.0,80.0,4.0,1.0,0.0,1.0986122886681096,1.0986122886681096,1.3862943611198906,8.226305988015508,0.6931471805599453,1.0,1.7320508075688772,0.0,1,0,0,1,0,0,0,0,0,0,1,0,0,0,0,0,0,0
26.0,1,1,887.0,5.0,2.0,1.0,848.0,3.0,0,88.0,2.0,1.0,3.0,1,20898.0,0,1,14.0,1.0,80.0,8.0,3.0,0.6931471805599453,2.0794415416798357,2.0794415416798357,2.1972245773362196,7.769378609513984,0.6931471805599453,1.4142135623730951,1.7320508075688772,1.0,0,1,0,0,0,0,1,0,0,0,0,0,0,0,0,1,0,0
27.0,0,0,443.0,3.0,3.0,1.0,850.0,4.0,1,50.0,3.0,1.0,4.0,1,16571.0,0,0,11.0,3.0,80.0,1.0,2.0,0.6931471805599453,0.0,0.0,0.0,7.442492722794441,1.3862943611198906,2.449489742783178,1.7320508075688772,0.0,0,1,0,0,0,0,1,0,0,0,0,0,0,0,0,1,0,0
51.0,0,2,1318.0,26.0,4.0,1.0,851.0,1.0,0,66.0,3.0,4.0,3.0,1,5594.0,0,0,14.0,3.0,80.0,29.0,2.0,1.0986122886681096,1.9459101490553132,2.8903717578961645,3.044522437723423,9.699411063939143,0.6931471805599453,1.4142135623730951,1.7320508075688772,2.0,0,0,1,0,0,1,0,0,0,0,0,0,1,0,0,0,0,0
44.0,0,2,625.0,4.0,3.0,1.0,852.0,4.0,1,50.0,3.0,2.0,2.0,2,5197.0,0,0,12.0,4.0,80.0,10.0,2.0,2.302585092994046,1.0986122886681096,1.3862943611198906,1.791759469228055,8.688453800850768,0.0,1.4142135623730951,1.7320508075688772,1.4142135623730951,0,1,0,0,0,0,1,0,0,1,0,0,0,0,0,0,0,0
25.0,0,2,180.0,2.0,1.0,1.0,854.0,1.0,1,65.0,4.0,1.0,1.0,2,21632.0,0,0,13.0,3.0,80.0,6.0,2.0,2.0794415416798357,1.3862943611198906,0.6931471805599453,1.6094379124341003,8.138856750696325,0.0,1.7320508075688772,1.7320508075688772,0.0,0,1,0,0,0,0,1,0,0,0,0,0,0,0,0,1,0,0
33.0,0,2,586.0,1.0,3.0,1.0,855.0,1.0,1,48.0,4.0,2.0,1.0,0,21816.0,0,0,22.0,1.0,80.0,9.0,3.0,0.6931471805599453,2.1972245773362196,2.1972245773362196,2.302585092994046,8.303504798872783,0.6931471805599453,2.23606797749979,2.0,0.0,0,0,1,0,0,0,1,0,0,0,0,0,0,0,0,0,1,0
35.0,0,2,1343.0,27.0,1.0,1.0,856.0,3.0,0,53.0,2.0,1.0,1.0,2,17852.0,0,0,11.0,4.0,80.0,6.0,2.0,0.6931471805599453,1.791759469228055,0.6931471805599453,1.9459101490553132,7.847762537473608,0.0,1.7320508075688772,1.7320508075688772,1.0,0,1,0,0,0,0,1,0,0,0,0,0,0,0,0,1,0,0
36.0,0,2,928.0,1.0,2.0,1.0,857.0,2.0,1,56.0,3.0,2.0,4.0,1,2823.0,0,1,14.0,4.0,80.0,18.0,2.0,0.6931471805599453,2.70805020110221,2.4849066497880004,2.9444389791664403,8.732627099660395,0.6931471805599453,1.0,1.7320508075688772,2.0,0,0,1,0,1,0,0,0,0,0,0,0,0,0,0,0,1,0
32.0,0,2,117.0,13.0,4.0,1.0,859.0,2.0,1,73.0,3.0,2.0,4.0,0,9250.0,0,0,11.0,3.0,80.0,8.0,2.0,1.0986122886681096,1.0986122886681096,1.3862943611198906,1.791759469228055,8.390268497842571,0.6931471805599453,1.7320508075688772,1.7320508075688772,0.0,0,0,1,0,1,0,0,0,0,0,0,0,0,0,0,0,1,0
30.0,0,1,1012.0,5.0,4.0,1.0,861.0,2.0,1,75.0,2.0,1.0,4.0,0,2373.0,0,0,12.0,2.0,80.0,10.0,2.0,2.302585092994046,1.6094379124341003,1.3862943611198906,1.791759469228055,8.232706009860976,0.6931471805599453,1.7320508075688772,1.7320508075688772,0.0,0,1,0,0,1,0,0,0,0,0,0,0,0,0,0,1,0,0
53.0,0,2,661.0,7.0,2.0,1.0,862.0,1.0,0,78.0,2.0,3.0,4.0,1,20715.0,0,1,18.0,4.0,80.0,34.460000000000036,3.0,2.0794415416798357,1.0986122886681096,1.6094379124341003,1.791759469228055,9.299723933110869,0.6931471805599453,1.7320508075688772,1.7320508075688772,0.0,0,0,1,0,0,1,0,0,0,0,0,0,0,0,0,0,1,0
45.0,0,2,930.0,9.0,3.0,1.0,864.0,4.0,1,74.0,3.0,3.0,1.0,0,19239.0,0,1,12.0,3.0,80.0,18.0,3.0,1.6094379124341003,1.6094379124341003,1.0986122886681096,1.791759469228055,9.283776690049365,0.6931471805599453,1.4142135623730951,1.7320508075688772,0.0,0,0,1,0,0,1,0,0,0,0,0,0,0,0,0,0,1,0
32.0,0,2,638.0,8.0,2.0,1.0,865.0,3.0,0,91.0,4.0,2.0,3.0,1,22162.0,0,0,12.0,3.0,80.0,9.0,2.0,1.791759469228055,1.3862943611198906,1.3862943611198906,1.791759469228055,8.551787836180736,0.6931471805599453,1.7320508075688772,1.7320508075688772,1.0,0,1,0,0,0,0,1,0,0,0,0,0,0,0,0,1,0,0
52.0,0,1,890.0,25.0,4.0,1.0,867.0,3.0,0,81.0,2.0,4.0,4.0,1,19028.0,0,0,22.0,3.0,80.0,31.0,3.0,1.3862943611198906,2.1972245773362196,0.0,2.302585092994046,9.534378481388618,0.0,1.7320508075688772,2.0,0.0,0,1,0,0,0,0,1,0,0,0,0,0,0,1,0,0,0,0
37.0,0,2,342.0,16.0,4.0,1.0,868.0,4.0,1,66.0,2.0,2.0,3.0,0,24558.0,0,0,19.0,4.0,80.0,9.0,3.0,1.6094379124341003,0.0,0.0,0.6931471805599453,8.75384509275524,1.0986122886681096,1.4142135623730951,1.7320508075688772,0.0,0,0,1,0,0,1,0,0,0,0,0,0,0,0,0,0,1,0
28.0,0,2,1169.0,8.0,2.0,1.0,869.0,2.0,1,63.0,2.0,1.0,4.0,0,23965.0,0,0,13.0,4.0,80.0,6.0,3.0,0.6931471805599453,0.6931471805599453,1.6094379124341003,1.791759469228055,8.504513138258863,0.6931471805599453,2.449489742783178,1.7320508075688772,0.0,1,0,0,0,0,0,1,0,0,0,1,0,0,0,0,0,0,0
22.0,0,2,1230.0,1.0,2.0,1.0,872.0,4.0,1,33.0,2.0,2.0,4.0,1,19146.0,0,0,22.0,1.0,80.0,4.0,1.0,1.9459101490553132,1.0986122886681096,1.0986122886681096,1.0986122886681096,8.471358655072438,1.0986122886681096,1.4142135623730951,2.0,1.4142135623730951,0,1,0,0,1,0,0,0,0,0,0,0,0,1,0,0,0,0
44.0,0,2,986.0,8.0,4.0,1.0,874.0,1.0,1,62.0,4.0,1.0,4.0,1,5044.0,0,1,24.0,3.0,80.0,10.0,2.0,1.0986122886681096,1.0986122886681096,1.0986122886681096,1.3862943611198906,7.9441374911141125,0.6931471805599453,1.4142135623730951,2.0,0.0,0,1,0,0,1,0,0,0,0,0,0,1,0,0,0,0,0,0
42.0,0,1,1271.0,2.0,1.0,1.0,875.0,2.0,1,35.0,3.0,1.0,4.0,2,9068.0,0,1,14.0,4.0,80.0,8.0,3.0,1.791759469228055,0.6931471805599453,1.0986122886681096,1.0986122886681096,7.830425617820331,0.0,1.4142135623730951,1.7320508075688772,1.4142135623730951,0,1,0,0,0,0,1,0,0,0,0,0,0,0,0,1,0,0
36.0,0,2,1278.0,8.0,3.0,1.0,878.0,1.0,1,77.0,2.0,1.0,1.0,1,8635.0,0,0,21.0,3.0,80.0,6.0,3.0,0.0,1.6094379124341003,1.3862943611198906,1.791759469228055,7.759187438507795,0.0,1.7320508075688772,2.0,0.0,1,0,0,0,1,0,0,0,0,0,1,0,0,0,0,0,0,0
25.0,0,2,141.0,3.0,1.0,1.0,879.0,3.0,1,98.0,3.0,2.0,1.0,1,14363.0,0,1,18.0,4.0,80.0,5.0,3.0,0.6931471805599453,1.3862943611198906,1.3862943611198906,1.791759469228055,8.341648618901306,0.0,1.7320508075688772,1.7320508075688772,0.0,0,0,1,0,0,0,0,1,0,0,0,0,0,0,0,0,1,0
35.0,0,2,607.0,9.0,3.0,1.0,880.0,4.0,0,66.0,2.0,3.0,3.0,1,23457.0,0,1,20.0,2.0,80.0,17.0,3.0,0.6931471805599453,2.70805020110221,2.772588722239781,2.8903717578961645,9.276689752517717,0.6931471805599453,1.4142135623730951,2.0,2.23606797749979,0,1,0,0,1,0,0,0,0,0,0,0,0,1,0,0,0,0
35.0,1,1,130.0,25.0,4.0,1.0,881.0,4.0,0,96.0,3.0,1.0,2.0,0,16612.0,0,1,19.0,1.0,80.0,10.0,2.0,0.6931471805599453,1.0986122886681096,2.1972245773362196,2.3978952727983707,7.612336837167746,0.6931471805599453,1.7320508075688772,1.7320508075688772,2.6457513110645907,0,1,0,0,1,0,0,0,0,0,0,0,0,0,0,1,0,0
32.0,0,0,300.0,1.0,3.0,1.0,882.0,4.0,1,61.0,3.0,1.0,4.0,0,9148.0,0,0,12.0,2.0,80.0,4.0,3.0,0.0,0.0,1.0986122886681096,1.3862943611198906,7.747164966520335,0.6931471805599453,1.4142135623730951,1.7320508075688772,0.0,0,1,0,0,1,0,0,0,0,0,0,1,0,0,0,0,0,0
25.0,0,2,583.0,4.0,1.0,1.0,885.0,3.0,1,87.0,2.0,2.0,1.0,1,18154.0,0,0,12.0,1.0,80.0,5.0,4.0,0.6931471805599453,1.0986122886681096,1.3862943611198906,1.791759469228055,8.356319965828153,0.0,1.0,1.7320508075688772,0.0,0,0,1,0,0,1,0,0,0,0,0,0,0,0,0,0,1,0
49.0,0,2,1418.0,1.0,3.0,1.0,887.0,3.0,0,36.0,3.0,1.0,1.0,1,10554.0,0,0,16.0,2.0,80.0,7.0,3.0,1.0986122886681096,1.0986122886681096,1.0986122886681096,1.6094379124341003,8.183397369998433,0.6931471805599453,1.4142135623730951,1.7320508075688772,0.0,0,1,0,0,0,0,0,0,1,0,0,0,0,0,0,1,0,0
24.0,0,0,1269.0,4.0,1.0,1.0,888.0,1.0,1,46.0,2.0,1.0,4.0,1,10778.0,0,0,17.0,4.0,80.0,6.0,2.0,0.0,1.0986122886681096,1.6094379124341003,1.791759469228055,8.059276223305648,0.0,1.4142135623730951,1.7320508075688772,1.7320508075688772,0,1,0,0,1,0,0,0,0,0,0,1,0,0,0,0,0,0
32.0,0,1,379.0,5.0,2.0,1.0,889.0,2.0,1,48.0,3.0,2.0,2.0,1,8891.0,0,0,14.0,4.0,80.0,10.0,3.0,0.6931471805599453,2.1972245773362196,1.3862943611198906,2.3978952727983707,8.783396232190894,0.6931471805599453,1.7320508075688772,1.7320508075688772,2.23606797749979,0,0,1,0,1,0,0,0,0,0,0,0,0,0,0,0,1,0
38.0,0,2,395.0,9.0,3.0,1.0,893.0,2.0,1,98.0,2.0,1.0,2.0,1,12102.0,0,0,19.0,4.0,80.0,3.0,3.0,0.0,1.0986122886681096,1.0986122886681096,1.0986122886681096,7.9724660159745655,0.6931471805599453,1.7320508075688772,1.7320508075688772,1.0,0,0,1,0,0,1,0,0,0,0,0,0,0,0,0,0,0,1
42.0,0,2,1265.0,3.0,3.0,1.0,894.0,3.0,0,95.0,4.0,2.0,4.0,1,23726.0,0,1,13.0,2.0,80.0,17.0,2.0,1.0986122886681096,1.3862943611198906,1.3862943611198906,1.791759469228055,8.562548893137034,0.6931471805599453,1.0,1.7320508075688772,1.0,0,1,0,0,1,0,0,0,0,0,0,1,0,0,0,0,0,0
31.0,0,2,1222.0,11.0,4.0,1.0,895.0,4.0,1,48.0,3.0,1.0,4.0,1,14871.0,0,1,19.0,2.0,80.0,8.0,3.0,1.3862943611198906,1.6094379124341003,1.0986122886681096,1.9459101490553132,7.7651449029361315,0.6931471805599453,1.4142135623730951,1.7320508075688772,0.0,0,1,0,0,1,0,0,0,0,0,0,0,0,0,0,1,0,0
29.0,1,2,341.0,1.0,3.0,1.0,896.0,2.0,0,48.0,2.0,1.0,3.0,0,23522.0,0,1,19.0,3.0,80.0,5.0,3.0,1.9459101490553132,1.0986122886681096,1.0986122886681096,1.3862943611198906,7.937731775260109,1.3862943611198906,1.7320508075688772,1.7320508075688772,0.0,0,0,1,0,0,0,1,0,0,0,0,0,0,0,0,0,0,1
53.0,0,2,868.0,8.0,3.0,1.0,897.0,1.0,1,73.0,3.0,4.0,4.0,1,22789.0,0,0,14.0,3.0,80.0,28.0,3.0,1.791759469228055,0.0,1.0986122886681096,1.0986122886681096,9.378985497953893,0.6931471805599453,1.7320508075688772,1.7320508075688772,1.4142135623730951,0,0,1,0,0,1,0,0,0,0,0,0,0,0,0,0,1,0
35.0,0,2,672.0,25.0,3.0,1.0,899.0,4.0,1,78.0,2.0,3.0,2.0,1,9129.0,0,0,16.0,1.0,80.0,16.0,3.0,1.3862943611198906,2.3978952727983707,2.1972245773362196,2.639057329615259,9.296884973376368,0.0,1.4142135623730951,1.7320508075688772,2.0,0,1,0,0,0,0,0,0,1,0,0,0,0,1,0,0,0,0
37.0,0,1,1231.0,21.0,2.0,1.0,900.0,3.0,0,54.0,3.0,1.0,4.0,1,21222.0,0,0,15.0,2.0,80.0,10.0,3.0,1.791759469228055,1.6094379124341003,0.0,1.791759469228055,7.9976631270201,0.6931471805599453,1.7320508075688772,1.7320508075688772,0.0,0,0,1,0,0,0,1,0,0,0,0,0,0,0,0,0,0,1
53.0,0,2,102.0,23.0,4.0,1.0,901.0,4.0,0,72.0,3.0,4.0,4.0,2,20206.0,0,0,18.0,3.0,80.0,33.0,3.0,1.9459101490553132,2.302585092994046,2.1972245773362196,2.5649493574615367,9.566335084610051,0.0,0.0,1.7320508075688772,1.7320508075688772,0,1,0,0,1,0,0,0,0,0,0,0,0,0,1,0,0,0
43.0,0,1,422.0,1.0,3.0,1.0,902.0,4.0,0,33.0,3.0,2.0,4.0,1,21782.0,0,0,13.0,2.0,80.0,12.0,2.0,1.6094379124341003,1.0986122886681096,1.0986122886681096,1.791759469228055,8.623892810075294,0.6931471805599453,1.4142135623730951,1.7320508075688772,1.4142135623730951,0,1,0,0,1,0,0,0,0,1,0,0,0,0,0,0,0,0
47.0,0,2,249.0,2.0,2.0,1.0,903.0,3.0,0,35.0,3.0,2.0,4.0,1,17783.0,0,1,22.0,1.0,80.0,8.0,3.0,0.0,1.9459101490553132,2.0794415416798357,2.0794415416798357,8.420241665339788,0.6931471805599453,1.4142135623730951,2.0,2.6457513110645907,0,0,1,0,0,1,0,0,0,0,0,0,0,0,0,0,1,0
37.0,0,0,1252.0,19.0,2.0,1.0,904.0,1.0,1,32.0,3.0,3.0,2.0,2,4814.0,0,1,13.0,4.0,80.0,10.0,3.0,0.6931471805599453,0.0,2.302585092994046,2.3978952727983707,8.941545475242885,0.0,1.4142135623730951,1.7320508075688772,0.0,0,0,1,0,0,0,1,0,0,0,0,0,0,0,0,0,1,0
50.0,0,0,881.0,2.0,4.0,1.0,905.0,1.0,1,98.0,3.0,4.0,1.0,0,4544.0,0,0,11.0,4.0,80.0,31.0,3.0,0.6931471805599453,1.9459101490553132,2.0794415416798357,3.4657359027997265,9.793951665467821,0.6931471805599453,1.7320508075688772,1.7320508075688772,3.605551275463989,0,1,0,0,1,0,0,0,0,0,0,0,1,0,0,0,0,0
39.0,0,2,1383.0,2.0,3.0,1.0,909.0,4.0,0,42.0,2.0,2.0,4.0,1,7790.0,0,0,11.0,3.0,80.0,13.0,3.0,2.1972245773362196,1.6094379124341003,1.6094379124341003,1.791759469228055,8.557374981049069,1.0986122886681096,1.4142135623730951,1.7320508075688772,0.0,1,0,0,0,1,0,0,0,0,0,1,0,0,0,0,0,0,0
33.0,0,2,1075.0,3.0,2.0,1.0,910.0,4.0,1,57.0,3.0,1.0,2.0,0,22650.0,0,1,11.0,3.0,80.0,7.0,4.0,1.3862943611198906,1.3862943611198906,1.3862943611198906,1.6094379124341003,7.731053144007127,0.6931471805599453,2.0,1.7320508075688772,0.0,1,0,0,1,0,0,0,0,0,0,1,0,0,0,0,0,0,0
32.0,1,2,374.0,25.0,4.0,1.0,911.0,1.0,1,87.0,3.0,1.0,4.0,2,18016.0,0,1,24.0,3.0,80.0,1.0,1.0,0.6931471805599453,0.0,0.6931471805599453,0.6931471805599453,7.935945103353701,0.0,1.4142135623730951,2.0,0.0,0,1,0,0,1,0,0,0,0,0,0,1,0,0,0,0,0,0
29.0,0,2,1086.0,7.0,1.0,1.0,912.0,1.0,0,62.0,2.0,1.0,4.0,0,6054.0,0,0,14.0,3.0,80.0,8.0,3.0,1.9459101490553132,1.3862943611198906,1.3862943611198906,1.6094379124341003,7.837159650001675,1.3862943611198906,2.23606797749979,1.7320508075688772,0.0,0,1,0,0,0,0,1,0,0,0,0,1,0,0,0,0,0,0
44.0,0,2,661.0,9.0,2.0,1.0,913.0,2.0,1,61.0,3.0,1.0,1.0,1,7508.0,0,1,13.0,4.0,80.0,8.0,3.0,0.6931471805599453,2.0794415416798357,0.6931471805599453,2.1972245773362196,7.847762537473608,0.0,0.0,1.7320508075688772,2.6457513110645907,0,1,0,0,1,0,0,0,0,0,0,0,0,0,0,1,0,0
28.0,0,2,821.0,5.0,4.0,1.0,916.0,1.0,1,98.0,3.0,2.0,4.0,2,24252.0,0,0,14.0,2.0,80.0,4.0,3.0,0.6931471805599453,1.0986122886681096,1.0986122886681096,1.6094379124341003,8.498825534058053,0.0,1.7320508075688772,1.7320508075688772,0.0,0,0,1,0,0,0,1,0,0,0,0,0,0,0,0,0,1,0
58.0,1,1,781.0,2.0,1.0,1.0,918.0,4.0,1,57.0,2.0,1.0,4.0,0,13384.0,0,1,14.0,4.0,80.0,3.0,2.0,2.302585092994046,0.0,0.0,0.6931471805599453,7.7752758464868625,0.6931471805599453,1.7320508075688772,1.7320508075688772,0.0,0,1,0,0,1,0,0,0,0,0,0,1,0,0,0,0,0,0
43.0,0,2,177.0,8.0,3.0,1.0,920.0,1.0,0,55.0,3.0,2.0,2.0,0,23814.0,0,0,21.0,3.0,80.0,4.0,4.0,1.6094379124341003,0.0,0.0,0.6931471805599453,8.469262657658687,0.6931471805599453,1.4142135623730951,2.0,0.0,0,1,0,0,1,0,0,0,0,0,0,0,0,1,0,0,0,0
20.0,1,2,500.0,2.0,3.0,1.0,922.0,3.0,0,49.0,2.0,1.0,3.0,2,22052.0,0,0,13.0,4.0,80.0,2.0,2.0,0.6931471805599453,1.0986122886681096,1.0986122886681096,1.0986122886681096,7.623153068476902,0.0,1.7320508075688772,1.7320508075688772,0.0,0,0,1,0,0,0,1,0,0,0,0,0,0,0,0,0,0,1
21.0,1,2,1427.0,18.0,1.0,1.0,923.0,4.0,0,65.0,3.0,1.0,4.0,2,8870.0,0,0,19.0,1.0,80.0,1.0,2.0,0.6931471805599453,0.0,0.0,0.6931471805599453,7.898782356970309,0.0,1.7320508075688772,1.7320508075688772,0.0,0,1,0,0,0,0,0,1,0,0,0,0,0,0,0,1,0,0
36.0,0,2,1425.0,14.0,1.0,1.0,924.0,3.0,1,68.0,3.0,2.0,4.0,1,4821.0,0,1,17.0,1.0,80.0,17.0,2.0,0.0,2.1972245773362196,2.4849066497880004,2.833213344056216,8.792853288640693,0.6931471805599453,1.4142135623730951,1.7320508075688772,2.0,0,1,0,0,1,0,0,0,0,1,0,0,0,0,0,0,0,0
47.0,0,2,1454.0,2.0,4.0,1.0,925.0,4.0,0,65.0,2.0,1.0,4.0,2,13137.0,0,1,18.0,1.0,80.0,3.0,2.0,0.6931471805599453,1.0986122886681096,1.0986122886681096,1.3862943611198906,8.100161446936607,0.0,1.7320508075688772,1.7320508075688772,1.0,0,0,1,0,1,0,0,0,0,0,0,0,0,0,0,0,0,1
22.0,1,2,617.0,3.0,1.0,1.0,926.0,2.0,0,34.0,3.0,2.0,3.0,1,10022.0,0,1,19.0,1.0,80.0,4.0,4.0,0.0,1.0986122886681096,1.0986122886681096,1.3862943611198906,8.336150816120663,0.6931471805599453,1.7320508075688772,1.7320508075688772,0.0,0,1,0,0,1,0,0,0,0,0,0,0,0,1,0,0,0,0
41.0,1,2,1085.0,2.0,4.0,1.0,927.0,2.0,0,57.0,1.0,1.0,4.0,0,17725.0,0,1,13.0,3.0,80.0,10.0,2.0,1.6094379124341003,2.0794415416798357,0.0,2.0794415416798357,7.929846429742503,0.6931471805599453,1.0,1.7320508075688772,1.0,0,1,0,0,1,0,0,0,0,0,0,1,0,0,0,0,0,0
28.0,0,2,995.0,9.0,3.0,1.0,930.0,3.0,0,77.0,3.0,1.0,3.0,0,9834.0,0,0,18.0,2.0,80.0,6.0,3.0,1.791759469228055,1.0986122886681096,1.0986122886681096,1.0986122886681096,7.774015077250727,0.6931471805599453,1.4142135623730951,1.7320508075688772,1.4142135623730951,0,1,0,0,0,0,1,0,0,0,0,0,0,0,0,1,0,0
39.0,1,2,1122.0,6.0,3.0,1.0,932.0,4.0,1,70.0,3.0,1.0,1.0,1,4303.0,0,1,21.0,4.0,80.0,8.0,1.0,2.0794415416798357,1.0986122886681096,1.0986122886681096,1.0986122886681096,7.785305182539862,0.0,1.4142135623730951,2.0,1.4142135623730951,0,1,0,0,0,0,1,0,0,0,0,1,0,0,0,0,0,0
27.0,0,2,618.0,4.0,3.0,1.0,933.0,2.0,0,76.0,3.0,1.0,3.0,2,17808.0,0,0,19.0,3.0,80.0,1.0,3.0,0.6931471805599453,0.6931471805599453,0.0,0.6931471805599453,7.7488913372555315,0.0,1.4142135623730951,1.7320508075688772,0.0,0,1,0,0,1,0,0,0,0,0,0,0,0,0,0,1,0,0
34.0,0,2,546.0,10.0,3.0,1.0,934.0,2.0,1,83.0,3.0,1.0,2.0,0,6896.0,0,0,14.0,2.0,80.0,1.0,3.0,0.6931471805599453,0.0,0.0,0.6931471805599453,7.605392364814934,1.0986122886681096,1.7320508075688772,1.7320508075688772,1.0,0,1,0,0,1,0,0,0,0,0,0,1,0,0,0,0,0,0
42.0,0,2,462.0,14.0,2.0,1.0,936.0,3.0,0,68.0,2.0,2.0,3.0,2,7824.0,0,0,17.0,1.0,80.0,10.0,3.0,2.0794415416798357,1.6094379124341003,1.3862943611198906,1.791759469228055,8.739536422559677,0.0,2.449489742783178,1.7320508075688772,0.0,0,0,1,0,0,0,1,0,0,0,0,0,0,0,0,0,1,0
33.0,0,2,1198.0,1.0,4.0,1.0,939.0,3.0,1,100.0,2.0,1.0,1.0,2,3339.0,0,1,11.0,2.0,80.0,6.0,3.0,1.3862943611198906,1.0986122886681096,1.0986122886681096,1.3862943611198906,7.937374696163295,0.0,1.0,1.7320508075688772,0.0,0,1,0,0,0,0,0,1,0,0,0,0,0,0,0,1,0,0
58.0,0,2,1272.0,5.0,3.0,1.0,940.0,3.0,0,37.0,2.0,3.0,2.0,0,9255.0,0,1,13.0,4.0,80.0,24.0,3.0,1.0986122886681096,0.0,1.6094379124341003,1.9459101490553132,9.26416545867109,0.6931471805599453,1.7320508075688772,1.7320508075688772,0.0,0,1,0,0,0,0,0,0,1,1,0,0,0,0,0,0,0,0
31.0,0,2,154.0,7.0,4.0,1.0,941.0,2.0,1,41.0,2.0,1.0,3.0,1,11737.0,0,0,15.0,2.0,80.0,13.0,4.0,1.3862943611198906,2.0794415416798357,1.0986122886681096,2.0794415416798357,7.753623546559746,0.0,1.4142135623730951,1.7320508075688772,2.23606797749979,0,0,1,0,1,0,0,0,0,0,0,0,0,0,0,0,0,1
35.0,0,2,1137.0,21.0,1.0,1.0,942.0,4.0,0,51.0,3.0,2.0,4.0,1,19170.0,0,1,25.0,4.0,80.0,10.0,1.0,0.6931471805599453,1.9459101490553132,2.0794415416798357,2.3978952727983707,8.297792626380861,0.6931471805599453,1.4142135623730951,2.0,0.0,0,1,0,0,1,0,0,0,0,1,0,0,0,0,0,0,0,0
49.0,0,2,527.0,8.0,2.0,1.0,944.0,1.0,0,51.0,3.0,3.0,2.0,1,22477.0,0,0,11.0,3.0,80.0,29.0,2.0,1.6094379124341003,2.302585092994046,2.0794415416798357,3.295836866004329,8.909775673693389,0.6931471805599453,1.7320508075688772,1.7320508075688772,1.0,0,1,0,0,0,0,0,1,0,0,0,1,0,0,0,0,0,0
48.0,0,2,1469.0,20.0,4.0,1.0,945.0,4.0,1,51.0,3.0,1.0,3.0,1,5543.0,0,0,17.0,1.0,80.0,13.0,2.0,1.6094379124341003,0.0,0.0,0.0,7.723120092266331,1.0986122886681096,1.4142135623730951,1.7320508075688772,0.0,0,1,0,0,0,0,1,0,0,0,0,0,0,0,0,1,0,0
31.0,0,0,1188.0,20.0,2.0,1.0,947.0,4.0,0,45.0,3.0,2.0,3.0,1,24406.0,0,0,13.0,4.0,80.0,9.0,2.0,0.6931471805599453,2.1972245773362196,0.0,2.302585092994046,8.84404789894249,0.6931471805599453,1.4142135623730951,1.7320508075688772,0.0,0,0,1,0,0,1,0,0,0,0,0,0,0,0,0,0,1,0
36.0,0,2,188.0,7.0,4.0,1.0,949.0,2.0,1,65.0,3.0,1.0,4.0,2,23293.0,0,0,18.0,3.0,80.0,8.0,3.0,1.0986122886681096,1.0986122886681096,0.6931471805599453,1.9459101490553132,8.450839690866216,0.0,2.449489742783178,1.7320508075688772,0.0,0,1,0,0,0,0,0,1,0,0,0,0,0,0,0,1,0,0
38.0,0,2,1333.0,1.0,3.0,1.0,950.0,4.0,0,80.0,3.0,3.0,1.0,1,16292.0,0,0,13.0,2.0,80.0,15.0,3.0,0.6931471805599453,2.5649493574615367,2.4849066497880004,2.772588722239781,9.51657428982249,0.6931471805599453,1.7320508075688772,1.7320508075688772,2.23606797749979,0,1,0,0,0,0,0,0,1,0,0,0,0,0,1,0,0,0
32.0,0,0,1184.0,1.0,3.0,1.0,951.0,3.0,0,70.0,2.0,1.0,2.0,1,3974.0,0,0,20.0,3.0,80.0,5.0,3.0,1.9459101490553132,0.0,1.0986122886681096,1.3862943611198906,7.75491027202143,0.0,1.7320508075688772,2.0,0.0,0,1,0,0,1,0,0,0,0,0,0,1,0,0,0,0,0,0
25.0,1,2,867.0,19.0,2.0,1.0,952.0,3.0,1,36.0,2.0,1.0,2.0,1,18798.0,0,1,18.0,3.0,80.0,1.0,3.0,0.6931471805599453,0.0,0.0,0.6931471805599453,7.789040401657477,1.3862943611198906,1.4142135623730951,1.7320508075688772,0.0,0,0,1,0,0,1,0,0,0,0,0,0,0,0,0,0,0,1
40.0,0,2,658.0,10.0,4.0,1.0,954.0,1.0,1,67.0,2.0,3.0,2.0,0,20652.0,0,0,12.0,2.0,80.0,11.0,2.0,1.0986122886681096,0.0,0.0,0.6931471805599453,9.18049952996516,0.6931471805599453,1.4142135623730951,1.7320508075688772,0.0,0,0,1,0,0,1,0,0,0,0,0,0,0,0,0,0,1,0
26.0,0,1,1283.0,1.0,3.0,1.0,956.0,3.0,1,52.0,2.0,2.0,1.0,2,11148.0,0,0,12.0,2.0,80.0,7.0,3.0,0.6931471805599453,2.0794415416798357,2.0794415416798357,2.0794415416798357,8.365206834418355,0.0,1.4142135623730951,1.7320508075688772,0.0,0,0,1,0,0,0,1,0,0,0,0,0,0,0,0,0,1,0
41.0,0,2,263.0,6.0,3.0,1.0,957.0,4.0,1,59.0,3.0,1.0,1.0,2,3119.0,0,1,13.0,3.0,80.0,20.0,3.0,1.0986122886681096,2.639057329615259,2.8903717578961645,2.9444389791664403,8.459987717645458,0.0,1.7320508075688772,1.7320508075688772,1.4142135623730951,0,1,0,0,0,0,1,0,0,0,0,1,0,0,0,0,0,0
36.0,0,2,938.0,2.0,4.0,1.0,958.0,3.0,1,79.0,3.0,1.0,3.0,2,12287.0,0,0,21.0,3.0,80.0,16.0,3.0,1.6094379124341003,2.1972245773362196,2.302585092994046,2.4849066497880004,7.832014180505469,0.0,2.449489742783178,2.0,1.7320508075688772,0,1,0,0,0,0,1,0,0,0,0,1,0,0,0,0,0,0
19.0,1,2,419.0,21.0,3.0,1.0,959.0,4.0,1,37.0,2.0,1.0,2.0,2,9947.0,0,1,13.0,2.0,80.0,1.0,4.0,0.6931471805599453,0.0,0.0,0.6931471805599453,7.660114319173928,0.0,1.7320508075688772,1.7320508075688772,0.0,0,0,1,0,0,0,0,1,0,0,0,0,0,0,0,0,0,1
20.0,1,2,129.0,4.0,3.0,1.0,960.0,1.0,1,84.0,3.0,1.0,1.0,2,13008.0,0,0,19.0,2.0,80.0,1.0,3.0,0.6931471805599453,0.0,0.0,0.6931471805599453,7.9976631270201,0.0,1.4142135623730951,1.7320508075688772,0.0,0,1,0,0,0,0,0,0,1,0,0,1,0,0,0,0,0,0
31.0,0,2,616.0,12.0,3.0,1.0,961.0,4.0,0,41.0,3.0,2.0,4.0,1,17369.0,0,1,11.0,3.0,80.0,10.0,1.0,0.0,2.0794415416798357,1.791759469228055,2.302585092994046,8.675222055641148,1.0986122886681096,1.4142135623730951,1.7320508075688772,2.8284271247461903,0,1,0,0,0,0,1,0,0,1,0,0,0,0,0,0,0,0
40.0,0,1,1469.0,9.0,4.0,1.0,964.0,4.0,1,35.0,3.0,1.0,2.0,0,25063.0,0,1,14.0,4.0,80.0,3.0,3.0,2.1972245773362196,0.6931471805599453,0.0,0.6931471805599453,8.193676665955241,0.6931471805599453,1.4142135623730951,1.7320508075688772,0.0,0,1,0,0,0,0,1,0,0,0,0,0,0,0,0,1,0,0
32.0,0,2,498.0,3.0,4.0,1.0,966.0,3.0,0,93.0,3.0,2.0,1.0,1,13554.0,0,0,12.0,3.0,80.0,8.0,4.0,0.6931471805599453,2.0794415416798357,1.3862943611198906,2.1972245773362196,8.813735892300215,0.6931471805599453,1.4142135623730951,1.7320508075688772,2.449489742783178,0,1,0,0,0,0,1,0,0,0,0,0,0,1,0,0,0,0
36.0,1,2,530.0,3.0,1.0,1.0,967.0,3.0,1,51.0,2.0,3.0,4.0,1,5518.0,0,1,11.0,1.0,80.0,16.0,3.0,0.6931471805599453,2.0794415416798357,2.0794415416798357,2.833213344056216,9.242420265439595,0.6931471805599453,2.449489742783178,1.7320508075688772,1.7320508075688772,0,0,1,0,1,0,0,0,0,0,0,0,0,0,0,0,1,0
33.0,0,2,1069.0,1.0,3.0,1.0,969.0,2.0,0,42.0,2.0,2.0,4.0,2,12291.0,0,0,14.0,1.0,80.0,6.0,3.0,0.0,0.0,1.6094379124341003,1.791759469228055,8.846496938558838,0.0,1.7320508075688772,1.7320508075688772,1.0,0,1,0,0,1,0,0,0,0,1,0,0,0,0,0,0,0,0
37.0,1,2,625.0,1.0,4.0,1.0,970.0,1.0,1,46.0,2.0,3.0,3.0,1,14922.0,0,0,11.0,3.0,80.0,17.0,1.0,1.791759469228055,0.6931471805599453,2.0794415416798357,2.70805020110221,9.26955223160803,0.0,1.4142135623730951,1.7320508075688772,3.3166247903554,0,0,1,0,1,0,0,0,0,0,0,0,0,0,0,0,1,0
45.0,0,0,805.0,4.0,2.0,1.0,972.0,3.0,1,57.0,3.0,2.0,2.0,1,23163.0,0,0,12.0,2.0,80.0,9.0,2.0,0.6931471805599453,2.0794415416798357,2.1972245773362196,2.302585092994046,8.400209835930418,0.0,2.23606797749979,1.7320508075688772,0.0,0,1,0,0,1,0,0,0,0,0,0,1,0,0,0,0,0,0
29.0,0,1,1404.0,20.0,3.0,1.0,974.0,3.0,0,84.0,3.0,1.0,4.0,1,18203.0,0,0,15.0,2.0,80.0,3.0,3.0,0.6931471805599453,0.6931471805599453,1.0986122886681096,1.3862943611198906,7.67693714581808,0.6931471805599453,2.23606797749979,1.7320508075688772,0.0,0,0,1,0,0,0,0,0,1,0,0,0,0,0,0,0,0,1
35.0,0,2,1219.0,18.0,3.0,1.0,975.0,3.0,0,86.0,3.0,2.0,3.0,1,6179.0,0,0,16.0,2.0,80.0,5.0,3.0,0.6931471805599453,1.0986122886681096,0.0,1.791759469228055,8.434246270595311,0.0,1.7320508075688772,1.7320508075688772,1.0,0,0,1,0,0,0,1,0,0,0,0,0,0,0,0,0,1,0
52.0,0,2,1053.0,1.0,2.0,1.0,976.0,4.0,1,70.0,3.0,4.0,4.0,1,13829.0,0,0,15.0,2.0,80.0,26.0,2.0,1.0986122886681096,2.1972245773362196,2.1972245773362196,2.302585092994046,9.746833742490752,0.6931471805599453,1.4142135623730951,1.7320508075688772,2.6457513110645907,0,1,0,0,1,0,0,0,0,0,0,0,1,0,0,0,0,0
58.0,1,2,289.0,2.0,3.0,1.0,977.0,4.0,1,51.0,3.0,1.0,3.0,2,26227.0,0,0,24.0,1.0,80.0,7.0,3.0,1.6094379124341003,0.0,0.0,0.6931471805599453,7.8160138391590275,0.0,2.0,2.0,0.0,0,1,0,0,0,0,0,0,1,0,0,0,0,0,0,1,0,0
53.0,0,2,1376.0,2.0,2.0,1.0,981.0,3.0,1,45.0,3.0,4.0,3.0,0,13938.0,0,0,13.0,3.0,80.0,22.0,4.0,1.9459101490553132,2.639057329615259,1.0986122886681096,2.8903717578961645,9.605957144029533,0.6931471805599453,1.7320508075688772,1.7320508075688772,3.605551275463989,0,0,1,0,0,0,1,0,0,0,0,0,1,0,0,0,0,0
30.0,0,2,231.0,8.0,2.0,1.0,982.0,3.0,1,62.0,3.0,3.0,3.0,0,9977.0,0,0,11.0,1.0,80.0,10.0,4.0,1.791759469228055,1.6094379124341003,2.0794415416798357,2.1972245773362196,8.890823576004383,0.6931471805599453,1.4142135623730951,1.7320508075688772,2.6457513110645907,0,0,1,0,0,0,0,1,0,0,0,0,0,0,0,0,1,0
38.0,0,0,152.0,10.0,3.0,1.0,983.0,3.0,0,85.0,3.0,2.0,4.0,2,19899.0,0,1,13.0,2.0,80.0,6.0,3.0,0.6931471805599453,1.3862943611198906,1.3862943611198906,1.791759469228055,8.64241515616962,0.0,1.0,1.7320508075688772,1.0,0,0,1,0,0,0,0,0,1,0,0,0,0,0,0,0,1,0
35.0,0,2,882.0,3.0,4.0,1.0,984.0,4.0,1,92.0,3.0,3.0,4.0,0,6812.0,0,0,13.0,2.0,80.0,12.0,3.0,1.9459101490553132,2.302585092994046,2.1972245773362196,2.3978952727983707,8.964951211714654,0.6931471805599453,1.4142135623730951,1.7320508075688772,0.0,0,0,1,0,1,0,0,0,0,0,0,0,0,0,0,0,1,0
39.0,0,2,903.0,2.0,5.0,1.0,985.0,1.0,1,41.0,4.0,3.0,3.0,2,2560.0,0,0,18.0,4.0,80.0,9.0,3.0,0.0,2.0794415416798357,2.0794415416798357,2.1972245773362196,8.97221007835365,0.0,1.7320508075688772,1.7320508075688772,0.0,0,0,1,0,1,0,0,0,0,0,0,0,0,0,0,0,1,0
40.0,1,0,1479.0,24.0,3.0,1.0,986.0,2.0,0,100.0,4.0,4.0,2.0,2,17071.0,0,1,16.0,4.0,80.0,22.0,2.0,1.6094379124341003,0.0,0.0,0.6931471805599453,9.487593248937424,0.0,1.4142135623730951,1.7320508075688772,0.0,0,0,1,0,1,0,0,0,0,0,0,0,0,0,0,0,1,0
47.0,0,1,1379.0,16.0,4.0,1.0,987.0,3.0,1,64.0,4.0,2.0,3.0,0,6759.0,0,1,19.0,3.0,80.0,20.0,4.0,0.6931471805599453,2.3978952727983707,2.0794415416798357,2.995732273553991,8.53070154144103,0.0,1.7320508075688772,1.7320508075688772,1.4142135623730951,0,1,0,0,0,0,1,0,0,0,0,0,0,1,0,0,0,0
36.0,0,0,1229.0,8.0,4.0,1.0,990.0,1.0,1,84.0,3.0,2.0,4.0,0,25952.0,0,0,13.0,4.0,80.0,12.0,3.0,1.6094379124341003,2.0794415416798357,2.0794415416798357,2.0794415416798357,8.533066540572527,1.0986122886681096,1.7320508075688772,1.7320508075688772,0.0,0,0,1,0,0,0,0,0,1,0,0,0,0,0,0,0,1,0
31.0,1,0,335.0,9.0,2.0,1.0,991.0,3.0,1,46.0,2.0,1.0,1.0,2,10322.0,0,1,22.0,1.0,80.0,4.0,3.0,0.0,1.0986122886681096,1.0986122886681096,1.3862943611198906,7.7501841622578365,0.0,0.0,2.0,1.0,0,1,0,0,0,0,1,0,0,0,0,0,0,0,0,1,0,0
33.0,0,0,722.0,17.0,3.0,1.0,992.0,4.0,1,38.0,3.0,4.0,3.0,2,20489.0,0,0,11.0,4.0,80.0,10.0,3.0,0.6931471805599453,2.1972245773362196,0.0,2.3978952727983707,9.766808353620874,0.0,1.4142135623730951,1.7320508075688772,2.449489742783178,0,0,1,0,1,0,0,0,0,0,0,0,1,0,0,0,0,0
29.0,1,2,906.0,10.0,3.0,1.0,994.0,4.0,0,92.0,2.0,1.0,1.0,2,11479.0,0,1,20.0,3.0,80.0,3.0,3.0,1.9459101490553132,0.0,0.0,0.0,7.785305182539862,0.0,2.23606797749979,2.0,0.0,0,1,0,0,1,0,0,0,0,0,0,0,0,0,0,1,0,0
33.0,0,2,461.0,13.0,1.0,1.0,995.0,2.0,0,53.0,3.0,1.0,4.0,2,17241.0,0,0,18.0,1.0,80.0,5.0,3.0,1.3862943611198906,1.0986122886681096,1.0986122886681096,1.3862943611198906,8.146998697389993,0.0,2.0,1.7320508075688772,0.0,0,1,0,0,1,0,0,0,0,0,0,0,0,0,0,1,0,0
45.0,0,2,974.0,1.0,4.0,1.0,996.0,4.0,0,91.0,3.0,1.0,4.0,0,11005.0,0,0,14.0,4.0,80.0,8.0,3.0,1.3862943611198906,1.3862943611198906,1.0986122886681096,1.791759469228055,7.7279755421055585,1.0986122886681096,1.4142135623730951,1.7320508075688772,0.0,0,1,0,0,0,0,1,0,0,0,0,1,0,0,0,0,0,0
50.0,0,2,1126.0,1.0,2.0,1.0,997.0,4.0,1,66.0,3.0,4.0,4.0,0,6615.0,0,0,22.0,3.0,80.0,32.0,2.0,2.302585092994046,1.6094379124341003,1.3862943611198906,1.791759469228055,9.764225485202621,0.6931471805599453,1.0,2.0,1.0,0,1,0,0,0,0,1,0,0,0,0,0,0,0,1,0,0,0
33.0,0,1,827.0,1.0,4.0,1.0,998.0,3.0,0,84.0,4.0,2.0,2.0,1,20161.0,0,1,13.0,1.0,80.0,6.0,3.0,0.6931471805599453,1.791759469228055,1.0986122886681096,1.9459101490553132,8.610501368549889,0.6931471805599453,1.4142135623730951,1.7320508075688772,1.0,0,1,0,0,0,0,0,1,0,1,0,0,0,0,0,0,0,0
27.0,0,2,1134.0,16.0,4.0,1.0,1001.0,3.0,0,37.0,3.0,1.0,2.0,1,12086.0,0,0,14.0,2.0,80.0,4.0,3.0,2.302585092994046,1.0986122886681096,1.0986122886681096,1.0986122886681096,7.941651252930556,0.6931471805599453,1.4142135623730951,1.7320508075688772,1.4142135623730951,0,1,0,0,0,0,0,0,1,0,0,1,0,0,0,0,0,0
45.0,0,0,248.0,23.0,2.0,1.0,1002.0,4.0,1,42.0,3.0,2.0,1.0,1,14039.0,0,1,15.0,3.0,80.0,9.0,3.0,0.6931471805599453,2.1972245773362196,2.1972245773362196,2.302585092994046,8.198089248956116,0.6931471805599453,1.4142135623730951,1.7320508075688772,0.0,0,1,0,0,1,0,0,0,0,0,0,1,0,0,0,0,0,0
47.0,0,2,955.0,4.0,2.0,1.0,1003.0,4.0,0,83.0,3.0,2.0,4.0,2,8571.0,0,1,17.0,3.0,80.0,9.0,3.0,0.6931471805599453,0.0,2.0794415416798357,2.302585092994046,8.33423142973486,0.0,0.0,1.7320508075688772,0.0,0,0,1,0,1,0,0,0,0,0,0,0,0,0,0,0,1,0
30.0,1,2,138.0,22.0,3.0,1.0,1004.0,1.0,0,48.0,3.0,1.0,3.0,1,11539.0,0,1,11.0,2.0,80.0,7.0,3.0,1.6094379124341003,1.0986122886681096,0.6931471805599453,1.791759469228055,7.665284718471351,0.0,1.4142135623730951,1.7320508075688772,0.0,0,1,0,0,1,0,0,0,0,0,0,0,0,0,0,1,0,0
50.0,0,2,939.0,24.0,3.0,1.0,1005.0,4.0,1,95.0,3.0,4.0,3.0,1,4161.0,0,1,18.0,4.0,80.0,22.0,3.0,1.3862943611198906,2.4849066497880004,1.791759469228055,2.5649493574615367,9.544953739112396,0.6931471805599453,1.4142135623730951,1.7320508075688772,1.0,0,1,0,0,1,0,0,0,0,0,0,0,0,1,0,0,0,0
38.0,0,1,1391.0,10.0,1.0,1.0,1006.0,3.0,1,66.0,3.0,1.0,3.0,1,12127.0,0,0,17.0,2.0,80.0,3.0,2.0,0.0,0.6931471805599453,1.0986122886681096,1.0986122886681096,7.895436006942965,0.6931471805599453,0.0,1.7320508075688772,0.0,0,1,0,0,0,0,1,0,0,0,0,0,0,0,0,1,0,0
46.0,0,2,566.0,7.0,2.0,1.0,1007.0,4.0,1,75.0,3.0,3.0,3.0,0,24208.0,0,0,13.0,2.0,80.0,13.0,3.0,1.9459101490553132,2.0794415416798357,2.0794415416798357,2.1972245773362196,9.291551627401006,0.6931471805599453,1.7320508075688772,1.7320508075688772,0.0,0,1,0,0,0,0,1,0,0,0,0,0,0,1,0,0,0,0
24.0,0,2,1206.0,17.0,1.0,1.0,1009.0,4.0,0,41.0,2.0,2.0,3.0,0,24117.0,0,0,15.0,2.0,80.0,5.0,3.0,0.6931471805599453,1.0986122886681096,1.0986122886681096,1.6094379124341003,8.384347278082808,1.0986122886681096,2.449489742783178,1.7320508075688772,1.7320508075688772,0,1,0,0,0,0,1,0,0,0,0,0,0,1,0,0,0,0
35.0,1,2,622.0,14.0,4.0,1.0,1010.0,3.0,1,39.0,2.0,1.0,2.0,0,10074.0,0,1,24.0,4.0,80.0,5.0,1.0,0.6931471805599453,1.0986122886681096,1.0986122886681096,1.6094379124341003,8.227909837597483,0.6931471805599453,1.4142135623730951,2.0,0.0,0,1,0,0,0,0,0,1,0,0,0,1,0,0,0,0,0,0
31.0,0,1,853.0,1.0,1.0,1.0,1011.0,3.0,0,96.0,3.0,2.0,1.0,1,11275.0,0,0,12.0,3.0,80.0,4.0,3.0,0.6931471805599453,1.3862943611198906,1.3862943611198906,1.6094379124341003,8.330622620332868,0.6931471805599453,1.0,1.7320508075688772,0.0,0,1,0,0,1,0,0,0,0,0,0,0,0,1,0,0,0,0
18.0,0,0,287.0,5.0,2.0,1.0,1012.0,2.0,1,73.0,3.0,1.0,4.0,2,13493.0,0,0,15.0,4.0,80.0,1.0,3.0,0.6931471805599453,0.0,0.0,0.0,7.228649665640015,0.0,1.4142135623730951,1.7320508075688772,0.0,0,1,0,0,1,0,0,0,0,0,0,0,0,0,0,1,0,0
54.0,0,2,1441.0,17.0,3.0,1.0,1013.0,3.0,0,56.0,3.0,3.0,3.0,1,13943.0,0,0,11.0,3.0,80.0,22.0,3.0,2.1972245773362196,2.0794415416798357,2.1972245773362196,2.3978952727983707,9.281730368062856,0.6931471805599453,1.4142135623730951,1.7320508075688772,0.0,0,1,0,0,0,0,0,0,1,0,0,0,0,1,0,0,0,0
35.0,0,2,583.0,25.0,4.0,1.0,1014.0,3.0,0,57.0,3.0,3.0,3.0,0,6975.0,0,1,11.0,3.0,80.0,16.0,2.0,0.6931471805599453,2.3978952727983707,0.6931471805599453,2.833213344056216,9.248502833070532,0.6931471805599453,1.7320508075688772,1.7320508075688772,3.1622776601683795,0,1,0,0,0,0,1,0,0,1,0,0,0,0,0,0,0,0
30.0,0,2,153.0,8.0,2.0,1.0,1015.0,2.0,0,73.0,4.0,3.0,1.0,1,17802.0,0,1,12.0,3.0,80.0,9.0,2.0,0.0,2.0794415416798357,2.0794415416798357,2.1972245773362196,9.342858751676328,1.3862943611198906,2.0,1.7320508075688772,1.0,0,1,0,0,1,0,0,0,0,0,0,0,0,0,1,0,0,0
20.0,1,2,1097.0,11.0,3.0,1.0,1016.0,4.0,0,98.0,2.0,1.0,1.0,2,18275.0,0,1,15.0,1.0,80.0,1.0,3.0,0.6931471805599453,0.0,0.0,0.6931471805599453,7.8636512654486515,0.0,1.4142135623730951,1.7320508075688772,0.0,0,1,0,0,0,0,1,0,0,0,0,0,0,0,0,1,0,0
30.0,1,1,109.0,5.0,3.0,1.0,1017.0,2.0,0,60.0,3.0,1.0,2.0,2,25725.0,0,0,17.0,1.0,80.0,4.0,3.0,0.0,1.0986122886681096,1.0986122886681096,1.3862943611198906,7.792761720816526,0.0,1.7320508075688772,1.7320508075688772,1.0,0,1,0,0,0,0,1,0,0,0,0,1,0,0,0,0,0,0
26.0,0,2,1066.0,2.0,2.0,1.0,1018.0,4.0,1,32.0,4.0,2.0,4.0,1,3334.0,0,0,12.0,2.0,80.0,8.0,3.0,0.6931471805599453,2.0794415416798357,1.3862943611198906,2.1972245773362196,8.607582191143917,0.0,1.4142135623730951,1.7320508075688772,1.0,0,1,0,0,0,0,1,0,0,0,0,0,0,1,0,0,0,0
22.0,0,2,217.0,8.0,1.0,1.0,1019.0,2.0,1,94.0,1.0,1.0,1.0,1,6881.0,0,0,15.0,1.0,80.0,4.0,2.0,0.6931471805599453,1.3862943611198906,0.6931471805599453,1.6094379124341003,7.804659297056102,0.6931471805599453,1.7320508075688772,1.7320508075688772,1.0,0,1,0,0,1,0,0,0,0,0,0,1,0,0,0,0,0,0
48.0,0,2,277.0,6.0,3.0,1.0,1022.0,1.0,1,97.0,2.0,2.0,3.0,2,13119.0,0,0,13.0,4.0,80.0,19.0,3.0,1.0986122886681096,1.0986122886681096,1.0986122886681096,1.0986122886681096,8.352554369474591,0.0,0.0,1.7320508075688772,1.4142135623730951,0,1,0,0,1,0,0,0,0,1,0,0,0,0,0,0,0,0
48.0,0,2,1355.0,4.0,4.0,1.0,1024.0,3.0,1,78.0,2.0,3.0,3.0,2,22245.0,0,0,14.0,2.0,80.0,27.0,3.0,2.0794415416798357,2.4849066497880004,2.1972245773362196,2.772588722239781,9.305650551780507,0.0,1.7320508075688772,1.7320508075688772,2.0,0,1,0,0,1,0,0,0,0,1,0,0,0,0,0,0,0,0
41.0,0,2,549.0,7.0,2.0,1.0,1025.0,4.0,0,42.0,3.0,2.0,3.0,2,23371.0,0,0,14.0,2.0,80.0,8.0,3.0,1.9459101490553132,1.0986122886681096,0.6931471805599453,1.0986122886681096,8.517992871586802,0.0,2.449489742783178,1.7320508075688772,1.4142135623730951,0,1,0,0,0,0,1,0,0,0,0,0,0,1,0,0,0,0
39.0,0,2,466.0,1.0,1.0,1.0,1026.0,4.0,0,65.0,2.0,4.0,4.0,1,7060.0,0,0,16.0,3.0,80.0,21.0,3.0,0.6931471805599453,1.9459101490553132,2.1972245773362196,3.091042453358316,9.452737380212278,0.6931471805599453,1.7320508075688772,1.7320508075688772,3.3166247903554,0,1,0,0,1,0,0,0,0,0,0,0,0,1,0,0,0,0
27.0,0,2,1055.0,2.0,4.0,1.0,1027.0,1.0,0,47.0,3.0,2.0,4.0,1,4658.0,0,0,18.0,2.0,80.0,4.0,3.0,0.0,1.0986122886681096,1.0986122886681096,1.3862943611198906,8.349484346990128,0.6931471805599453,1.4142135623730951,1.7320508075688772,1.4142135623730951,0,1,0,0,1,0,0,0,0,0,0,0,0,1,0,0,0,0
35.0,0,2,802.0,10.0,3.0,1.0,1028.0,2.0,1,45.0,3.0,1.0,4.0,0,9541.0,0,0,20.0,1.0,80.0,3.0,2.0,0.6931471805599453,1.0986122886681096,1.0986122886681096,1.3862943611198906,8.273336598504486,0.6931471805599453,2.0,2.0,1.0,0,1,0,0,0,0,0,1,0,0,0,1,0,0,0,0,0,0
42.0,0,2,265.0,5.0,2.0,1.0,1029.0,4.0,1,90.0,3.0,5.0,3.0,1,7770.0,0,0,13.0,2.0,80.0,21.0,4.0,1.9459101490553132,0.0,0.0,0.6931471805599453,9.814874894179525,0.0,1.7320508075688772,1.7320508075688772,0.0,0,0,1,0,0,1,0,0,0,0,0,0,1,0,0,0,0,0
50.0,0,2,804.0,9.0,3.0,1.0,1030.0,1.0,1,64.0,3.0,1.0,4.0,1,20165.0,0,0,18.0,2.0,80.0,8.0,3.0,1.6094379124341003,0.0,0.0,0.6931471805599453,7.7752758464868625,0.0,2.23606797749979,1.7320508075688772,0.0,0,1,0,0,1,0,0,0,0,0,0,1,0,0,0,0,0,0
59.0,0,2,715.0,2.0,3.0,1.0,1032.0,3.0,0,69.0,2.0,4.0,4.0,2,21829.0,0,1,13.0,1.0,80.0,30.0,3.0,1.3862943611198906,1.3862943611198906,1.3862943611198906,1.791759469228055,9.52711997525166,0.0,2.0,1.7320508075688772,2.0,0,1,0,0,1,0,0,0,0,0,0,0,0,1,0,0,0,0
37.0,1,2,1141.0,11.0,2.0,1.0,1033.0,1.0,0,61.0,1.0,2.0,2.0,1,14382.0,0,0,15.0,1.0,80.0,15.0,1.0,1.791759469228055,0.0,0.0,0.6931471805599453,8.471777327885755,0.0,1.4142135623730951,1.7320508075688772,0.0,0,1,0,0,0,0,1,0,0,1,0,0,0,0,0,0,0,0
55.0,0,1,135.0,18.0,4.0,1.0,1034.0,3.0,1,62.0,3.0,2.0,2.0,1,12992.0,0,1,14.0,4.0,80.0,17.0,3.0,1.3862943611198906,2.0794415416798357,2.0794415416798357,2.1972245773362196,8.761863373274727,1.0986122886681096,1.7320508075688772,1.7320508075688772,2.449489742783178,0,1,0,0,0,0,1,0,0,1,0,0,0,0,0,0,0,0
41.0,0,0,247.0,7.0,1.0,1.0,1035.0,2.0,0,55.0,1.0,5.0,3.0,0,20284.0,0,0,22.0,2.0,80.0,21.0,3.0,0.6931471805599453,2.833213344056216,2.3978952727983707,3.091042453358316,9.884684885113385,1.0986122886681096,1.7320508075688772,2.0,2.23606797749979,0,1,0,0,1,0,0,0,0,0,0,0,0,0,1,0,0,0
38.0,0,2,1035.0,3.0,4.0,1.0,1036.0,2.0,1,42.0,3.0,2.0,4.0,2,4981.0,0,1,12.0,3.0,80.0,19.0,3.0,2.1972245773362196,0.0,0.0,0.6931471805599453,8.833754223418396,0.0,1.0,1.7320508075688772,0.0,0,0,1,0,1,0,0,0,0,0,0,0,0,0,0,0,1,0
26.0,1,0,265.0,29.0,2.0,1.0,1037.0,2.0,1,79.0,1.0,2.0,1.0,2,21813.0,0,0,18.0,4.0,80.0,7.0,3.0,2.1972245773362196,1.0986122886681096,1.0986122886681096,1.0986122886681096,8.511175119090675,0.0,2.449489742783178,1.7320508075688772,1.4142135623730951,0,0,1,0,0,0,1,0,0,0,0,0,0,0,0,0,1,0
52.0,1,2,266.0,2.0,1.0,1.0,1038.0,1.0,0,57.0,1.0,5.0,4.0,1,25846.0,0,0,15.0,4.0,80.0,33.0,3.0,0.6931471805599453,2.70805020110221,2.302585092994046,3.4657359027997265,9.884684885113385,0.6931471805599453,1.7320508075688772,1.7320508075688772,2.449489742783178,0,0,1,0,0,1,0,0,0,0,0,0,1,0,0,0,0,0
44.0,0,2,1448.0,28.0,3.0,1.0,1039.0,4.0,0,53.0,4.0,4.0,4.0,1,11737.0,0,1,18.0,3.0,80.0,23.0,3.0,1.3862943611198906,2.4849066497880004,2.4849066497880004,2.5649493574615367,9.497097016351463,0.6931471805599453,1.4142135623730951,1.7320508075688772,3.3166247903554,0,0,1,0,0,0,1,0,0,0,0,0,0,0,0,0,1,0
50.0,0,0,145.0,1.0,3.0,1.0,1040.0,4.0,0,95.0,3.0,2.0,3.0,1,24920.0,0,0,12.0,1.0,80.0,19.0,3.0,0.0,2.0794415416798357,2.639057329615259,2.9444389791664403,8.7558950816463,0.6931471805599453,1.7320508075688772,1.7320508075688772,0.0,0,0,1,0,1,0,0,0,0,0,0,0,0,0,0,0,1,0
36.0,1,2,885.0,16.0,4.0,1.0,1042.0,3.0,0,43.0,4.0,1.0,1.0,2,8269.0,0,0,16.0,3.0,80.0,18.0,3.0,0.6931471805599453,2.639057329615259,2.70805020110221,2.8903717578961645,7.917171988845776,0.0,1.0,1.7320508075688772,3.605551275463989,0,1,0,0,1,0,0,0,0,0,0,1,0,0,0,0,0,0
39.0,0,1,945.0,22.0,3.0,1.0,1043.0,4.0,0,82.0,3.0,3.0,1.0,2,5083.0,0,1,13.0,3.0,80.0,21.0,3.0,0.6931471805599453,1.9459101490553132,2.1972245773362196,3.091042453358316,9.294773427951013,0.0,1.4142135623730951,1.7320508075688772,1.4142135623730951,0,1,0,0,0,0,1,0,0,0,0,0,0,1,0,0,0,0
33.0,0,0,1038.0,8.0,1.0,1.0,1044.0,2.0,0,88.0,2.0,1.0,4.0,2,21437.0,0,0,19.0,4.0,80.0,3.0,2.0,0.0,1.0986122886681096,1.0986122886681096,1.0986122886681096,7.759187438507795,0.0,1.4142135623730951,1.7320508075688772,1.4142135623730951,0,0,1,0,1,0,0,0,0,0,0,0,0,0,0,0,0,1
45.0,0,2,1234.0,11.0,2.0,1.0,1045.0,4.0,0,90.0,3.0,4.0,4.0,1,5404.0,0,0,13.0,2.0,80.0,26.0,4.0,1.3862943611198906,1.3862943611198906,0.6931471805599453,2.302585092994046,9.77854771798028,0.6931471805599453,2.0,1.7320508075688772,1.0,0,0,1,0,1,0,0,0,0,0,0,0,1,0,0,0,0,0
32.0,0,0,1109.0,29.0,4.0,1.0,1046.0,4.0,0,69.0,3.0,1.0,3.0,2,11135.0,0,0,12.0,2.0,80.0,10.0,3.0,2.302585092994046,2.0794415416798357,2.0794415416798357,2.1972245773362196,8.300528606199737,0.0,1.4142135623730951,1.7320508075688772,2.6457513110645907,0,1,0,0,0,0,1,0,0,0,0,1,0,0,0,0,0,0
34.0,0,2,216.0,1.0,4.0,1.0,1047.0,2.0,1,75.0,4.0,2.0,4.0,0,12278.0,0,0,11.0,4.0,80.0,16.0,2.0,0.0,0.6931471805599453,2.302585092994046,2.772588722239781,9.182557990963732,0.6931471805599453,1.4142135623730951,1.7320508075688772,0.0,0,0,1,0,0,1,0,0,0,0,0,0,0,0,0,0,1,0
59.0,0,2,1089.0,1.0,2.0,1.0,1048.0,2.0,1,66.0,3.0,3.0,4.0,1,11038.0,0,1,14.0,3.0,80.0,14.0,1.0,1.3862943611198906,1.6094379124341003,1.6094379124341003,1.9459101490553132,9.384713758920963,0.6931471805599453,1.0,1.7320508075688772,0.0,0,0,1,0,0,0,0,0,1,0,0,0,1,0,0,0,0,0
45.0,0,2,788.0,24.0,4.0,1.0,1049.0,2.0,1,36.0,3.0,1.0,2.0,2,8318.0,0,0,16.0,1.0,80.0,6.0,3.0,0.6931471805599453,1.3862943611198906,1.6094379124341003,1.9459101490553132,7.686162303492906,0.0,1.7320508075688772,1.7320508075688772,0.0,1,0,0,0,0,0,1,0,0,0,1,0,0,0,0,0,0,0
53.0,0,1,124.0,2.0,3.0,1.0,1050.0,3.0,0,38.0,2.0,3.0,2.0,1,23537.0,0,0,12.0,1.0,80.0,30.0,3.0,1.0986122886681096,2.0794415416798357,2.5649493574615367,2.772588722239781,8.926118971153382,0.6931471805599453,1.4142135623730951,1.7320508075688772,2.449489742783178,0,0,1,0,0,1,0,0,0,0,0,0,0,0,0,0,1,0
36.0,1,2,660.0,15.0,3.0,1.0,1052.0,1.0,1,81.0,3.0,2.0,3.0,0,7858.0,0,0,14.0,2.0,80.0,9.0,2.0,2.0794415416798357,0.0,0.0,0.6931471805599453,8.483636407887396,0.6931471805599453,1.7320508075688772,1.7320508075688772,0.0,0,1,0,0,0,0,0,1,0,0,0,1,0,0,0,0,0,0
26.0,1,1,342.0,2.0,3.0,1.0,1053.0,1.0,1,57.0,3.0,1.0,1.0,1,15346.0,0,1,14.0,2.0,80.0,6.0,3.0,1.9459101490553132,1.0986122886681096,1.0986122886681096,1.3862943611198906,7.622174594817622,0.6931471805599453,1.4142135623730951,1.7320508075688772,1.0,0,1,0,0,1,0,0,0,0,0,0,0,0,0,0,1,0,0
34.0,0,2,1333.0,10.0,4.0,1.0,1055.0,3.0,0,87.0,3.0,1.0,3.0,1,18410.0,0,1,19.0,4.0,80.0,1.0,3.0,0.6931471805599453,0.6931471805599453,0.0,0.6931471805599453,7.7057128238944275,0.6931471805599453,1.4142135623730951,1.7320508075688772,0.0,0,0,1,0,1,0,0,0,0,0,0,0,0,0,0,0,0,1
28.0,0,2,1144.0,10.0,1.0,1.0,1056.0,4.0,1,74.0,3.0,1.0,2.0,1,23384.0,0,0,22.0,2.0,80.0,1.0,3.0,0.6931471805599453,0.0,0.0,0.6931471805599453,7.228649665640015,0.0,2.23606797749979,2.0,0.0,0,0,1,0,0,0,1,0,0,0,0,0,0,0,0,0,0,1
38.0,0,1,1186.0,3.0,4.0,1.0,1060.0,3.0,1,44.0,3.0,1.0,3.0,1,2997.0,0,0,16.0,1.0,80.0,8.0,3.0,1.3862943611198906,1.0986122886681096,1.0986122886681096,1.0986122886681096,7.945201132412759,0.6931471805599453,1.4142135623730951,1.7320508075688772,1.4142135623730951,0,1,0,0,0,0,0,1,0,0,0,0,0,0,0,1,0,0
50.0,0,2,1464.0,2.0,4.0,1.0,1061.0,2.0,1,62.0,3.0,5.0,3.0,1,12853.0,0,1,11.0,4.0,80.0,29.0,2.0,1.0986122886681096,0.6931471805599453,2.0794415416798357,2.1972245773362196,9.86464276871256,0.6931471805599453,1.4142135623730951,1.7320508075688772,2.6457513110645907,0,1,0,0,0,0,1,0,0,0,0,0,0,0,1,0,0,0
37.0,0,2,124.0,3.0,3.0,1.0,1062.0,4.0,0,35.0,3.0,2.0,2.0,2,13848.0,0,0,15.0,1.0,80.0,8.0,2.0,1.3862943611198906,1.3862943611198906,0.6931471805599453,1.6094379124341003,8.32069157104845,0.0,1.7320508075688772,1.7320508075688772,0.0,0,1,0,0,0,0,0,1,0,1,0,0,0,0,0,0,0,0
40.0,0,2,300.0,26.0,3.0,1.0,1066.0,3.0,1,74.0,3.0,2.0,1.0,1,22217.0,0,0,14.0,2.0,80.0,8.0,2.0,0.6931471805599453,2.0794415416798357,1.791759469228055,2.0794415416798357,9.035629778183564,0.6931471805599453,1.7320508075688772,1.7320508075688772,2.6457513110645907,0,0,1,0,0,1,0,0,0,0,0,0,0,0,0,0,1,0
26.0,0,1,921.0,1.0,1.0,1.0,1068.0,1.0,0,66.0,2.0,1.0,3.0,0,25265.0,0,0,13.0,3.0,80.0,5.0,3.0,0.6931471805599453,1.3862943611198906,1.3862943611198906,1.791759469228055,7.60489448081162,1.0986122886681096,2.23606797749979,1.7320508075688772,1.0,0,1,0,0,0,0,1,0,0,0,0,0,0,0,0,1,0,0
46.0,0,2,430.0,1.0,4.0,1.0,1069.0,4.0,1,40.0,3.0,5.0,4.0,0,21445.0,0,0,17.0,4.0,80.0,23.0,3.0,2.302585092994046,1.0986122886681096,1.0986122886681096,1.0986122886681096,9.884684885113385,1.0986122886681096,0.0,1.7320508075688772,1.4142135623730951,0,1,0,0,0,0,1,0,0,0,0,0,0,0,1,0,0,0
54.0,0,2,1082.0,2.0,4.0,1.0,1070.0,3.0,0,41.0,2.0,3.0,3.0,1,8392.0,0,0,11.0,2.0,80.0,13.0,3.0,1.9459101490553132,1.6094379124341003,0.0,2.302585092994046,9.276783328524896,0.6931471805599453,2.0,1.7320508075688772,2.6457513110645907,0,0,1,0,1,0,0,0,0,0,0,0,0,0,0,0,1,0
56.0,0,1,1240.0,9.0,3.0,1.0,1071.0,1.0,0,63.0,3.0,1.0,3.0,1,12154.0,0,0,19.0,2.0,80.0,18.0,3.0,1.0986122886681096,1.6094379124341003,1.3862943611198906,1.791759469228055,7.987184748233473,0.6931471805599453,2.0,1.7320508075688772,0.0,0,1,0,0,0,0,1,0,0,0,0,0,0,0,0,1,0,0
36.0,0,2,796.0,12.0,5.0,1.0,1073.0,4.0,0,51.0,2.0,3.0,4.0,2,15669.0,0,0,11.0,2.0,80.0,15.0,2.0,0.0,2.1972245773362196,2.1972245773362196,2.70805020110221,9.089189170412032,0.0,1.4142135623730951,1.7320508075688772,2.6457513110645907,0,1,0,0,0,0,1,0,0,0,0,0,0,1,0,0,0,0
55.0,0,0,444.0,2.0,1.0,1.0,1074.0,3.0,1,40.0,2.0,4.0,1.0,2,17323.0,0,0,15.0,2.0,80.0,31.0,4.0,2.0794415416798357,2.0794415416798357,1.0986122886681096,2.302585092994046,9.726571360400724,0.0,1.7320508075688772,1.7320508075688772,2.449489742783178,0,1,0,0,0,0,1,0,0,0,0,0,1,0,0,0,0,0
43.0,0,2,415.0,25.0,3.0,1.0,1076.0,3.0,1,79.0,2.0,3.0,4.0,0,5268.0,0,0,13.0,3.0,80.0,18.0,3.0,1.791759469228055,0.0,0.0,0.6931471805599453,9.28720881623276,0.6931471805599453,2.23606797749979,1.7320508075688772,0.0,0,0,1,0,0,0,1,0,0,0,0,0,0,0,0,0,1,0
20.0,1,1,769.0,9.0,3.0,1.0,1077.0,4.0,0,54.0,3.0,1.0,4.0,2,17205.0,0,1,14.0,2.0,80.0,2.0,3.0,0.6931471805599453,1.0986122886681096,1.0986122886681096,1.0986122886681096,7.751045117971802,0.0,1.7320508075688772,1.7320508075688772,0.0,0,0,1,0,0,1,0,0,0,0,0,0,0,0,0,0,0,1
21.0,1,2,1334.0,10.0,3.0,1.0,1079.0,3.0,0,36.0,2.0,1.0,1.0,2,17258.0,0,0,13.0,1.0,80.0,1.0,2.0,0.6931471805599453,0.0,0.0,0.6931471805599453,7.256297239690681,0.0,2.449489742783178,1.7320508075688772,1.0,0,1,0,0,1,0,0,0,0,0,0,1,0,0,0,0,0,0
46.0,0,2,1003.0,8.0,4.0,1.0,1080.0,4.0,0,74.0,2.0,2.0,1.0,0,21029.0,0,1,23.0,1.0,80.0,19.0,3.0,2.1972245773362196,2.639057329615259,2.0794415416798357,2.833213344056216,8.437283808187935,1.3862943611198906,1.4142135623730951,2.0,1.0,0,1,0,0,1,0,0,0,0,0,0,0,0,0,0,1,0,0
51.0,1,2,1323.0,4.0,4.0,1.0,1081.0,1.0,1,34.0,3.0,1.0,3.0,1,10332.0,0,1,12.0,3.0,80.0,18.0,4.0,2.302585092994046,0.0,2.0794415416798357,2.3978952727983707,7.808729306744399,1.3862943611198906,1.4142135623730951,1.7320508075688772,1.4142135623730951,0,1,0,0,1,0,0,0,0,0,0,0,0,0,0,1,0,0
28.0,1,0,1366.0,24.0,2.0,1.0,1082.0,2.0,1,72.0,2.0,3.0,1.0,2,12355.0,0,0,12.0,1.0,80.0,10.0,2.0,0.6931471805599453,2.0794415416798357,2.302585092994046,2.3978952727983707,9.07371849443322,0.0,1.4142135623730951,1.7320508075688772,1.0,0,1,0,0,0,0,0,0,1,1,0,0,0,0,0,0,0,0
26.0,0,2,192.0,1.0,2.0,1.0,1083.0,1.0,1,59.0,2.0,1.0,1.0,1,11141.0,0,0,16.0,1.0,80.0,6.0,3.0,0.6931471805599453,1.3862943611198906,1.3862943611198906,1.791759469228055,8.282988692742602,1.0986122886681096,1.4142135623730951,1.7320508075688772,1.0,0,1,0,0,0,0,1,0,0,0,0,1,0,0,0,0,0,0
30.0,0,2,1176.0,20.0,3.0,1.0,1084.0,3.0,1,85.0,3.0,2.0,1.0,1,9096.0,0,0,15.0,3.0,80.0,7.0,2.0,0.0,1.0986122886681096,1.0986122886681096,1.9459101490553132,9.206131527202128,0.6931471805599453,1.0,1.7320508075688772,0.0,0,1,0,0,0,0,0,1,0,0,0,0,0,1,0,0,0,0
41.0,0,2,509.0,7.0,2.0,1.0,1085.0,2.0,0,43.0,4.0,1.0,3.0,1,18863.0,0,0,13.0,3.0,80.0,10.0,3.0,0.6931471805599453,1.9459101490553132,2.1972245773362196,2.3978952727983707,8.124743020385568,0.0,1.7320508075688772,1.7320508075688772,0.0,0,1,0,0,0,0,0,0,1,0,0,0,0,0,0,1,0,0
38.0,0,2,330.0,17.0,1.0,1.0,1088.0,3.0,0,65.0,2.0,3.0,3.0,1,24608.0,0,0,18.0,1.0,80.0,20.0,2.0,0.0,2.302585092994046,2.302585092994046,2.995732273553991,9.085230560933338,0.6931471805599453,2.0,1.7320508075688772,1.0,0,1,0,0,1,0,0,0,0,1,0,0,0,0,0,0,0,0
40.0,0,2,1492.0,20.0,4.0,1.0,1092.0,1.0,1,61.0,3.0,3.0,4.0,1,26542.0,0,0,20.0,4.0,80.0,14.0,3.0,1.6094379124341003,2.3978952727983707,0.6931471805599453,2.4849066497880004,9.24212969446559,0.6931471805599453,2.449489742783178,2.0,3.3166247903554,0,1,0,0,0,0,0,0,1,1,0,0,0,0,0,0,0,0
27.0,0,0,1277.0,8.0,5.0,1.0,1094.0,1.0,1,87.0,1.0,1.0,3.0,1,5869.0,0,0,19.0,4.0,80.0,3.0,3.0,0.6931471805599453,1.0986122886681096,1.0986122886681096,1.3862943611198906,8.438582790834326,1.3862943611198906,2.0,1.7320508075688772,1.0,0,1,0,0,1,0,0,0,0,0,0,1,0,0,0,0,0,0
55.0,0,1,1091.0,2.0,1.0,1.0,1096.0,4.0,1,65.0,3.0,3.0,2.0,1,15813.0,0,0,18.0,2.0,80.0,23.0,3.0,1.3862943611198906,1.0986122886681096,1.0986122886681096,1.3862943611198906,9.303557453687317,0.6931471805599453,2.0,1.7320508075688772,1.0,0,1,0,0,1,0,0,0,0,0,0,0,0,1,0,0,0,0
28.0,0,2,857.0,10.0,3.0,1.0,1097.0,3.0,0,59.0,3.0,2.0,3.0,2,7909.0,0,0,13.0,4.0,80.0,10.0,4.0,1.3862943611198906,2.0794415416798357,2.0794415416798357,2.1972245773362196,8.205491613120236,0.0,2.0,1.7320508075688772,1.0,0,1,0,0,0,0,0,1,0,0,0,0,0,0,0,1,0,0
44.0,1,2,1376.0,1.0,2.0,1.0,1098.0,2.0,1,91.0,2.0,3.0,1.0,1,2326.0,0,0,14.0,4.0,80.0,24.0,3.0,2.302585092994046,1.9459101490553132,1.9459101490553132,3.044522437723423,9.257510176452573,0.6931471805599453,1.0,1.7320508075688772,1.7320508075688772,1,0,0,0,0,0,1,0,0,0,1,0,0,0,0,0,0,0
33.0,0,2,654.0,5.0,3.0,1.0,1099.0,4.0,1,34.0,2.0,3.0,4.0,0,21214.0,0,0,15.0,3.0,80.0,9.0,3.0,1.6094379124341003,1.0986122886681096,1.0986122886681096,1.3862943611198906,8.87066300440602,0.6931471805599453,1.4142135623730951,1.7320508075688772,1.0,0,1,0,0,1,0,0,0,0,1,0,0,0,0,0,0,0,0
35.0,1,2,1204.0,4.0,3.0,1.0,1100.0,4.0,1,86.0,3.0,3.0,1.0,2,10333.0,0,1,22.0,1.0,80.0,9.0,3.0,0.0,2.0794415416798357,2.0794415416798357,2.1972245773362196,9.167745974343763,0.0,1.4142135623730951,2.0,2.0,0,0,1,0,0,0,0,0,1,0,0,0,0,0,0,0,1,0
33.0,1,1,827.0,29.0,4.0,1.0,1101.0,1.0,0,54.0,2.0,2.0,3.0,2,3129.0,0,0,22.0,2.0,80.0,14.0,3.0,0.6931471805599453,2.0794415416798357,2.1972245773362196,2.639057329615259,8.413830678421084,0.0,2.0,2.0,1.7320508075688772,0,1,0,0,0,0,1,0,0,0,0,0,0,0,0,1,0,0
28.0,0,2,895.0,15.0,2.0,1.0,1102.0,1.0,1,50.0,3.0,1.0,3.0,0,22482.0,0,0,16.0,4.0,80.0,4.0,2.0,0.6931471805599453,1.0986122886681096,1.0986122886681096,1.6094379124341003,7.699842407396986,0.6931471805599453,2.23606797749979,1.7320508075688772,1.4142135623730951,0,1,0,0,1,0,0,0,0,0,0,1,0,0,0,0,0,0
34.0,0,1,618.0,3.0,1.0,1.0,1103.0,1.0,1,45.0,3.0,2.0,4.0,2,22266.0,0,0,17.0,3.0,80.0,7.0,2.0,0.0,1.0986122886681096,1.6094379124341003,1.9459101490553132,8.956350940490871,0.0,1.0,1.7320508075688772,0.0,0,1,0,0,1,0,0,0,0,1,0,0,0,0,0,0,0,0
37.0,0,2,309.0,10.0,4.0,1.0,1105.0,4.0,0,88.0,2.0,2.0,4.0,0,24223.0,0,1,14.0,3.0,80.0,8.0,3.0,1.0986122886681096,0.0,0.0,0.6931471805599453,8.809116258125274,1.3862943611198906,2.23606797749979,1.7320508075688772,0.0,0,0,1,0,1,0,0,0,0,0,0,0,0,0,0,0,1,0
25.0,1,2,1219.0,4.0,1.0,1.0,1106.0,4.0,1,32.0,3.0,1.0,4.0,1,4605.0,0,1,15.0,2.0,80.0,7.0,4.0,0.6931471805599453,2.0794415416798357,1.9459101490553132,2.0794415416798357,8.213923595622743,0.6931471805599453,1.7320508075688772,1.7320508075688772,2.23606797749979,0,1,0,0,0,0,0,0,1,0,0,1,0,0,0,0,0,0
26.0,1,2,1330.0,21.0,3.0,1.0,1107.0,1.0,1,37.0,3.0,1.0,3.0,0,19373.0,0,0,20.0,3.0,80.0,1.0,2.0,0.6931471805599453,0.6931471805599453,0.0,0.6931471805599453,7.774015077250727,0.6931471805599453,0.0,2.0,0.0,0,1,0,0,0,0,1,0,0,0,0,1,0,0,0,0,0,0
33.0,1,2,1017.0,25.0,3.0,1.0,1108.0,1.0,1,55.0,2.0,1.0,2.0,2,2993.0,0,1,20.0,2.0,80.0,5.0,3.0,1.6094379124341003,1.0986122886681096,1.0986122886681096,1.0986122886681096,7.746732907753622,0.0,0.0,2.0,1.4142135623730951,0,1,0,0,0,0,1,0,0,0,0,0,0,0,0,1,0,0
42.0,0,2,469.0,2.0,2.0,1.0,1109.0,4.0,1,35.0,3.0,4.0,1.0,1,14399.0,0,0,17.0,4.0,80.0,23.0,3.0,0.0,1.9459101490553132,2.0794415416798357,3.1354942159291497,9.779397167305078,0.6931471805599453,1.7320508075688772,1.7320508075688772,3.605551275463989,0,1,0,0,0,0,1,0,0,0,0,0,1,0,0,0,0,0
28.0,1,1,1009.0,1.0,3.0,1.0,1111.0,1.0,1,45.0,2.0,1.0,2.0,0,7160.0,0,0,15.0,1.0,80.0,1.0,3.0,0.6931471805599453,0.0,0.0,0.6931471805599453,7.862112211662748,1.0986122886681096,1.4142135623730951,1.7320508075688772,0.0,0,1,0,0,0,0,1,0,0,0,0,1,0,0,0,0,0,0
50.0,1,1,959.0,1.0,4.0,1.0,1113.0,4.0,1,81.0,3.0,2.0,3.0,2,17251.0,0,1,14.0,4.0,80.0,5.0,3.0,1.3862943611198906,0.0,0.0,0.0,8.461469042643875,0.0,2.0,1.7320508075688772,0.0,0,0,1,0,0,0,0,1,0,0,0,0,0,0,0,0,1,0
33.0,0,1,970.0,7.0,3.0,1.0,1114.0,4.0,0,30.0,3.0,2.0,2.0,1,13401.0,0,0,17.0,3.0,80.0,4.0,3.0,0.0,1.0986122886681096,1.0986122886681096,1.3862943611198906,8.3670677328386,0.6931471805599453,1.7320508075688772,1.7320508075688772,0.0,0,0,1,0,1,0,0,0,0,0,0,0,0,0,0,0,1,0
34.0,0,0,697.0,3.0,4.0,1.0,1115.0,3.0,1,40.0,2.0,1.0,4.0,1,22478.0,0,0,17.0,4.0,80.0,6.0,3.0,1.3862943611198906,0.0,0.0,0.0,7.9996785794994505,1.3862943611198906,1.4142135623730951,1.7320508075688772,0.0,0,1,0,0,1,0,0,0,0,0,0,0,0,0,0,1,0,0
48.0,0,0,1262.0,1.0,4.0,1.0,1116.0,1.0,1,35.0,4.0,4.0,4.0,2,16154.0,0,0,22.0,3.0,80.0,27.0,2.0,1.0986122886681096,1.6094379124341003,0.6931471805599453,1.791759469228055,9.734240155229445,0.0,1.7320508075688772,2.0,1.4142135623730951,0,1,0,0,0,0,1,0,0,0,0,0,1,0,0,0,0,0
45.0,0,0,1050.0,9.0,4.0,1.0,1117.0,2.0,0,65.0,2.0,2.0,3.0,1,17970.0,0,0,13.0,4.0,80.0,15.0,3.0,0.6931471805599453,2.3978952727983707,2.5649493574615367,2.772588722239781,8.629449873761905,0.6931471805599453,1.4142135623730951,1.7320508075688772,2.0,0,0,1,0,1,0,0,0,0,0,0,0,0,0,0,0,1,0
52.0,0,2,994.0,7.0,4.0,1.0,1118.0,2.0,1,87.0,3.0,3.0,2.0,2,15322.0,0,0,19.0,4.0,80.0,18.0,3.0,2.0794415416798357,1.9459101490553132,0.0,2.1972245773362196,9.253974408996244,0.0,2.0,1.7320508075688772,2.0,0,1,0,0,1,0,0,0,0,1,0,0,0,0,0,0,0,0
38.0,0,2,770.0,10.0,4.0,1.0,1119.0,3.0,1,73.0,2.0,3.0,3.0,0,5569.0,0,1,14.0,2.0,80.0,9.0,3.0,0.0,2.0794415416798357,2.0794415416798357,2.1972245773362196,9.075779878580487,1.0986122886681096,1.4142135623730951,1.7320508075688772,1.4142135623730951,0,0,1,0,0,1,0,0,0,0,0,0,0,0,0,0,1,0
29.0,0,2,1107.0,28.0,4.0,1.0,1120.0,3.0,0,93.0,3.0,1.0,4.0,0,26968.0,0,0,22.0,1.0,80.0,11.0,3.0,1.6094379124341003,1.791759469228055,2.0794415416798357,2.0794415416798357,7.83002808253384,0.6931471805599453,1.0,2.0,1.0,0,1,0,0,1,0,0,0,0,0,0,0,0,0,0,1,0,0
28.0,0,2,950.0,3.0,3.0,1.0,1121.0,4.0,0,93.0,3.0,3.0,2.0,0,8039.0,0,0,17.0,2.0,80.0,10.0,2.0,0.0,2.0794415416798357,2.0794415416798357,2.302585092994046,8.94324493313279,1.3862943611198906,1.7320508075688772,1.7320508075688772,1.0,0,1,0,0,0,0,1,0,0,0,0,0,0,1,0,0,0,0
46.0,0,2,406.0,3.0,1.0,1.0,1124.0,1.0,1,52.0,3.0,4.0,3.0,1,15596.0,0,0,12.0,4.0,80.0,23.0,3.0,1.3862943611198906,2.302585092994046,2.302585092994046,2.5649493574615367,9.768011412973678,0.6931471805599453,1.7320508075688772,1.7320508075688772,2.0,0,0,1,0,0,1,0,0,0,0,0,0,1,0,0,0,0,0
38.0,0,2,130.0,2.0,2.0,1.0,1125.0,4.0,1,32.0,3.0,3.0,2.0,2,20619.0,0,0,16.0,3.0,80.0,10.0,3.0,2.0794415416798357,0.0,0.0,0.6931471805599453,8.902727664035522,0.0,1.4142135623730951,1.7320508075688772,0.0,0,0,1,0,0,1,0,0,0,0,0,0,0,0,0,0,1,0
43.0,0,1,1082.0,27.0,3.0,1.0,1126.0,3.0,0,83.0,3.0,3.0,1.0,1,11535.0,0,0,11.0,3.0,80.0,18.0,3.0,2.1972245773362196,2.0794415416798357,0.6931471805599453,2.1972245773362196,9.289243969571649,0.6931471805599453,1.0,1.7320508075688772,0.0,0,1,0,0,1,0,0,0,0,0,0,0,0,1,0,0,0,0
39.0,1,1,203.0,2.0,3.0,1.0,1127.0,1.0,1,84.0,3.0,4.0,4.0,0,13547.0,0,0,11.0,4.0,80.0,21.0,3.0,2.0794415416798357,2.0794415416798357,1.791759469228055,2.9444389791664403,9.406729185981574,1.3862943611198906,2.0,1.7320508075688772,3.3166247903554,0,1,0,0,1,0,0,0,0,1,0,0,0,0,0,0,0,0
40.0,0,2,1308.0,14.0,3.0,1.0,1128.0,3.0,1,44.0,2.0,5.0,3.0,2,17544.0,0,0,14.0,1.0,80.0,21.0,4.0,0.6931471805599453,2.0794415416798357,2.302585092994046,3.044522437723423,9.88466144828608,0.0,1.4142135623730951,1.7320508075688772,2.0,0,1,0,0,0,0,1,0,0,0,0,0,0,0,1,0,0,0
21.0,0,2,984.0,1.0,1.0,1.0,1131.0,4.0,0,70.0,2.0,1.0,2.0,2,25326.0,0,1,11.0,3.0,80.0,2.0,4.0,0.6931471805599453,1.0986122886681096,1.0986122886681096,1.0986122886681096,7.635786861395585,0.0,2.449489742783178,1.7320508075688772,1.4142135623730951,0,1,0,0,0,0,0,0,1,0,0,0,0,0,0,1,0,0
39.0,0,0,439.0,9.0,3.0,1.0,1132.0,3.0,1,70.0,3.0,2.0,2.0,2,8770.0,0,0,15.0,3.0,80.0,9.0,2.0,2.302585092994046,1.6094379124341003,1.3862943611198906,1.791759469228055,8.82217476094608,0.0,1.4142135623730951,1.7320508075688772,0.0,0,1,0,0,1,0,0,0,0,0,0,1,0,0,0,0,0,0
36.0,0,0,217.0,18.0,4.0,1.0,1133.0,1.0,1,78.0,3.0,2.0,4.0,2,23238.0,0,0,20.0,1.0,80.0,18.0,3.0,1.0986122886681096,2.302585092994046,2.302585092994046,2.4849066497880004,8.959311617172437,0.0,0.0,2.0,0.0,0,1,0,0,1,0,0,0,0,0,0,0,0,1,0,0,0,0
31.0,0,1,793.0,20.0,3.0,1.0,1135.0,3.0,1,67.0,4.0,1.0,4.0,1,21981.0,0,0,12.0,1.0,80.0,3.0,3.0,0.0,1.0986122886681096,1.0986122886681096,1.0986122886681096,7.934513463882263,0.6931471805599453,2.0,1.7320508075688772,1.4142135623730951,0,0,1,0,1,0,0,0,0,0,0,0,0,0,0,0,0,1
28.0,0,2,1451.0,2.0,1.0,1.0,1136.0,1.0,1,67.0,2.0,1.0,2.0,1,19911.0,0,0,17.0,1.0,80.0,6.0,1.0,0.0,1.3862943611198906,1.6094379124341003,1.791759469228055,8.07153089355666,0.0,1.4142135623730951,1.7320508075688772,0.0,0,1,0,0,1,0,0,0,0,0,0,0,0,0,0,1,0,0
35.0,0,1,1182.0,11.0,2.0,1.0,1137.0,4.0,1,54.0,3.0,2.0,4.0,0,18500.0,0,0,11.0,4.0,80.0,5.0,3.0,0.6931471805599453,1.0986122886681096,1.0986122886681096,1.791759469228055,8.51097389160232,0.6931471805599453,1.7320508075688772,1.7320508075688772,0.0,0,0,1,0,0,1,0,0,0,0,0,0,0,0,0,0,1,0
49.0,0,2,174.0,8.0,4.0,1.0,1138.0,4.0,1,56.0,2.0,4.0,2.0,1,11879.0,0,0,17.0,2.0,80.0,22.0,3.0,1.9459101490553132,2.1972245773362196,1.3862943611198906,2.302585092994046,9.481969279105716,0.6931471805599453,1.7320508075688772,1.7320508075688772,1.4142135623730951,0,0,1,0,0,0,0,0,1,0,0,0,0,0,0,0,1,0
34.0,0,1,1003.0,2.0,2.0,1.0,1140.0,4.0,1,95.0,3.0,2.0,3.0,2,15834.0,0,0,11.0,4.0,80.0,5.0,2.0,1.0986122886681096,1.0986122886681096,1.0986122886681096,1.3862943611198906,8.302513718514158,0.0,1.7320508075688772,1.7320508075688772,0.0,0,1,0,0,1,0,0,0,0,0,0,0,0,1,0,0,0,0
29.0,0,1,490.0,10.0,3.0,1.0,1143.0,4.0,0,61.0,3.0,1.0,2.0,0,17940.0,0,0,14.0,4.0,80.0,8.0,2.0,0.0,1.791759469228055,0.6931471805599453,2.0794415416798357,8.09925056179696,1.0986122886681096,1.4142135623730951,1.7320508075688772,1.0,0,1,0,0,1,0,0,0,0,0,0,0,0,0,0,1,0,0
42.0,0,2,188.0,29.0,3.0,1.0,1148.0,2.0,1,56.0,1.0,2.0,4.0,2,9558.0,0,0,19.0,1.0,80.0,16.0,3.0,1.6094379124341003,0.0,0.0,0.6931471805599453,8.360071435644025,0.0,1.7320508075688772,1.7320508075688772,0.0,0,1,0,0,0,0,1,0,0,0,0,1,0,0,0,0,0,0
29.0,0,2,718.0,8.0,1.0,1.0,1150.0,2.0,1,79.0,2.0,2.0,4.0,1,17689.0,0,1,15.0,3.0,80.0,10.0,2.0,0.6931471805599453,2.0794415416798357,1.0986122886681096,2.3978952727983707,8.528528701079983,0.6931471805599453,1.4142135623730951,1.7320508075688772,1.0,0,1,0,0,0,0,1,0,0,0,0,0,0,1,0,0,0,0
38.0,0,2,433.0,1.0,3.0,1.0,1152.0,3.0,1,37.0,4.0,1.0,3.0,1,6004.0,0,0,13.0,4.0,80.0,7.0,4.0,0.6931471805599453,1.9459101490553132,0.0,2.0794415416798357,7.953318346560431,0.6931471805599453,1.4142135623730951,1.7320508075688772,2.23606797749979,1,0,0,1,0,0,0,0,0,0,1,0,0,0,0,0,0,0
28.0,0,1,773.0,6.0,3.0,1.0,1154.0,3.0,1,39.0,2.0,1.0,3.0,0,22088.0,0,1,14.0,4.0,80.0,3.0,3.0,0.6931471805599453,0.6931471805599453,1.0986122886681096,1.3862943611198906,7.902487437162855,0.6931471805599453,1.4142135623730951,1.7320508075688772,0.0,0,1,0,0,1,0,0,0,0,0,0,0,0,0,0,1,0,0
18.0,1,0,247.0,8.0,1.0,1.0,1156.0,3.0,1,80.0,3.0,1.0,3.0,2,13556.0,0,0,12.0,4.0,80.0,1.0,3.0,0.6931471805599453,0.0,0.0,0.0,7.552237287560802,0.0,0.0,1.7320508075688772,0.0,0,1,0,0,0,0,1,0,0,0,0,1,0,0,0,0,0,0
33.0,1,2,603.0,9.0,4.0,1.0,1157.0,1.0,0,77.0,3.0,2.0,1.0,2,18385.0,0,1,17.0,1.0,80.0,6.0,3.0,0.0,1.0986122886681096,1.3862943611198906,1.791759469228055,9.014933575633572,0.0,1.7320508075688772,1.7320508075688772,0.0,0,0,1,0,0,1,0,0,0,0,0,0,0,0,0,0,1,0
41.0,0,2,167.0,12.0,4.0,1.0,1158.0,2.0,1,46.0,3.0,1.0,4.0,1,9051.0,0,1,11.0,1.0,80.0,6.0,3.0,1.3862943611198906,0.0,0.0,0.6931471805599453,8.469472455204826,0.6931471805599453,2.0,1.7320508075688772,0.0,0,1,0,0,1,0,0,0,0,0,0,1,0,0,0,0,0,0
31.0,1,1,874.0,15.0,3.0,1.0,1160.0,3.0,1,72.0,3.0,1.0,3.0,1,6233.0,0,0,12.0,3.0,80.0,2.0,2.0,0.6931471805599453,1.0986122886681096,1.0986122886681096,1.0986122886681096,7.8674885686991285,0.6931471805599453,2.23606797749979,1.7320508075688772,1.4142135623730951,0,1,0,0,0,0,1,0,0,0,0,1,0,0,0,0,0,0
37.0,0,2,367.0,25.0,2.0,1.0,1161.0,3.0,0,52.0,2.0,2.0,4.0,0,17171.0,0,0,13.0,3.0,80.0,9.0,3.0,2.0794415416798357,1.0986122886681096,1.3862943611198906,1.9459101490553132,8.653819788948063,1.0986122886681096,1.4142135623730951,1.7320508075688772,1.0,0,1,0,0,0,0,1,0,0,1,0,0,0,0,0,0,0,0
27.0,0,2,199.0,6.0,3.0,1.0,1162.0,4.0,1,55.0,2.0,1.0,3.0,1,7950.0,0,0,13.0,3.0,80.0,4.0,3.0,0.6931471805599453,1.0986122886681096,1.0986122886681096,1.6094379124341003,7.8399193600125825,0.6931471805599453,0.0,1.7320508075688772,1.4142135623730951,0,1,0,0,1,0,0,0,0,0,0,0,0,0,0,1,0,0
34.0,0,2,1400.0,9.0,1.0,1.0,1163.0,2.0,0,70.0,3.0,2.0,3.0,1,5829.0,0,0,20.0,1.0,80.0,6.0,2.0,0.6931471805599453,1.791759469228055,1.3862943611198906,1.9459101490553132,8.65084957622891,0.0,1.7320508075688772,2.0,1.0,0,0,1,0,1,0,0,0,0,0,0,0,0,0,0,0,1,0
35.0,0,2,528.0,8.0,4.0,1.0,1164.0,3.0,1,100.0,3.0,1.0,3.0,2,7108.0,0,0,17.0,2.0,80.0,6.0,1.0,0.6931471805599453,1.6094379124341003,1.6094379124341003,1.791759469228055,8.371936178759098,0.0,1.4142135623730951,1.7320508075688772,1.0,1,0,0,0,0,0,0,0,1,0,1,0,0,0,0,0,0,0
29.0,1,2,408.0,23.0,1.0,1.0,1165.0,4.0,0,45.0,2.0,3.0,1.0,1,11162.0,0,0,13.0,1.0,80.0,11.0,1.0,0.6931471805599453,2.1972245773362196,2.3978952727983707,2.4849066497880004,8.900685318713995,0.6931471805599453,1.7320508075688772,1.7320508075688772,1.7320508075688772,0,0,1,0,1,0,0,0,0,0,0,0,0,0,0,0,1,0
40.0,0,1,593.0,9.0,4.0,1.0,1166.0,2.0,0,88.0,3.0,3.0,3.0,2,13782.0,0,0,17.0,3.0,80.0,20.0,2.0,2.302585092994046,2.0794415416798357,2.639057329615259,2.9444389791664403,9.51044496442652,0.0,1.7320508075688772,1.7320508075688772,1.4142135623730951,0,1,0,0,0,0,1,0,0,0,0,0,0,0,1,0,0,0
42.0,1,1,481.0,12.0,3.0,1.0,1167.0,3.0,1,44.0,3.0,4.0,1.0,2,2447.0,0,1,12.0,2.0,80.0,22.0,2.0,0.0,2.302585092994046,2.70805020110221,3.091042453358316,9.529448434427817,0.0,1.4142135623730951,1.7320508075688772,3.605551275463989,0,0,1,0,1,0,0,0,0,0,0,0,0,0,0,0,1,0
42.0,0,2,647.0,4.0,4.0,1.0,1171.0,2.0,1,45.0,3.0,2.0,1.0,2,2253.0,0,0,13.0,4.0,80.0,9.0,4.0,2.0794415416798357,1.6094379124341003,1.791759469228055,1.9459101490553132,8.547916364059079,0.0,1.7320508075688772,1.7320508075688772,1.0,0,0,1,0,0,1,0,0,0,0,0,0,0,0,0,0,1,0
35.0,0,2,982.0,1.0,4.0,1.0,1172.0,4.0,1,58.0,2.0,1.0,3.0,1,16340.0,0,0,12.0,2.0,80.0,10.0,3.0,1.9459101490553132,0.0,2.0794415416798357,2.1972245773362196,7.7226775164680035,0.6931471805599453,1.4142135623730951,1.7320508075688772,1.0,0,1,0,0,0,0,1,0,0,0,0,1,0,0,0,0,0,0
24.0,0,2,477.0,24.0,3.0,1.0,1173.0,4.0,1,49.0,3.0,1.0,2.0,2,6409.0,0,0,22.0,4.0,80.0,6.0,3.0,2.1972245773362196,1.3862943611198906,1.0986122886681096,1.6094379124341003,8.188133414510478,0.0,1.4142135623730951,2.0,1.0,0,1,0,0,0,0,1,0,0,0,0,1,0,0,0,0,0,0
28.0,1,2,1485.0,12.0,1.0,1.0,1175.0,3.0,0,79.0,3.0,1.0,4.0,1,22955.0,0,1,11.0,4.0,80.0,1.0,2.0,0.6931471805599453,0.6931471805599453,0.0,0.6931471805599453,7.830425617820331,0.0,2.0,1.7320508075688772,0.0,0,1,0,0,1,0,0,0,0,0,0,1,0,0,0,0,0,0
26.0,0,2,1384.0,3.0,4.0,1.0,1177.0,1.0,1,82.0,4.0,1.0,4.0,1,13421.0,0,0,22.0,2.0,80.0,8.0,3.0,0.6931471805599453,2.0794415416798357,2.0794415416798357,2.1972245773362196,8.394121193826242,0.6931471805599453,1.4142135623730951,2.0,0.0,0,1,0,0,0,0,1,0,0,0,0,1,0,0,0,0,0,0
30.0,0,2,852.0,10.0,3.0,1.0,1179.0,3.0,1,72.0,2.0,2.0,3.0,1,2706.0,0,0,18.0,1.0,80.0,10.0,3.0,0.6931471805599453,1.3862943611198906,1.6094379124341003,2.3978952727983707,8.791638037085997,0.6931471805599453,1.7320508075688772,1.7320508075688772,1.0,0,0,1,0,0,1,0,0,0,0,0,0,0,0,0,0,1,0
40.0,0,1,902.0,26.0,2.0,1.0,1180.0,3.0,0,92.0,2.0,2.0,4.0,1,21203.0,0,1,13.0,4.0,80.0,16.0,1.0,1.3862943611198906,0.6931471805599453,0.0,0.6931471805599453,8.394573477868327,0.6931471805599453,1.7320508075688772,1.7320508075688772,0.0,0,1,0,0,0,0,1,0,0,0,0,0,0,0,0,1,0,0
35.0,0,2,819.0,2.0,3.0,1.0,1182.0,3.0,1,44.0,2.0,3.0,2.0,0,19588.0,0,0,18.0,2.0,80.0,15.0,4.0,1.0986122886681096,2.0794415416798357,1.6094379124341003,2.0794415416798357,9.237469039364436,0.6931471805599453,1.4142135623730951,1.7320508075688772,2.449489742783178,0,1,0,0,1,0,0,0,0,0,0,0,0,1,0,0,0,0
34.0,0,1,669.0,1.0,3.0,1.0,1184.0,4.0,1,97.0,2.0,2.0,1.0,2,25755.0,0,0,20.0,3.0,80.0,14.0,3.0,0.0,2.302585092994046,2.302585092994046,2.639057329615259,8.583729715216482,0.0,1.7320508075688772,2.0,2.0,0,1,0,0,0,0,1,0,0,1,0,0,0,0,0,0,0,0
35.0,0,1,636.0,4.0,4.0,1.0,1185.0,4.0,1,47.0,2.0,1.0,4.0,1,26537.0,0,0,13.0,2.0,80.0,2.0,4.0,0.6931471805599453,1.0986122886681096,1.0986122886681096,1.0986122886681096,7.773594467360194,0.6931471805599453,1.4142135623730951,1.7320508075688772,1.4142135623730951,0,1,0,0,0,0,0,1,0,0,0,1,0,0,0,0,0,0
43.0,1,2,1372.0,9.0,3.0,1.0,1188.0,1.0,0,85.0,1.0,2.0,3.0,2,9489.0,0,0,13.0,2.0,80.0,7.0,2.0,2.1972245773362196,1.3862943611198906,1.3862943611198906,1.6094379124341003,8.584290934948731,0.0,1.4142135623730951,1.7320508075688772,1.0,0,0,1,0,0,1,0,0,0,0,0,0,0,0,0,0,1,0
32.0,0,0,862.0,2.0,1.0,1.0,1190.0,3.0,0,76.0,3.0,1.0,1.0,0,14947.0,0,0,12.0,3.0,80.0,1.0,3.0,0.6931471805599453,0.0,0.0,0.6931471805599453,7.947325027016463,1.3862943611198906,1.7320508075688772,1.7320508075688772,0.0,0,0,1,0,1,0,0,0,0,0,0,0,0,0,0,0,0,1
56.0,0,2,718.0,4.0,4.0,1.0,1191.0,4.0,0,92.0,3.0,5.0,1.0,0,18575.0,0,0,13.0,4.0,80.0,28.0,3.0,1.6094379124341003,1.0986122886681096,1.0986122886681096,1.791759469228055,9.884684885113385,0.6931471805599453,1.4142135623730951,1.7320508075688772,2.0,0,1,0,0,0,0,0,0,1,0,0,0,1,0,0,0,0,0
29.0,0,2,1401.0,6.0,1.0,1.0,1192.0,2.0,0,54.0,3.0,1.0,4.0,1,26342.0,0,0,13.0,1.0,80.0,10.0,3.0,0.6931471805599453,2.1972245773362196,2.1972245773362196,2.3978952727983707,8.049427057110695,0.6931471805599453,2.23606797749979,1.7320508075688772,0.0,0,1,0,0,0,0,1,0,0,0,0,1,0,0,0,0,0,0
19.0,0,2,645.0,9.0,2.0,1.0,1193.0,3.0,1,54.0,3.0,1.0,1.0,2,7172.0,0,0,25.0,3.0,80.0,1.0,3.0,0.6931471805599453,0.6931471805599453,0.0,0.6931471805599453,7.845024417241484,0.0,2.0,2.0,0.0,0,1,0,0,1,0,0,0,0,0,0,0,0,0,0,1,0,0
45.0,0,2,1457.0,7.0,3.0,1.0,1195.0,1.0,0,83.0,3.0,1.0,3.0,1,20100.0,0,1,19.0,3.0,80.0,7.0,2.0,1.6094379124341003,1.0986122886681096,1.0986122886681096,1.3862943611198906,8.4069317971587,0.6931471805599453,1.4142135623730951,1.7320508075688772,0.0,0,1,0,0,0,0,1,0,0,0,0,0,0,0,0,1,0,0
37.0,0,2,977.0,1.0,3.0,1.0,1196.0,4.0,0,56.0,2.0,2.0,4.0,1,9961.0,0,0,13.0,2.0,80.0,14.0,2.0,0.6931471805599453,2.1972245773362196,2.4849066497880004,2.70805020110221,8.775703886567738,0.6931471805599453,1.4142135623730951,1.7320508075688772,1.7320508075688772,0,1,0,0,1,0,0,0,0,0,0,0,0,1,0,0,0,0
20.0,0,2,805.0,3.0,3.0,1.0,1198.0,1.0,1,87.0,2.0,1.0,3.0,2,12828.0,0,0,12.0,1.0,80.0,2.0,2.0,0.6931471805599453,1.0986122886681096,1.0986122886681096,1.0986122886681096,8.017637159908478,0.0,1.4142135623730951,1.7320508075688772,1.0,0,1,0,0,1,0,0,0,0,0,0,1,0,0,0,0,0,0
44.0,1,2,1097.0,10.0,4.0,1.0,1200.0,3.0,1,96.0,3.0,1.0,3.0,2,10826.0,0,1,11.0,3.0,80.0,6.0,3.0,0.6931471805599453,1.6094379124341003,1.0986122886681096,1.9459101490553132,7.98514393119862,0.0,2.0,1.7320508075688772,0.0,0,1,0,0,1,0,0,0,0,0,0,0,0,0,0,1,0,0
53.0,0,2,1223.0,7.0,2.0,1.0,1201.0,4.0,0,50.0,3.0,5.0,3.0,0,18640.0,0,0,18.0,2.0,80.0,26.0,3.0,1.3862943611198906,2.0794415416798357,2.0794415416798357,2.0794415416798357,9.831293132987641,0.6931471805599453,2.449489742783178,1.7320508075688772,2.0,0,1,0,0,0,0,1,0,0,0,0,0,1,0,0,0,0,0
29.0,0,2,942.0,15.0,1.0,1.0,1202.0,2.0,0,69.0,1.0,1.0,4.0,1,26933.0,0,1,18.0,1.0,80.0,6.0,2.0,0.0,1.6094379124341003,1.3862943611198906,1.791759469228055,7.682021510826875,0.6931471805599453,1.4142135623730951,1.7320508075688772,1.0,0,1,0,0,1,0,0,0,0,0,0,0,0,0,0,1,0,0
22.0,1,1,1256.0,3.0,4.0,1.0,1203.0,3.0,1,48.0,2.0,1.0,4.0,1,4223.0,0,1,11.0,2.0,80.0,1.0,3.0,0.0,0.0,0.0,0.0,7.956476798036782,0.6931471805599453,2.23606797749979,1.7320508075688772,0.0,0,1,0,0,1,0,0,0,0,0,0,0,0,0,0,1,0,0
44.0,0,0,111.0,17.0,3.0,1.0,1206.0,4.0,1,74.0,1.0,1.0,3.0,2,4279.0,0,0,13.0,4.0,80.0,6.0,3.0,1.0986122886681096,0.0,0.0,0.0,7.736743682453495,0.0,1.7320508075688772,1.7320508075688772,0.0,0,1,0,0,1,0,0,0,0,0,0,0,0,0,0,1,0,0
33.0,0,2,147.0,2.0,3.0,1.0,1207.0,2.0,1,99.0,3.0,1.0,3.0,1,8429.0,0,0,13.0,4.0,80.0,5.0,3.0,0.6931471805599453,1.6094379124341003,1.6094379124341003,1.791759469228055,8.188966863648876,0.6931471805599453,1.4142135623730951,1.7320508075688772,1.0,1,0,0,1,0,0,0,0,0,0,1,0,0,0,0,0,0,0
41.0,1,0,906.0,5.0,2.0,1.0,1210.0,1.0,1,95.0,2.0,1.0,1.0,0,20293.0,0,0,17.0,1.0,80.0,5.0,1.0,1.9459101490553132,0.0,0.0,0.6931471805599453,7.653494909661253,0.6931471805599453,1.4142135623730951,1.7320508075688772,0.0,0,1,0,0,1,0,0,0,0,0,0,0,0,0,0,1,0,0
30.0,0,2,1329.0,29.0,4.0,1.0,1211.0,3.0,1,61.0,3.0,2.0,1.0,0,13192.0,0,0,19.0,3.0,80.0,8.0,3.0,2.1972245773362196,1.3862943611198906,1.3862943611198906,1.6094379124341003,8.32263709695394,1.3862943611198906,1.7320508075688772,1.7320508075688772,0.0,0,0,1,0,1,0,0,0,0,0,0,0,0,0,0,0,1,0
40.0,0,1,1184.0,2.0,4.0,1.0,1212.0,2.0,1,62.0,3.0,2.0,2.0,1,25440.0,0,0,12.0,4.0,80.0,5.0,3.0,1.791759469228055,0.0,0.0,0.0,8.372860820526318,1.3862943611198906,1.4142135623730951,1.7320508075688772,0.0,0,0,1,0,0,0,1,0,0,0,0,0,0,0,0,0,1,0
50.0,0,1,1421.0,2.0,3.0,1.0,1215.0,4.0,0,30.0,3.0,4.0,1.0,1,9490.0,0,0,22.0,3.0,80.0,32.0,3.0,1.0986122886681096,1.0986122886681096,1.0986122886681096,1.0986122886681096,9.790150867197125,0.6931471805599453,1.7320508075688772,2.0,1.4142135623730951,0,1,0,0,0,0,1,0,0,0,0,0,1,0,0,0,0,0
28.0,0,2,1179.0,19.0,4.0,1.0,1216.0,4.0,1,78.0,2.0,1.0,1.0,1,12449.0,0,0,12.0,3.0,80.0,6.0,3.0,0.6931471805599453,1.791759469228055,1.3862943611198906,1.9459101490553132,8.069968149059841,1.3862943611198906,1.4142135623730951,1.7320508075688772,1.7320508075688772,0,1,0,0,0,0,1,0,0,0,0,1,0,0,0,0,0,0
46.0,0,2,1450.0,15.0,2.0,1.0,1217.0,4.0,1,52.0,3.0,5.0,2.0,1,10849.0,0,0,11.0,1.0,80.0,25.0,3.0,1.791759469228055,1.0986122886681096,1.3862943611198906,1.6094379124341003,9.856500761311791,0.6931471805599453,1.4142135623730951,1.7320508075688772,0.0,0,1,0,0,1,0,0,0,0,0,0,0,0,0,1,0,0,0
35.0,0,2,1361.0,17.0,4.0,1.0,1218.0,3.0,1,94.0,3.0,2.0,1.0,1,21026.0,0,1,15.0,4.0,80.0,15.0,3.0,1.3862943611198906,2.0794415416798357,2.0794415416798357,2.0794415416798357,9.101306450952048,1.3862943611198906,1.4142135623730951,1.7320508075688772,1.0,0,0,1,0,1,0,0,0,0,0,0,0,0,0,0,0,1,0
24.0,1,2,984.0,17.0,2.0,1.0,1219.0,4.0,0,97.0,3.0,1.0,2.0,1,3372.0,0,0,13.0,1.0,80.0,1.0,1.0,0.6931471805599453,0.0,0.0,0.6931471805599453,7.701200180857446,0.6931471805599453,1.7320508075688772,1.7320508075688772,0.0,0,1,0,0,1,0,0,0,0,0,0,1,0,0,0,0,0,0
33.0,0,1,1146.0,25.0,3.0,1.0,1220.0,2.0,0,82.0,3.0,2.0,3.0,1,4905.0,0,0,12.0,1.0,80.0,10.0,2.0,0.6931471805599453,2.0794415416798357,0.6931471805599453,2.3978952727983707,8.420682291035394,0.6931471805599453,1.7320508075688772,1.7320508075688772,0.0,0,0,1,0,0,0,1,0,0,0,0,0,0,0,0,0,1,0
36.0,0,2,917.0,6.0,4.0,1.0,1221.0,3.0,1,60.0,1.0,1.0,3.0,0,6865.0,0,0,14.0,3.0,80.0,7.0,3.0,0.6931471805599453,2.0794415416798357,2.0794415416798357,2.0794415416798357,7.91644286012226,0.6931471805599453,2.0,1.7320508075688772,1.0,0,1,0,0,1,0,0,0,0,0,0,1,0,0,0,0,0,0
30.0,0,2,853.0,7.0,4.0,1.0,1224.0,3.0,1,49.0,3.0,2.0,3.0,0,11309.0,0,0,13.0,1.0,80.0,10.0,2.0,0.6931471805599453,2.0794415416798357,2.302585092994046,2.3978952727983707,8.158229916959494,1.3862943611198906,2.0,1.7320508075688772,2.8284271247461903,0,1,0,0,1,0,0,0,0,0,0,1,0,0,0,0,0,0
44.0,0,2,200.0,29.0,4.0,1.0,1225.0,4.0,1,32.0,3.0,2.0,4.0,2,7744.0,0,0,25.0,2.0,80.0,20.0,3.0,0.6931471805599453,2.4849066497880004,2.8903717578961645,3.044522437723423,8.421122722665503,0.0,1.7320508075688772,2.0,3.605551275463989,0,1,0,0,0,0,0,1,0,0,0,0,0,0,0,1,0,0
20.0,0,2,654.0,21.0,3.0,1.0,1226.0,3.0,1,43.0,4.0,1.0,4.0,2,5050.0,0,0,17.0,4.0,80.0,2.0,3.0,0.6931471805599453,0.6931471805599453,1.0986122886681096,1.0986122886681096,7.893198869544609,0.0,1.4142135623730951,1.7320508075688772,1.4142135623730951,0,0,1,0,0,1,0,0,0,0,0,0,0,0,0,0,0,1
46.0,0,2,150.0,2.0,4.0,1.0,1228.0,4.0,1,60.0,3.0,2.0,4.0,0,17433.0,0,0,11.0,3.0,80.0,12.0,2.0,1.0986122886681096,1.3862943611198906,1.6094379124341003,1.9459101490553132,8.906528917594517,0.6931471805599453,1.7320508075688772,1.7320508075688772,1.0,0,1,0,0,0,0,0,0,1,0,0,0,0,1,0,0,0,0
42.0,0,0,179.0,2.0,5.0,1.0,1231.0,4.0,1,79.0,4.0,2.0,1.0,1,12858.0,0,0,16.0,1.0,80.0,10.0,4.0,2.0794415416798357,1.3862943611198906,1.3862943611198906,1.6094379124341003,8.744009988096742,0.6931471805599453,1.7320508075688772,1.7320508075688772,0.0,1,0,0,0,0,0,1,0,0,0,1,0,0,0,0,0,0,0
60.0,0,2,696.0,7.0,4.0,1.0,1233.0,2.0,1,52.0,4.0,2.0,4.0,0,10893.0,0,1,18.0,2.0,80.0,12.0,3.0,0.0,2.0794415416798357,2.302585092994046,2.4849066497880004,8.560444233410552,0.6931471805599453,1.7320508075688772,1.7320508075688772,1.0,0,0,1,0,0,1,0,0,0,0,0,0,0,0,0,0,1,0
32.0,0,1,116.0,13.0,3.0,1.0,1234.0,3.0,0,77.0,2.0,1.0,2.0,1,7331.0,0,0,20.0,3.0,80.0,2.0,3.0,0.6931471805599453,1.0986122886681096,1.0986122886681096,1.0986122886681096,7.917171988845776,0.6931471805599453,1.4142135623730951,2.0,1.4142135623730951,0,1,0,0,0,0,0,1,0,0,0,1,0,0,0,0,0,0
32.0,0,1,1316.0,2.0,2.0,1.0,1235.0,4.0,0,38.0,3.0,2.0,3.0,2,2338.0,0,1,14.0,4.0,80.0,10.0,3.0,1.6094379124341003,2.0794415416798357,2.0794415416798357,2.1972245773362196,8.51699317141357,0.0,1.4142135623730951,1.7320508075688772,0.0,0,1,0,0,1,0,0,0,0,0,0,0,0,0,0,1,0,0
36.0,0,2,363.0,1.0,3.0,1.0,1237.0,3.0,0,77.0,1.0,3.0,1.0,0,4235.0,0,1,21.0,3.0,80.0,17.0,3.0,1.0986122886681096,2.0794415416798357,2.0794415416798357,2.0794415416798357,9.235325624670091,0.6931471805599453,1.4142135623730951,2.0,2.6457513110645907,0,1,0,0,0,0,0,0,1,0,0,0,0,1,0,0,0,0
33.0,0,2,117.0,9.0,3.0,1.0,1238.0,1.0,1,60.0,3.0,1.0,4.0,1,6311.0,0,0,13.0,2.0,80.0,15.0,3.0,0.0,2.3978952727983707,2.3978952727983707,2.70805020110221,7.930925372483388,0.6931471805599453,2.23606797749979,1.7320508075688772,2.0,0,1,0,0,0,0,1,0,0,0,0,0,0,0,0,1,0,0
40.0,0,2,107.0,10.0,3.0,1.0,1239.0,2.0,0,84.0,2.0,2.0,2.0,0,11591.0,0,0,12.0,2.0,80.0,7.0,4.0,2.0794415416798357,0.6931471805599453,1.3862943611198906,1.791759469228055,8.832441791585824,0.6931471805599453,1.4142135623730951,1.7320508075688772,1.0,0,0,1,0,0,0,0,0,1,0,0,0,0,0,0,0,1,0
25.0,0,2,1356.0,10.0,4.0,1.0,1240.0,3.0,1,57.0,3.0,2.0,4.0,2,20623.0,0,0,14.0,2.0,80.0,5.0,3.0,0.0,1.3862943611198906,0.6931471805599453,1.6094379124341003,8.507344855361422,0.0,2.0,1.7320508075688772,1.0,0,0,1,0,1,0,0,0,0,0,0,0,0,0,0,0,1,0
30.0,0,2,1465.0,1.0,3.0,1.0,1241.0,4.0,1,63.0,3.0,1.0,2.0,1,9369.0,0,1,21.0,1.0,80.0,12.0,3.0,0.0,2.302585092994046,2.0794415416798357,2.4849066497880004,8.183118079394745,0.6931471805599453,1.4142135623730951,2.0,2.23606797749979,0,1,0,0,0,0,1,0,0,0,0,0,0,0,0,1,0,0
42.0,0,1,458.0,26.0,5.0,1.0,1242.0,1.0,0,60.0,3.0,3.0,1.0,1,23281.0,0,1,17.0,3.0,80.0,20.0,3.0,1.3862943611198906,0.0,0.0,0.6931471805599453,9.487365864239434,0.0,2.449489742783178,1.7320508075688772,0.0,0,1,0,0,0,0,1,0,0,0,0,0,0,0,1,0,0,0
35.0,0,0,1212.0,8.0,2.0,1.0,1243.0,3.0,0,78.0,2.0,3.0,4.0,1,13755.0,0,1,11.0,2.0,80.0,16.0,2.0,1.6094379124341003,1.0986122886681096,2.5649493574615367,2.639057329615259,9.247443459927686,0.6931471805599453,2.449489742783178,1.7320508075688772,2.0,0,0,1,0,0,1,0,0,0,0,0,0,0,0,0,0,1,0
27.0,0,2,1103.0,14.0,3.0,1.0,1244.0,1.0,1,42.0,3.0,1.0,1.0,1,14377.0,0,1,14.0,4.0,80.0,9.0,2.0,0.6931471805599453,2.0794415416798357,2.1972245773362196,2.302585092994046,7.71244383427499,1.0986122886681096,1.7320508075688772,1.7320508075688772,2.449489742783178,0,1,0,0,1,0,0,0,0,0,0,0,0,0,0,1,0,0
54.0,0,1,966.0,1.0,4.0,1.0,1245.0,4.0,0,53.0,3.0,3.0,3.0,0,9659.0,0,0,17.0,1.0,80.0,33.0,1.0,2.0794415416798357,1.6094379124341003,1.6094379124341003,1.791759469228055,9.259416209622776,0.6931471805599453,1.4142135623730951,1.7320508075688772,1.0,0,1,0,0,1,0,0,0,0,0,0,0,0,1,0,0,0,0
44.0,0,2,1117.0,2.0,1.0,1.0,1246.0,1.0,0,72.0,4.0,1.0,4.0,1,19982.0,0,0,13.0,4.0,80.0,10.0,3.0,0.6931471805599453,1.791759469228055,2.0794415416798357,2.3978952727983707,7.60688453121963,0.6931471805599453,2.23606797749979,1.7320508075688772,2.6457513110645907,0,1,0,0,1,0,0,0,0,0,0,0,0,0,0,1,0,0
19.0,1,0,504.0,10.0,3.0,1.0,1248.0,1.0,0,96.0,2.0,1.0,2.0,2,6148.0,0,1,25.0,2.0,80.0,1.0,4.0,0.6931471805599453,0.6931471805599453,0.0,0.6931471805599453,7.528331766707247,0.0,1.4142135623730951,2.0,0.0,0,1,0,0,0,0,1,0,0,0,0,0,0,0,0,1,0,0
29.0,0,2,1010.0,1.0,3.0,1.0,1249.0,1.0,0,97.0,3.0,1.0,4.0,0,5598.0,0,0,15.0,1.0,80.0,3.0,3.0,0.6931471805599453,1.0986122886681096,1.0986122886681096,1.3862943611198906,8.232440158470336,1.3862943611198906,2.23606797749979,1.7320508075688772,1.0,0,1,0,0,1,0,0,0,0,0,0,0,0,0,0,1,0,0
54.0,0,2,685.0,3.0,3.0,1.0,1250.0,4.0,1,85.0,3.0,4.0,4.0,1,23474.0,0,0,14.0,1.0,80.0,34.460000000000036,3.0,1.3862943611198906,2.302585092994046,2.302585092994046,2.3978952727983707,9.785829509067895,0.0,1.4142135623730951,1.7320508075688772,0.0,0,1,0,0,1,0,0,0,0,0,0,0,0,0,1,0,0,0
31.0,0,2,1332.0,11.0,2.0,1.0,1251.0,3.0,1,80.0,3.0,2.0,1.0,1,17089.0,0,1,12.0,4.0,80.0,6.0,2.0,0.6931471805599453,1.791759469228055,0.6931471805599453,1.9459101490553132,8.829665432675236,0.0,1.4142135623730951,1.7320508075688772,0.0,0,1,0,0,0,0,1,0,0,1,0,0,0,0,0,0,0,0
31.0,0,2,1062.0,24.0,3.0,1.0,1252.0,3.0,0,96.0,2.0,2.0,1.0,2,17198.0,0,0,19.0,2.0,80.0,10.0,3.0,0.6931471805599453,2.302585092994046,2.1972245773362196,2.3978952727983707,8.826587830773668,0.0,1.4142135623730951,1.7320508075688772,1.0,0,1,0,0,0,0,1,0,0,1,0,0,0,0,0,0,0,0
59.0,0,2,326.0,3.0,3.0,1.0,1254.0,3.0,0,48.0,2.0,2.0,4.0,2,16490.0,0,0,17.0,4.0,80.0,13.0,3.0,1.791759469228055,0.6931471805599453,1.791759469228055,1.9459101490553132,8.551014739891748,0.0,1.4142135623730951,1.7320508075688772,0.0,0,0,1,0,1,0,0,0,0,0,0,0,0,0,0,0,1,0
43.0,0,2,920.0,3.0,3.0,1.0,1255.0,3.0,1,96.0,1.0,5.0,4.0,1,18625.0,0,0,14.0,2.0,80.0,25.0,3.0,1.3862943611198906,2.0794415416798357,2.0794415416798357,2.1972245773362196,9.884684885113385,0.6931471805599453,1.4142135623730951,1.7320508075688772,0.0,0,1,0,0,1,0,0,0,0,0,0,0,0,0,1,0,0,0
49.0,0,2,1098.0,4.0,2.0,1.0,1256.0,1.0,1,85.0,2.0,5.0,3.0,1,12124.0,0,0,13.0,3.0,80.0,23.0,4.0,1.0986122886681096,0.0,0.0,0.6931471805599453,9.836920308264014,0.6931471805599453,1.4142135623730951,1.7320508075688772,0.0,0,1,0,0,0,0,1,0,0,0,0,0,1,0,0,0,0,0
36.0,0,1,469.0,3.0,3.0,1.0,1257.0,3.0,1,46.0,3.0,1.0,2.0,1,9256.0,0,0,12.0,3.0,80.0,12.0,2.0,0.6931471805599453,2.3978952727983707,2.0794415416798357,2.4849066497880004,8.214194414852564,0.0,1.4142135623730951,1.7320508075688772,0.0,0,1,0,0,0,0,0,0,1,0,0,0,0,0,0,1,0,0
48.0,0,2,969.0,2.0,2.0,1.0,1258.0,4.0,1,76.0,4.0,1.0,2.0,2,16620.0,0,0,11.0,3.0,80.0,7.0,2.0,1.791759469228055,0.0,0.0,0.6931471805599453,7.847762537473608,0.0,2.0,1.7320508075688772,0.0,0,1,0,0,0,0,0,0,1,0,0,1,0,0,0,0,0,0
27.0,0,2,1167.0,4.0,2.0,1.0,1259.0,1.0,1,76.0,3.0,1.0,3.0,0,3208.0,0,0,11.0,2.0,80.0,5.0,3.0,0.6931471805599453,1.3862943611198906,1.3862943611198906,1.791759469228055,7.831220214604293,1.3862943611198906,1.4142135623730951,1.7320508075688772,0.0,0,1,0,0,1,0,0,0,0,0,0,0,0,0,0,1,0,0
29.0,0,2,1329.0,7.0,3.0,1.0,1260.0,3.0,1,82.0,3.0,2.0,4.0,0,4204.0,0,1,11.0,2.0,80.0,6.0,3.0,0.6931471805599453,0.0,0.0,1.9459101490553132,8.798454696065095,1.0986122886681096,1.4142135623730951,1.7320508075688772,1.0,0,1,0,0,1,0,0,0,0,1,0,0,0,0,0,0,0,0
48.0,0,2,715.0,1.0,3.0,1.0,1263.0,4.0,1,76.0,2.0,5.0,4.0,2,8733.0,0,0,12.0,3.0,80.0,25.0,4.0,1.9459101490553132,0.0,0.0,0.6931471805599453,9.812796687251625,0.0,1.7320508075688772,1.7320508075688772,0.0,0,1,0,0,1,0,0,0,0,0,0,0,0,0,1,0,0,0
29.0,0,2,694.0,1.0,3.0,1.0,1264.0,4.0,0,87.0,2.0,4.0,4.0,0,3423.0,0,0,14.0,2.0,80.0,9.0,2.0,1.3862943611198906,2.0794415416798357,2.0794415416798357,2.0794415416798357,9.688126141663973,1.0986122886681096,1.4142135623730951,1.7320508075688772,1.0,0,1,0,0,1,0,0,0,0,0,0,0,0,0,1,0,0,0
34.0,0,2,1320.0,20.0,3.0,1.0,1265.0,3.0,0,89.0,4.0,1.0,3.0,1,21643.0,0,0,17.0,4.0,80.0,2.0,2.0,0.0,0.0,0.0,0.6931471805599453,7.857867559331803,0.0,2.23606797749979,1.7320508075688772,0.0,0,1,0,0,0,0,0,0,1,0,0,0,0,0,0,1,0,0
44.0,0,2,1099.0,5.0,3.0,1.0,1267.0,2.0,1,88.0,3.0,5.0,2.0,1,8751.0,0,0,11.0,3.0,80.0,26.0,3.0,2.0794415416798357,2.302585092994046,2.3978952727983707,3.1354942159291497,9.809945808127765,0.6931471805599453,2.23606797749979,1.7320508075688772,1.7320508075688772,0,0,1,0,0,1,0,0,0,0,0,0,1,0,0,0,0,0
33.0,0,2,536.0,10.0,5.0,1.0,1268.0,4.0,1,82.0,4.0,3.0,3.0,0,21708.0,0,1,14.0,4.0,80.0,10.0,3.0,0.0,2.1972245773362196,2.1972245773362196,2.302585092994046,9.033722518098907,1.0986122886681096,1.7320508075688772,1.7320508075688772,0.0,0,0,1,0,0,1,0,0,0,0,0,0,0,0,0,0,1,0
19.0,0,2,265.0,25.0,3.0,1.0,1269.0,2.0,0,57.0,4.0,1.0,4.0,2,21221.0,0,1,12.0,4.0,80.0,1.0,3.0,0.6931471805599453,0.0,0.6931471805599453,0.6931471805599453,8.00469951054955,0.0,1.4142135623730951,1.7320508075688772,0.0,0,1,0,0,1,0,0,0,0,0,0,0,0,0,0,1,0,0
23.0,0,2,373.0,1.0,2.0,1.0,1270.0,4.0,1,47.0,3.0,1.0,3.0,1,16901.0,0,0,22.0,4.0,80.0,1.0,3.0,0.6931471805599453,0.0,0.6931471805599453,0.6931471805599453,7.228649665640015,0.6931471805599453,1.4142135623730951,2.0,0.0,0,1,0,0,1,0,0,0,0,0,0,0,0,0,0,1,0,0
25.0,1,1,599.0,24.0,1.0,1.0,1273.0,3.0,1,73.0,1.0,1.0,4.0,2,8040.0,0,1,14.0,4.0,80.0,1.0,3.0,0.6931471805599453,0.0,0.0,0.6931471805599453,7.228649665640015,0.0,2.0,1.7320508075688772,1.0,0,0,1,0,1,0,0,0,0,0,0,0,0,0,0,0,0,1
26.0,0,2,583.0,4.0,2.0,1.0,1275.0,3.0,1,53.0,3.0,1.0,4.0,2,9973.0,0,1,20.0,2.0,80.0,8.0,2.0,0.6931471805599453,1.791759469228055,1.0986122886681096,2.1972245773362196,7.964155718840937,0.0,1.4142135623730951,2.0,1.4142135623730951,0,1,0,0,1,0,0,0,0,0,0,0,0,0,0,1,0,0
45.0,1,2,1449.0,2.0,3.0,1.0,1277.0,1.0,0,94.0,1.0,5.0,2.0,2,2493.0,0,1,16.0,1.0,80.0,26.0,3.0,1.0986122886681096,2.3978952727983707,2.4849066497880004,3.2188758248682006,9.842941052668094,0.0,1.4142135623730951,1.7320508075688772,1.0,0,0,1,0,0,1,0,0,0,0,0,0,1,0,0,0,0,0
55.0,0,0,177.0,8.0,1.0,1.0,1278.0,4.0,1,37.0,2.0,4.0,2.0,0,25592.0,0,1,15.0,4.0,80.0,34.0,3.0,0.6931471805599453,2.302585092994046,0.0,3.4657359027997265,9.516206114861593,0.6931471805599453,1.7320508075688772,1.7320508075688772,3.605551275463989,0,1,0,0,0,0,1,0,0,1,0,0,0,0,0,0,0,0
21.0,1,1,251.0,10.0,2.0,1.0,1279.0,1.0,0,45.0,2.0,1.0,3.0,2,25308.0,0,0,20.0,3.0,80.0,2.0,1.0,0.6931471805599453,1.0986122886681096,1.0986122886681096,1.0986122886681096,7.873217054862741,0.0,1.4142135623730951,2.0,1.4142135623730951,0,1,0,0,1,0,0,0,0,0,0,1,0,0,0,0,0,0
46.0,0,2,168.0,4.0,2.0,1.0,1280.0,4.0,0,33.0,2.0,5.0,2.0,1,9946.0,0,0,14.0,3.0,80.0,26.0,3.0,1.0986122886681096,1.6094379124341003,2.1972245773362196,2.4849066497880004,9.84108009240751,0.6931471805599453,1.4142135623730951,1.7320508075688772,0.0,0,0,1,0,0,1,0,0,0,0,0,0,1,0,0,0,0,0
34.0,0,2,131.0,2.0,3.0,1.0,1281.0,3.0,0,86.0,3.0,2.0,1.0,2,6039.0,0,1,12.0,4.0,80.0,4.0,3.0,0.0,1.0986122886681096,1.0986122886681096,1.3862943611198906,8.420462002456466,0.0,1.7320508075688772,1.7320508075688772,0.0,0,0,1,0,0,1,0,0,0,0,0,0,0,0,0,0,1,0
51.0,0,1,237.0,9.0,3.0,1.0,1282.0,4.0,1,83.0,3.0,5.0,2.0,0,19196.0,0,1,24.0,1.0,80.0,31.0,2.0,1.6094379124341003,2.3978952727983707,2.3978952727983707,3.4011973816621555,9.884684885113385,0.6931471805599453,2.23606797749979,2.0,3.3166247903554,0,0,1,0,1,0,0,0,0,0,0,0,1,0,0,0,0,0
59.0,0,2,1429.0,18.0,4.0,1.0,1283.0,4.0,1,67.0,3.0,3.0,4.0,2,20002.0,0,0,12.0,4.0,80.0,25.0,2.0,1.9459101490553132,2.0794415416798357,1.6094379124341003,2.302585092994046,9.26036786557583,0.0,2.449489742783178,1.7320508075688772,2.23606797749979,0,1,0,0,0,0,1,0,0,0,0,0,0,1,0,0,0,0
34.0,0,1,135.0,19.0,3.0,1.0,1285.0,3.0,0,46.0,3.0,2.0,2.0,0,22534.0,0,0,13.0,3.0,80.0,15.0,4.0,1.6094379124341003,2.1972245773362196,2.3978952727983707,2.4849066497880004,8.399535147948004,1.0986122886681096,1.4142135623730951,1.7320508075688772,2.23606797749979,0,1,0,0,0,0,1,0,0,0,0,1,0,0,0,0,0,0
28.0,0,1,791.0,1.0,4.0,1.0,1286.0,4.0,1,44.0,3.0,1.0,3.0,2,6842.0,0,1,11.0,3.0,80.0,5.0,2.0,0.0,1.0986122886681096,1.0986122886681096,1.6094379124341003,7.675546002537848,0.0,1.4142135623730951,1.7320508075688772,0.0,0,1,0,0,0,0,1,0,0,0,0,1,0,0,0,0,0,0
44.0,0,2,1199.0,4.0,2.0,1.0,1288.0,3.0,1,92.0,4.0,5.0,1.0,0,17477.0,0,0,14.0,4.0,80.0,26.0,2.0,0.6931471805599453,2.302585092994046,2.639057329615259,3.258096538021482,9.862196698118247,1.0986122886681096,2.0,1.7320508075688772,3.605551275463989,0,1,0,0,1,0,0,0,0,0,0,0,1,0,0,0,0,0
34.0,0,1,648.0,11.0,3.0,1.0,1289.0,3.0,1,56.0,2.0,2.0,2.0,1,21833.0,0,0,11.0,4.0,80.0,14.0,4.0,1.6094379124341003,2.302585092994046,2.1972245773362196,2.3978952727983707,8.409830673087738,1.0986122886681096,2.23606797749979,1.7320508075688772,1.0,1,0,0,0,1,0,0,0,0,0,1,0,0,0,0,0,0,0
35.0,0,2,735.0,6.0,1.0,1.0,1291.0,3.0,1,66.0,3.0,1.0,3.0,1,6020.0,0,1,14.0,4.0,80.0,4.0,3.0,0.0,1.0986122886681096,1.0986122886681096,1.3862943611198906,8.162516250140179,0.0,1.7320508075688772,1.7320508075688772,1.4142135623730951,0,1,0,0,1,0,0,0,0,0,0,0,0,0,0,1,0,0
42.0,0,2,603.0,7.0,4.0,1.0,1292.0,2.0,0,78.0,4.0,2.0,2.0,1,5628.0,0,1,16.0,4.0,80.0,18.0,3.0,1.9459101490553132,0.0,0.0,0.6931471805599453,7.771910256435763,0.0,1.4142135623730951,1.7320508075688772,0.0,0,1,0,0,0,0,1,0,0,0,0,0,0,0,0,1,0,0
43.0,0,2,531.0,4.0,4.0,1.0,1293.0,4.0,0,56.0,2.0,3.0,4.0,2,20364.0,0,0,14.0,4.0,80.0,23.0,4.0,1.3862943611198906,2.0794415416798357,2.8903717578961645,3.091042453358316,9.23327534325868,0.0,1.7320508075688772,1.7320508075688772,3.605551275463989,0,0,1,0,0,1,0,0,0,0,0,0,0,0,0,0,1,0
36.0,0,2,429.0,2.0,4.0,1.0,1294.0,3.0,0,53.0,3.0,2.0,2.0,2,2323.0,0,1,11.0,4.0,80.0,18.0,3.0,2.302585092994046,2.70805020110221,2.5649493574615367,2.833213344056216,8.596189197642735,0.0,1.4142135623730951,1.7320508075688772,2.23606797749979,0,1,0,0,1,0,0,0,0,0,0,0,0,1,0,0,0,0
44.0,1,2,621.0,15.0,3.0,1.0,1295.0,1.0,0,73.0,3.0,3.0,4.0,1,14075.0,0,0,11.0,4.0,80.0,10.0,3.0,0.6931471805599453,2.0794415416798357,1.791759469228055,2.3978952727983707,8.984568369308281,0.6931471805599453,1.4142135623730951,1.7320508075688772,0.0,0,1,0,0,0,0,1,0,0,1,0,0,0,0,0,0,0,0
28.0,0,1,193.0,2.0,3.0,1.0,1296.0,4.0,1,52.0,2.0,1.0,4.0,1,14222.0,0,1,12.0,2.0,80.0,2.0,3.0,0.6931471805599453,1.0986122886681096,1.0986122886681096,1.0986122886681096,8.260492856573185,0.6931471805599453,1.4142135623730951,1.7320508075688772,1.4142135623730951,0,1,0,0,1,0,0,0,0,0,0,1,0,0,0,0,0,0
51.0,0,1,968.0,6.0,2.0,1.0,1297.0,2.0,0,40.0,2.0,1.0,3.0,2,4257.0,0,0,14.0,2.0,80.0,8.0,2.0,0.0,0.0,2.0794415416798357,2.0794415416798357,7.951207156472972,0.0,2.449489742783178,1.7320508075688772,2.6457513110645907,0,1,0,0,0,0,1,0,0,0,0,1,0,0,0,0,0,0
30.0,0,0,879.0,9.0,2.0,1.0,1298.0,3.0,0,72.0,3.0,2.0,3.0,2,12858.0,0,1,18.0,3.0,80.0,10.0,3.0,2.0794415416798357,1.6094379124341003,2.0794415416798357,2.1972245773362196,8.454466361507933,0.0,1.7320508075688772,1.7320508075688772,1.0,0,1,0,0,0,0,1,0,0,0,0,0,0,1,0,0,0,0
29.0,1,2,806.0,7.0,3.0,1.0,1299.0,2.0,0,39.0,3.0,1.0,3.0,0,17285.0,0,1,13.0,1.0,80.0,10.0,3.0,1.3862943611198906,2.0794415416798357,2.0794415416798357,2.0794415416798357,8.113726085970747,1.0986122886681096,1.4142135623730951,1.7320508075688772,2.6457513110645907,0,1,0,0,0,0,0,0,1,0,0,1,0,0,0,0,0,0
28.0,0,2,640.0,1.0,3.0,1.0,1301.0,4.0,1,84.0,3.0,1.0,1.0,2,4732.0,0,0,11.0,2.0,80.0,5.0,2.0,1.0986122886681096,1.0986122886681096,1.0986122886681096,1.3862943611198906,7.640603826393634,0.0,1.4142135623730951,1.7320508075688772,1.0,0,1,0,0,0,0,0,0,1,0,0,0,0,0,0,1,0,0
25.0,0,2,266.0,1.0,3.0,1.0,1303.0,4.0,0,40.0,3.0,1.0,2.0,2,18830.0,0,0,18.0,4.0,80.0,2.0,2.0,0.6931471805599453,1.0986122886681096,0.6931471805599453,1.0986122886681096,7.64826303090192,0.0,1.7320508075688772,1.7320508075688772,1.4142135623730951,0,1,0,0,0,0,1,0,0,0,0,0,0,0,0,1,0,0
32.0,0,2,604.0,8.0,3.0,1.0,1304.0,3.0,1,56.0,4.0,2.0,4.0,1,11693.0,0,0,15.0,3.0,80.0,10.0,4.0,0.6931471805599453,2.0794415416798357,2.1972245773362196,2.3978952727983707,8.733916174927524,1.0986122886681096,2.0,1.7320508075688772,0.0,0,0,1,0,0,0,1,0,0,0,0,0,0,0,0,0,1,0
45.0,0,1,364.0,25.0,3.0,1.0,1306.0,2.0,0,83.0,3.0,5.0,2.0,2,13035.0,0,0,22.0,3.0,80.0,22.0,3.0,1.3862943611198906,0.0,0.0,0.0,9.801565562810744,0.0,2.0,2.0,0.0,0,1,0,0,0,0,1,0,0,0,0,0,1,0,0,0,0,0
39.0,0,2,412.0,13.0,4.0,1.0,1307.0,3.0,0,94.0,2.0,4.0,2.0,0,17334.0,0,1,13.0,4.0,80.0,21.0,3.0,1.9459101490553132,2.302585092994046,1.0986122886681096,2.995732273553991,9.748236267264836,1.0986122886681096,2.0,1.7320508075688772,3.605551275463989,0,1,0,0,0,0,1,0,0,0,0,0,1,0,0,0,0,0
58.0,0,2,848.0,23.0,4.0,1.0,1308.0,1.0,1,88.0,3.0,1.0,3.0,0,26076.0,0,0,12.0,4.0,80.0,2.0,3.0,0.6931471805599453,1.0986122886681096,1.0986122886681096,1.0986122886681096,7.771910256435763,1.0986122886681096,1.7320508075688772,1.7320508075688772,1.4142135623730951,0,1,0,0,1,0,0,0,0,0,0,0,0,0,0,1,0,0
32.0,1,2,1089.0,7.0,2.0,1.0,1309.0,4.0,1,79.0,3.0,2.0,3.0,1,22845.0,0,0,18.0,1.0,80.0,10.0,3.0,0.6931471805599453,1.6094379124341003,0.6931471805599453,2.3978952727983707,8.493719835230594,0.6931471805599453,1.7320508075688772,1.7320508075688772,1.0,0,1,0,0,1,0,0,0,0,0,0,1,0,0,0,0,0,0
30.0,0,2,1138.0,6.0,3.0,1.0,1311.0,1.0,0,48.0,2.0,2.0,4.0,1,23631.0,0,0,12.0,1.0,80.0,10.0,3.0,0.0,1.0986122886681096,2.0794415416798357,2.302585092994046,8.439880088313567,0.6931471805599453,2.449489742783178,1.7320508075688772,2.449489742783178,0,1,0,0,0,0,0,0,1,0,0,1,0,0,0,0,0,0
36.0,0,2,325.0,10.0,4.0,1.0,1312.0,4.0,0,63.0,3.0,3.0,3.0,1,5747.0,0,0,12.0,1.0,80.0,10.0,3.0,1.3862943611198906,2.0794415416798357,2.0794415416798357,2.0794415416798357,8.867145589594143,0.0,0.0,1.7320508075688772,1.0,0,1,0,0,0,0,0,0,1,1,0,0,0,0,0,0,0,0
46.0,0,2,991.0,1.0,2.0,1.0,1314.0,4.0,0,44.0,3.0,1.0,1.0,2,22957.0,0,0,12.0,3.0,80.0,10.0,4.0,1.9459101490553132,1.9459101490553132,2.0794415416798357,2.0794415416798357,8.138564737261632,0.0,1.7320508075688772,1.7320508075688772,2.23606797749979,1,0,0,0,1,0,0,0,0,0,1,0,0,0,0,0,0,0
28.0,0,0,1476.0,1.0,3.0,1.0,1315.0,3.0,0,55.0,1.0,2.0,4.0,1,16392.0,0,0,11.0,1.0,80.0,10.0,3.0,0.0,2.1972245773362196,1.791759469228055,2.302585092994046,8.80612448326845,1.3862943611198906,2.449489742783178,1.7320508075688772,2.6457513110645907,0,1,0,0,1,0,0,0,0,0,0,1,0,0,0,0,0,0
50.0,0,2,1322.0,28.0,3.0,1.0,1317.0,4.0,0,43.0,3.0,4.0,1.0,1,22422.0,0,1,11.0,2.0,80.0,25.0,3.0,1.6094379124341003,1.0986122886681096,1.0986122886681096,1.3862943611198906,9.733944008101389,0.0,1.4142135623730951,1.7320508075688772,1.0,0,1,0,0,1,0,0,0,0,0,0,0,0,0,1,0,0,0
40.0,1,2,299.0,25.0,4.0,1.0,1318.0,4.0,1,57.0,2.0,3.0,2.0,2,17235.0,0,1,12.0,3.0,80.0,9.0,3.0,1.0986122886681096,1.6094379124341003,0.0,1.791759469228055,9.115480090952223,0.0,1.4142135623730951,1.7320508075688772,1.0,0,0,1,0,0,1,0,0,0,0,0,0,0,0,0,0,1,0
52.0,1,2,1030.0,5.0,3.0,1.0,1319.0,2.0,1,64.0,3.0,3.0,2.0,2,21534.0,0,1,19.0,3.0,80.0,10.0,2.0,2.302585092994046,2.0794415416798357,2.0794415416798357,2.1972245773362196,9.041566627727496,0.0,1.4142135623730951,1.7320508075688772,2.6457513110645907,0,0,1,0,1,0,0,0,0,0,0,0,0,0,0,0,1,0
30.0,0,2,634.0,17.0,4.0,1.0,1321.0,2.0,0,95.0,3.0,3.0,1.0,1,25927.0,0,1,23.0,4.0,80.0,9.0,3.0,0.6931471805599453,0.6931471805599453,2.1972245773362196,2.302585092994046,9.385721231090805,1.0986122886681096,1.4142135623730951,2.0,0.0,0,1,0,0,0,0,1,0,0,0,0,0,1,0,0,0,0,0
39.0,0,2,524.0,18.0,2.0,1.0,1322.0,1.0,1,32.0,3.0,2.0,3.0,2,13352.0,0,0,11.0,1.0,80.0,9.0,3.0,0.0,2.0794415416798357,2.0794415416798357,2.1972245773362196,8.419580362549237,0.0,2.449489742783178,1.7320508075688772,1.0,0,1,0,0,1,0,0,0,0,0,0,0,0,1,0,0,0,0
31.0,0,0,587.0,2.0,4.0,1.0,1324.0,4.0,0,57.0,3.0,3.0,3.0,0,8935.0,0,1,19.0,1.0,80.0,10.0,2.0,0.6931471805599453,2.1972245773362196,1.9459101490553132,2.3978952727983707,9.195531256322475,0.6931471805599453,2.23606797749979,1.7320508075688772,3.0,0,0,1,0,1,0,0,0,0,0,0,0,0,0,0,0,1,0
41.0,0,0,256.0,10.0,2.0,1.0,1329.0,3.0,1,40.0,1.0,2.0,2.0,2,22074.0,0,0,13.0,1.0,80.0,19.0,3.0,0.6931471805599453,1.0986122886681096,2.302585092994046,2.995732273553991,8.72453251118548,0.0,2.0,1.7320508075688772,3.3166247903554,0,0,1,0,0,0,1,0,0,0,0,0,0,0,0,0,1,0
31.0,1,1,1060.0,1.0,3.0,1.0,1331.0,4.0,0,54.0,3.0,1.0,2.0,2,8319.0,0,1,11.0,1.0,80.0,3.0,4.0,0.6931471805599453,1.0986122886681096,1.0986122886681096,1.3862943611198906,7.741967899820685,0.0,1.4142135623730951,1.7320508075688772,1.4142135623730951,0,0,1,0,1,0,0,0,0,0,0,0,0,0,0,0,0,1
44.0,1,2,935.0,3.0,3.0,1.0,1333.0,1.0,1,89.0,3.0,1.0,1.0,1,14669.0,0,0,12.0,3.0,80.0,10.0,4.0,1.6094379124341003,1.0986122886681096,1.0986122886681096,1.3862943611198906,7.767687277186908,0.0,2.0,1.7320508075688772,1.0,0,1,0,0,1,0,0,0,0,0,0,1,0,0,0,0,0,0
42.0,0,0,495.0,2.0,1.0,1.0,1334.0,3.0,1,37.0,3.0,4.0,3.0,1,26582.0,0,1,13.0,4.0,80.0,21.0,2.0,0.0,2.1972245773362196,2.3978952727983707,3.044522437723423,9.790430830243832,0.0,1.7320508075688772,1.7320508075688772,1.4142135623730951,0,1,0,0,1,0,0,0,0,0,0,0,1,0,0,0,0,0
55.0,0,2,282.0,2.0,2.0,1.0,1336.0,4.0,0,58.0,1.0,5.0,3.0,1,6992.0,0,0,14.0,4.0,80.0,23.0,3.0,1.6094379124341003,2.302585092994046,2.4849066497880004,2.995732273553991,9.862040362621954,0.6931471805599453,2.23606797749979,1.7320508075688772,3.0,0,1,0,0,0,0,1,0,0,0,0,0,1,0,0,0,0,0
56.0,0,2,206.0,8.0,4.0,1.0,1338.0,4.0,1,99.0,3.0,5.0,2.0,2,4022.0,0,0,14.0,1.0,80.0,34.460000000000036,3.0,1.9459101490553132,1.3862943611198906,2.0794415416798357,2.0794415416798357,9.884684885113385,0.0,2.0,1.7320508075688772,2.6457513110645907,1,0,0,0,1,0,0,0,0,0,0,0,1,0,0,0,0,0
40.0,0,0,458.0,16.0,2.0,1.0,1340.0,3.0,1,74.0,3.0,1.0,3.0,0,8532.0,0,0,16.0,2.0,80.0,6.0,3.0,2.302585092994046,1.0986122886681096,0.0,1.6094379124341003,8.173293438966228,0.6931471805599453,0.0,1.7320508075688772,0.0,0,1,0,0,1,0,0,0,0,0,0,0,0,0,0,1,0,0
34.0,0,2,943.0,9.0,3.0,1.0,1344.0,4.0,1,86.0,3.0,3.0,4.0,0,5494.0,0,0,11.0,4.0,80.0,10.0,2.0,0.0,2.0794415416798357,1.9459101490553132,2.302585092994046,9.04793908261736,0.6931471805599453,0.0,1.7320508075688772,1.0,0,1,0,0,1,0,0,0,0,1,0,0,0,0,0,0,0,0
40.0,0,2,523.0,2.0,3.0,1.0,1346.0,3.0,1,98.0,3.0,2.0,4.0,2,22455.0,0,0,13.0,3.0,80.0,9.0,3.0,0.6931471805599453,2.1972245773362196,2.1972245773362196,2.302585092994046,8.447199819595703,0.0,2.0,1.7320508075688772,2.8284271247461903,0,1,0,0,1,0,0,0,0,0,0,0,0,0,0,1,0,0
41.0,0,1,1018.0,1.0,3.0,1.0,1349.0,3.0,0,66.0,3.0,2.0,1.0,0,4297.0,0,0,17.0,4.0,80.0,10.0,3.0,0.0,1.3862943611198906,2.0794415416798357,2.302585092994046,8.319717386850606,0.6931471805599453,1.4142135623730951,1.7320508075688772,1.0,0,0,1,0,0,1,0,0,0,0,0,0,0,0,0,0,1,0
35.0,0,1,482.0,4.0,4.0,1.0,1350.0,3.0,1,87.0,3.0,2.0,3.0,2,2690.0,0,1,11.0,2.0,80.0,9.0,3.0,0.6931471805599453,1.9459101490553132,0.6931471805599453,2.302585092994046,8.354674261918463,0.0,1.7320508075688772,1.7320508075688772,1.0,0,1,0,0,1,0,0,0,0,0,0,0,0,0,0,1,0,0
51.0,0,2,770.0,5.0,3.0,1.0,1352.0,3.0,1,84.0,3.0,4.0,2.0,0,17588.0,0,1,11.0,2.0,80.0,33.0,3.0,0.6931471805599453,2.302585092994046,2.3978952727983707,3.4657359027997265,9.54873932271967,0.6931471805599453,1.4142135623730951,1.7320508075688772,0.0,1,0,0,0,1,0,0,0,0,0,0,0,1,0,0,0,0,0
38.0,0,2,1009.0,2.0,2.0,1.0,1355.0,2.0,0,31.0,3.0,2.0,1.0,0,19461.0,0,0,15.0,4.0,80.0,11.0,3.0,1.3862943611198906,2.0794415416798357,2.0794415416798357,2.0794415416798357,8.83840674707681,0.6931471805599453,1.7320508075688772,1.7320508075688772,1.0,0,0,1,0,1,0,0,0,0,0,0,0,0,0,0,0,1,0
34.0,0,2,507.0,15.0,2.0,1.0,1356.0,3.0,0,66.0,3.0,2.0,1.0,2,23553.0,0,0,12.0,4.0,80.0,10.0,4.0,0.6931471805599453,2.1972245773362196,1.9459101490553132,2.3978952727983707,8.72029728739272,0.0,2.449489742783178,1.7320508075688772,3.0,0,0,1,0,0,0,1,0,0,0,0,0,0,0,0,0,1,0
25.0,0,2,882.0,19.0,1.0,1.0,1358.0,4.0,1,67.0,3.0,1.0,4.0,1,9075.0,0,0,11.0,3.0,80.0,7.0,2.0,1.3862943611198906,1.0986122886681096,1.0986122886681096,1.3862943611198906,8.207946941048617,1.3862943611198906,2.449489742783178,1.7320508075688772,1.0,0,1,0,0,0,0,1,0,0,0,0,1,0,0,0,0,0,0
58.0,1,2,601.0,7.0,4.0,1.0,1360.0,3.0,0,53.0,2.0,3.0,1.0,1,12023.0,0,1,14.0,4.0,80.0,31.0,2.0,2.0794415416798357,2.302585092994046,2.302585092994046,2.3978952727983707,9.211239967219019,0.0,0.0,1.7320508075688772,2.23606797749979,0,1,0,0,0,0,1,0,0,0,0,0,0,1,0,0,0,0
40.0,0,2,329.0,1.0,4.0,1.0,1361.0,2.0,1,88.0,3.0,1.0,2.0,1,6762.0,0,0,22.0,3.0,80.0,7.0,3.0,1.3862943611198906,1.0986122886681096,1.3862943611198906,1.6094379124341003,7.778211474512493,0.6931471805599453,1.7320508075688772,2.0,0.0,0,1,0,0,1,0,0,0,0,0,0,1,0,0,0,0,0,0
36.0,0,1,607.0,7.0,3.0,1.0,1362.0,1.0,0,83.0,4.0,2.0,1.0,1,2261.0,0,0,16.0,4.0,80.0,17.0,2.0,1.0986122886681096,2.0794415416798357,2.639057329615259,2.772588722239781,8.442469645220301,0.6931471805599453,1.4142135623730951,1.7320508075688772,2.449489742783178,0,0,1,0,0,1,0,0,0,0,0,0,0,0,0,0,1,0
48.0,0,2,855.0,4.0,3.0,1.0,1363.0,4.0,1,54.0,3.0,3.0,4.0,2,18706.0,0,0,11.0,3.0,80.0,11.0,3.0,0.6931471805599453,2.302585092994046,2.1972245773362196,2.3978952727983707,8.97449144816442,0.0,1.4142135623730951,1.7320508075688772,0.0,0,1,0,0,1,0,0,0,0,0,0,0,0,1,0,0,0,0
27.0,0,2,1291.0,11.0,3.0,1.0,1364.0,3.0,0,98.0,4.0,1.0,4.0,1,6527.0,0,0,14.0,2.0,80.0,5.0,3.0,2.1972245773362196,0.0,0.0,0.6931471805599453,7.837948916025283,0.6931471805599453,2.0,1.7320508075688772,0.0,0,0,1,0,0,0,1,0,0,0,0,0,0,0,0,0,0,1
51.0,0,2,1405.0,11.0,2.0,1.0,1367.0,4.0,0,82.0,2.0,4.0,2.0,2,24439.0,0,0,16.0,2.0,80.0,29.0,2.0,1.3862943611198906,1.0986122886681096,1.3862943611198906,1.791759469228055,9.483644576482009,0.0,1.0,1.7320508075688772,0.0,0,1,0,0,0,0,0,0,1,0,0,0,0,1,0,0,0,0
18.0,0,0,1124.0,1.0,3.0,1.0,1368.0,4.0,0,97.0,3.0,1.0,4.0,2,19305.0,0,0,15.0,3.0,80.0,1.0,4.0,0.6931471805599453,0.0,0.0,0.0,7.385230923066573,0.0,2.23606797749979,1.7320508075688772,0.0,0,1,0,0,1,0,0,0,0,0,0,1,0,0,0,0,0,0
35.0,0,2,817.0,1.0,3.0,1.0,1369.0,4.0,0,60.0,2.0,2.0,4.0,1,10846.0,0,0,12.0,2.0,80.0,10.0,3.0,0.0,2.0794415416798357,0.0,2.302585092994046,8.587465244401569,0.6931471805599453,0.0,1.7320508075688772,0.0,0,1,0,0,0,0,1,0,0,0,0,1,0,0,0,0,0,0
27.0,0,1,793.0,2.0,1.0,1.0,1371.0,4.0,1,43.0,1.0,2.0,4.0,2,20392.0,0,0,20.0,2.0,80.0,8.0,3.0,1.3862943611198906,1.0986122886681096,0.0,1.9459101490553132,8.531490496117062,0.0,1.7320508075688772,2.0,0.0,0,0,1,0,1,0,0,0,0,0,0,0,0,0,0,0,1,0
55.0,1,2,267.0,13.0,4.0,1.0,1372.0,1.0,1,85.0,4.0,4.0,3.0,2,9277.0,0,1,17.0,3.0,80.0,24.0,2.0,1.9459101490553132,2.0794415416798357,2.1972245773362196,2.995732273553991,9.524859098381523,0.0,1.4142135623730951,1.7320508075688772,1.7320508075688772,0,0,1,0,0,1,0,0,0,0,0,0,0,0,0,0,1,0
56.0,0,2,1369.0,23.0,3.0,1.0,1373.0,4.0,1,68.0,3.0,4.0,2.0,1,18235.0,0,1,12.0,1.0,80.0,33.0,3.0,1.6094379124341003,2.833213344056216,2.302585092994046,2.995732273553991,9.503233841478497,0.6931471805599453,0.0,1.7320508075688772,3.605551275463989,0,1,0,0,1,0,0,0,0,0,0,0,0,1,0,0,0,0
34.0,0,0,999.0,26.0,1.0,1.0,1374.0,1.0,0,92.0,2.0,1.0,3.0,0,15891.0,0,0,20.0,3.0,80.0,5.0,3.0,0.6931471805599453,1.6094379124341003,0.0,1.791759469228055,7.615791072035833,1.3862943611198906,1.4142135623730951,2.0,0.0,0,1,0,0,0,0,0,0,1,0,0,0,0,0,0,1,0,0
40.0,0,2,1202.0,2.0,1.0,1.0,1375.0,2.0,0,89.0,4.0,2.0,3.0,0,13888.0,0,0,20.0,2.0,80.0,15.0,3.0,1.791759469228055,2.4849066497880004,2.1972245773362196,2.5649493574615367,8.760609847570002,1.3862943611198906,0.0,2.0,3.3166247903554,0,1,0,0,0,0,1,0,0,1,0,0,0,0,0,0,0,0
34.0,0,2,285.0,29.0,3.0,1.0,1377.0,2.0,1,86.0,3.0,2.0,3.0,1,17491.0,0,0,13.0,1.0,80.0,10.0,3.0,1.6094379124341003,2.0794415416798357,2.0794415416798357,2.1972245773362196,8.599694412927981,1.0986122886681096,1.0,1.7320508075688772,2.6457513110645907,0,1,0,0,0,0,1,0,0,0,0,1,0,0,0,0,0,0
31.0,1,1,703.0,2.0,3.0,1.0,1379.0,3.0,0,90.0,2.0,1.0,4.0,2,11882.0,0,0,14.0,3.0,80.0,3.0,4.0,2.0794415416798357,0.0,0.0,0.6931471805599453,7.932362154339751,0.0,1.7320508075688772,1.7320508075688772,0.0,0,0,1,0,1,0,0,0,0,0,0,0,0,0,0,0,0,1
35.0,1,1,662.0,18.0,4.0,1.0,1380.0,4.0,0,67.0,3.0,2.0,3.0,1,23288.0,0,1,18.0,3.0,80.0,5.0,2.0,0.0,1.0986122886681096,1.0986122886681096,1.6094379124341003,8.437067146936952,0.6931471805599453,0.0,1.7320508075688772,1.7320508075688772,0,0,1,0,0,1,0,0,0,0,0,0,0,0,0,0,1,0
38.0,0,1,693.0,7.0,3.0,1.0,1382.0,4.0,1,57.0,4.0,1.0,3.0,0,15748.0,0,0,11.0,4.0,80.0,4.0,3.0,0.6931471805599453,1.0986122886681096,1.3862943611198906,1.6094379124341003,7.8674885686991285,1.3862943611198906,1.4142135623730951,1.7320508075688772,0.0,0,1,0,0,1,0,0,0,0,0,0,0,0,0,0,1,0,0
34.0,0,2,404.0,2.0,4.0,1.0,1383.0,3.0,0,98.0,3.0,2.0,4.0,2,6163.0,0,0,11.0,4.0,80.0,14.0,4.0,0.6931471805599453,2.4849066497880004,2.4849066497880004,2.70805020110221,8.808070154764538,0.0,1.4142135623730951,1.7320508075688772,2.0,0,1,0,0,0,0,0,0,1,1,0,0,0,0,0,0,0,0
28.0,0,2,736.0,26.0,3.0,1.0,1387.0,3.0,1,48.0,2.0,2.0,1.0,1,24232.0,0,0,11.0,3.0,80.0,5.0,3.0,0.6931471805599453,1.3862943611198906,1.6094379124341003,1.791759469228055,8.460622839927844,0.6931471805599453,0.0,1.7320508075688772,0.0,0,0,1,0,1,0,0,0,0,0,0,0,0,0,0,0,1,0
31.0,1,2,330.0,22.0,4.0,1.0,1389.0,4.0,1,98.0,3.0,2.0,3.0,1,21057.0,0,1,15.0,4.0,80.0,10.0,2.0,0.6931471805599453,1.0986122886681096,2.0794415416798357,2.3978952727983707,8.729073550451737,1.0986122886681096,1.7320508075688772,1.7320508075688772,2.449489742783178,0,1,0,0,0,0,1,0,0,0,0,0,0,1,0,0,0,0
39.0,0,2,1498.0,21.0,4.0,1.0,1390.0,1.0,1,44.0,2.0,2.0,4.0,1,3567.0,0,1,12.0,4.0,80.0,8.0,4.0,1.3862943611198906,1.6094379124341003,1.6094379124341003,1.791759469228055,8.71948076085107,1.0986122886681096,1.4142135623730951,1.7320508075688772,1.0,0,0,1,0,1,0,0,0,0,0,0,0,0,0,0,0,1,0
51.0,0,1,541.0,2.0,3.0,1.0,1391.0,2.0,1,52.0,3.0,3.0,2.0,1,15395.0,0,0,11.0,2.0,80.0,14.0,3.0,1.0986122886681096,1.0986122886681096,1.0986122886681096,1.6094379124341003,9.268326221174837,0.0,2.23606797749979,1.7320508075688772,1.7320508075688772,0,0,1,0,0,1,0,0,0,0,0,0,0,0,0,0,1,0
41.0,0,1,1200.0,22.0,3.0,1.0,1392.0,4.0,0,75.0,3.0,2.0,4.0,0,13953.0,0,1,14.0,1.0,80.0,12.0,2.0,1.3862943611198906,1.0986122886681096,1.3862943611198906,1.9459101490553132,8.60666819784384,1.0986122886681096,2.0,1.7320508075688772,1.7320508075688772,0,1,0,0,1,0,0,0,0,0,0,0,0,0,0,1,0,0
37.0,0,2,1439.0,4.0,1.0,1.0,1394.0,3.0,1,54.0,3.0,1.0,3.0,1,5182.0,0,1,15.0,4.0,80.0,8.0,3.0,2.0794415416798357,1.6094379124341003,1.3862943611198906,1.9459101490553132,8.005367067316664,0.0,1.4142135623730951,1.7320508075688772,1.0,0,1,0,0,1,0,0,0,0,0,0,0,0,0,0,1,0,0
33.0,0,1,1111.0,5.0,1.0,1.0,1395.0,2.0,1,61.0,3.0,2.0,4.0,1,19293.0,0,0,13.0,1.0,80.0,8.0,4.0,1.9459101490553132,1.6094379124341003,1.0986122886681096,1.791759469228055,9.21024036697585,0.0,1.4142135623730951,1.7320508075688772,1.0,0,0,1,0,1,0,0,0,0,0,0,0,0,0,0,0,1,0
32.0,0,2,499.0,2.0,1.0,1.0,1396.0,3.0,1,36.0,3.0,2.0,2.0,1,20497.0,0,1,13.0,1.0,80.0,4.0,2.0,0.0,1.0986122886681096,1.0986122886681096,1.3862943611198906,8.313607139317558,1.3862943611198906,1.7320508075688772,1.7320508075688772,1.0,0,0,1,0,0,1,0,0,0,0,0,0,0,0,0,0,1,0
39.0,0,0,1485.0,25.0,2.0,1.0,1397.0,3.0,1,71.0,3.0,3.0,3.0,1,3449.0,0,0,21.0,2.0,80.0,13.0,3.0,1.3862943611198906,1.6094379124341003,1.791759469228055,1.9459101490553132,9.298442820197728,0.6931471805599453,1.4142135623730951,2.0,0.0,0,1,0,0,1,0,0,0,0,1,0,0,0,0,0,0,0,0
25.0,0,2,1372.0,18.0,1.0,1.0,1399.0,1.0,1,93.0,4.0,2.0,3.0,1,12477.0,0,0,11.0,2.0,80.0,6.0,2.0,1.0986122886681096,1.0986122886681096,1.0986122886681096,1.3862943611198906,8.73761303680885,0.0,1.7320508075688772,1.7320508075688772,1.0,0,0,1,0,1,0,0,0,0,0,0,0,0,0,0,0,1,0
52.0,0,1,322.0,28.0,2.0,1.0,1401.0,4.0,0,59.0,4.0,4.0,3.0,1,9731.0,0,1,11.0,2.0,80.0,24.0,2.0,1.0986122886681096,1.3862943611198906,1.0986122886681096,1.791759469228055,9.49160187662504,0.6931471805599453,1.7320508075688772,1.7320508075688772,0.0,0,1,0,0,0,0,1,0,0,0,0,0,0,1,0,0,0,0
43.0,0,2,930.0,6.0,3.0,1.0,1402.0,1.0,0,73.0,2.0,2.0,3.0,2,20003.0,0,1,14.0,1.0,80.0,20.0,1.0,0.6931471805599453,2.0794415416798357,2.1972245773362196,3.044522437723423,8.31434234336979,0.0,1.7320508075688772,1.7320508075688772,1.0,0,1,0,0,0,0,1,0,0,0,0,0,0,0,0,1,0,0
27.0,0,2,205.0,10.0,3.0,1.0,1403.0,4.0,0,98.0,2.0,2.0,4.0,1,7100.0,0,1,11.0,4.0,80.0,6.0,3.0,0.6931471805599453,1.0986122886681096,1.6094379124341003,1.9459101490553132,8.660427359502146,0.0,1.7320508075688772,1.7320508075688772,2.0,0,0,1,0,0,1,0,0,0,0,0,0,0,0,0,0,1,0
27.0,1,2,135.0,17.0,4.0,1.0,1405.0,4.0,0,51.0,3.0,1.0,3.0,2,25681.0,0,1,13.0,4.0,80.0,8.0,3.0,0.6931471805599453,1.0986122886681096,2.0794415416798357,2.1972245773362196,7.781138509845015,0.0,1.4142135623730951,1.7320508075688772,2.6457513110645907,0,1,0,0,1,0,0,0,0,0,0,0,0,0,0,1,0,0
26.0,0,2,683.0,2.0,1.0,1.0,1407.0,1.0,1,36.0,2.0,1.0,4.0,2,4050.0,0,0,12.0,4.0,80.0,5.0,3.0,0.0,1.3862943611198906,0.6931471805599453,1.6094379124341003,8.270013062273787,0.0,1.4142135623730951,1.7320508075688772,1.0,0,1,0,0,0,0,1,0,0,0,0,0,0,0,0,1,0,0
42.0,0,2,1147.0,10.0,3.0,1.0,1408.0,3.0,0,31.0,3.0,4.0,1.0,1,16616.0,0,0,14.0,3.0,80.0,21.0,3.0,0.0,2.0794415416798357,2.302585092994046,3.044522437723423,9.72913416539135,0.6931471805599453,2.23606797749979,1.7320508075688772,0.0,1,0,0,1,0,0,0,0,0,0,0,0,1,0,0,0,0,0
52.0,0,2,258.0,8.0,4.0,1.0,1409.0,3.0,0,54.0,3.0,1.0,1.0,1,17363.0,0,0,13.0,3.0,80.0,12.0,1.0,2.302585092994046,1.6094379124341003,1.6094379124341003,1.791759469228055,7.989899374942939,0.0,1.4142135623730951,1.7320508075688772,0.0,0,1,0,0,0,0,0,1,0,0,0,1,0,0,0,0,0,0
37.0,0,2,1462.0,11.0,3.0,1.0,1411.0,1.0,0,94.0,3.0,1.0,3.0,2,19106.0,0,0,18.0,1.0,80.0,8.0,3.0,1.6094379124341003,1.0986122886681096,1.0986122886681096,1.3862943611198906,8.196987927258897,0.0,2.449489742783178,1.7320508075688772,0.0,0,1,0,0,0,0,1,0,0,0,0,1,0,0,0,0,0,0
35.0,0,1,200.0,18.0,2.0,1.0,1412.0,3.0,1,60.0,3.0,3.0,4.0,2,19944.0,0,0,11.0,3.0,80.0,10.0,3.0,1.0986122886681096,1.0986122886681096,1.0986122886681096,1.0986122886681096,9.14452103093889,0.0,1.4142135623730951,1.7320508075688772,1.4142135623730951,0,1,0,0,1,0,0,0,0,0,0,0,0,1,0,0,0,0
25.0,0,2,949.0,1.0,3.0,1.0,1415.0,1.0,1,81.0,3.0,1.0,4.0,1,4910.0,0,0,11.0,2.0,80.0,7.0,2.0,1.6094379124341003,1.0986122886681096,1.0986122886681096,1.3862943611198906,8.080237416216702,0.6931471805599453,1.4142135623730951,1.7320508075688772,0.0,0,1,0,0,0,0,0,0,1,0,0,1,0,0,0,0,0,0
26.0,0,2,652.0,7.0,3.0,1.0,1417.0,3.0,1,100.0,4.0,1.0,1.0,2,23577.0,0,0,12.0,4.0,80.0,8.0,3.0,0.0,2.0794415416798357,2.0794415416798357,2.0794415416798357,8.182838710766026,0.0,1.4142135623730951,1.7320508075688772,0.0,0,1,0,0,0,0,0,1,0,0,0,1,0,0,0,0,0,0
29.0,0,2,332.0,17.0,3.0,1.0,1419.0,2.0,1,51.0,2.0,3.0,1.0,2,9769.0,0,0,13.0,1.0,80.0,10.0,2.0,0.6931471805599453,2.302585092994046,2.302585092994046,2.3978952727983707,8.985820874482043,0.0,1.7320508075688772,1.7320508075688772,0.0,1,0,0,0,0,0,0,1,0,0,1,0,0,0,0,0,0,0
49.0,1,1,1475.0,28.0,2.0,1.0,1420.0,1.0,1,97.0,2.0,2.0,1.0,2,22710.0,0,0,20.0,1.0,80.0,20.0,3.0,1.3862943611198906,1.3862943611198906,1.3862943611198906,1.6094379124341003,8.36287583103188,0.0,1.4142135623730951,2.0,1.0,0,1,0,0,1,0,0,0,0,0,0,1,0,0,0,0,0,0
29.0,1,1,337.0,14.0,1.0,1.0,1421.0,3.0,0,84.0,3.0,3.0,4.0,2,22930.0,0,1,12.0,1.0,80.0,9.0,3.0,0.0,2.0794415416798357,2.0794415416798357,2.1972245773362196,8.929832503272403,0.0,1.0,1.7320508075688772,2.6457513110645907,0,1,0,0,0,0,0,1,0,1,0,0,0,0,0,0,0,0
54.0,0,2,971.0,1.0,3.0,1.0,1422.0,4.0,0,54.0,3.0,4.0,4.0,2,5652.0,0,0,19.0,4.0,80.0,29.0,2.0,1.9459101490553132,2.0794415416798357,2.0794415416798357,3.044522437723423,9.760136677640245,0.0,1.7320508075688772,1.7320508075688772,3.4641016151377544,0,1,0,0,0,0,1,0,0,0,0,0,0,0,1,0,0,0
58.0,0,2,1055.0,1.0,3.0,1.0,1423.0,4.0,0,76.0,3.0,5.0,1.0,1,22456.0,0,1,21.0,3.0,80.0,32.0,3.0,1.3862943611198906,2.1972245773362196,1.791759469228055,2.302585092994046,9.884684885113385,0.6931471805599453,1.7320508075688772,2.0,1.0,0,1,0,0,0,0,1,0,0,0,0,0,0,0,1,0,0,0
55.0,0,2,1136.0,1.0,4.0,1.0,1424.0,2.0,1,81.0,4.0,4.0,4.0,0,12414.0,0,0,13.0,4.0,80.0,31.0,4.0,1.0986122886681096,2.0794415416798357,0.0,2.0794415416798357,9.597845154707354,1.0986122886681096,2.0,1.7320508075688772,0.0,0,1,0,0,0,0,1,0,0,0,0,0,0,0,1,0,0,0
36.0,0,2,1174.0,3.0,4.0,1.0,1425.0,1.0,0,99.0,3.0,2.0,2.0,2,20763.0,0,1,16.0,4.0,80.0,15.0,3.0,1.3862943611198906,1.6094379124341003,0.6931471805599453,1.791759469228055,9.13550906135318,0.0,1.7320508075688772,1.7320508075688772,0.0,0,0,1,0,0,1,0,0,0,0,0,0,0,0,0,0,1,0
31.0,1,1,667.0,1.0,4.0,1.0,1427.0,2.0,0,50.0,1.0,1.0,3.0,2,16154.0,0,0,12.0,2.0,80.0,1.0,3.0,0.6931471805599453,0.0,0.0,0.6931471805599453,7.228649665640015,0.0,1.7320508075688772,1.7320508075688772,0.0,0,0,1,0,1,0,0,0,0,0,0,0,0,0,0,0,0,1
30.0,0,2,855.0,7.0,4.0,1.0,1428.0,4.0,0,73.0,3.0,2.0,1.0,0,12761.0,0,0,14.0,2.0,80.0,8.0,3.0,2.0794415416798357,1.0986122886681096,1.0986122886681096,1.3862943611198906,8.472195825485501,1.0986122886681096,1.7320508075688772,1.7320508075688772,0.0,0,0,1,0,0,1,0,0,0,0,0,0,0,0,0,0,1,0
31.0,0,2,182.0,8.0,5.0,1.0,1430.0,1.0,0,93.0,3.0,4.0,2.0,2,8847.0,0,0,11.0,3.0,80.0,9.0,4.0,1.3862943611198906,1.0986122886681096,0.0,1.3862943611198906,9.70643807033756,0.0,1.7320508075688772,1.7320508075688772,1.0,0,1,0,0,1,0,0,0,0,0,0,0,0,0,1,0,0,0
34.0,0,1,560.0,1.0,4.0,1.0,1431.0,4.0,1,91.0,3.0,1.0,1.0,0,20284.0,0,0,14.0,3.0,80.0,10.0,3.0,1.791759469228055,1.3862943611198906,1.3862943611198906,1.6094379124341003,8.005367067316664,1.0986122886681096,1.4142135623730951,1.7320508075688772,1.0,0,1,0,0,0,0,0,1,0,0,0,0,0,0,0,1,0,0
31.0,1,2,202.0,8.0,3.0,1.0,1433.0,1.0,0,34.0,2.0,1.0,2.0,2,22262.0,0,0,12.0,3.0,80.0,1.0,4.0,0.6931471805599453,0.0,0.0,0.6931471805599453,7.228649665640015,0.0,1.7320508075688772,1.7320508075688772,0.0,0,1,0,0,1,0,0,0,0,0,0,0,0,0,0,1,0,0
27.0,0,2,1377.0,11.0,1.0,1.0,1434.0,2.0,1,91.0,3.0,1.0,1.0,1,7679.0,0,0,14.0,2.0,80.0,6.0,4.0,0.0,0.0,1.6094379124341003,1.791759469228055,7.649692623711514,0.0,1.7320508075688772,1.7320508075688772,1.0,0,1,0,0,1,0,0,0,0,0,0,1,0,0,0,0,0,0
36.0,0,2,172.0,4.0,4.0,1.0,1435.0,1.0,1,37.0,2.0,2.0,4.0,2,22604.0,0,0,16.0,3.0,80.0,10.0,2.0,0.6931471805599453,1.6094379124341003,2.1972245773362196,2.3978952727983707,8.667507952075105,0.0,1.4142135623730951,1.7320508075688772,1.0,0,1,0,0,1,0,0,0,0,0,0,1,0,0,0,0,0,0
36.0,0,2,329.0,16.0,4.0,1.0,1436.0,3.0,0,98.0,2.0,2.0,1.0,1,13494.0,0,0,13.0,1.0,80.0,11.0,2.0,1.6094379124341003,1.0986122886681096,1.0986122886681096,1.3862943611198906,8.639056779173078,1.0986122886681096,1.7320508075688772,1.7320508075688772,0.0,0,0,1,0,0,1,0,0,0,0,0,0,0,0,0,0,1,0
47.0,0,2,465.0,1.0,3.0,1.0,1438.0,1.0,1,74.0,3.0,1.0,4.0,1,10205.0,0,0,12.0,3.0,80.0,17.0,2.0,2.0794415416798357,1.791759469228055,1.0986122886681096,1.9459101490553132,8.137688184977605,0.6931471805599453,1.4142135623730951,1.7320508075688772,1.0,0,1,0,0,0,0,0,0,1,0,0,0,0,0,0,1,0,0
25.0,1,2,383.0,9.0,2.0,1.0,1439.0,1.0,1,68.0,2.0,1.0,1.0,1,15182.0,0,0,12.0,1.0,80.0,6.0,3.0,1.3862943611198906,1.0986122886681096,1.0986122886681096,1.3862943611198906,8.38958706681109,0.0,1.4142135623730951,1.7320508075688772,1.4142135623730951,0,0,1,0,1,0,0,0,0,0,0,0,0,0,0,0,0,1
37.0,0,0,1413.0,5.0,2.0,1.0,1440.0,3.0,1,84.0,4.0,1.0,3.0,2,25470.0,0,0,14.0,1.0,80.0,7.0,1.0,0.0,1.791759469228055,1.3862943611198906,1.9459101490553132,8.160803920954665,0.0,1.4142135623730951,1.7320508075688772,1.0,0,1,0,0,0,0,0,0,1,0,0,1,0,0,0,0,0,0
56.0,0,2,1255.0,1.0,2.0,1.0,1441.0,1.0,0,90.0,3.0,1.0,1.0,1,10494.0,0,0,22.0,4.0,80.0,5.0,4.0,1.0986122886681096,1.0986122886681096,0.0,1.3862943611198906,7.633853559681768,0.6931471805599453,1.7320508075688772,2.0,1.0,0,1,0,0,1,0,0,0,0,0,0,0,0,0,0,1,0,0
47.0,0,2,359.0,2.0,4.0,1.0,1443.0,1.0,0,82.0,3.0,4.0,3.0,1,26703.0,0,0,19.0,2.0,80.0,26.0,4.0,1.3862943611198906,2.8903717578961645,1.9459101490553132,3.044522437723423,9.75091895389152,1.0986122886681096,1.4142135623730951,1.7320508075688772,2.23606797749979,0,1,0,0,0,0,1,0,0,0,0,0,0,0,1,0,0,0
24.0,0,2,1476.0,4.0,1.0,1.0,1445.0,4.0,0,42.0,3.0,2.0,3.0,1,15211.0,0,1,12.0,3.0,80.0,5.0,3.0,0.6931471805599453,1.6094379124341003,1.3862943611198906,1.791759469228055,8.333991247194975,1.0986122886681096,1.7320508075688772,1.7320508075688772,0.0,0,0,1,0,0,0,1,0,0,0,0,0,0,0,0,0,1,0
32.0,0,2,601.0,7.0,5.0,1.0,1446.0,4.0,1,97.0,3.0,2.0,4.0,1,23343.0,0,0,12.0,3.0,80.0,7.0,2.0,1.6094379124341003,1.3862943611198906,1.3862943611198906,1.6094379124341003,9.127502093667179,0.6931471805599453,1.7320508075688772,1.7320508075688772,0.0,0,0,1,0,0,1,0,0,0,0,0,0,0,0,0,0,1,0
34.0,0,2,401.0,1.0,3.0,1.0,1447.0,4.0,0,86.0,2.0,1.0,2.0,1,3708.0,0,0,17.0,1.0,80.0,7.0,2.0,1.791759469228055,1.6094379124341003,1.0986122886681096,1.791759469228055,8.100161446936607,0.6931471805599453,1.4142135623730951,1.7320508075688772,0.0,0,1,0,0,1,0,0,0,0,0,0,1,0,0,0,0,0,0
41.0,0,2,1283.0,5.0,5.0,1.0,1448.0,2.0,1,90.0,4.0,1.0,3.0,1,5561.0,0,1,12.0,1.0,80.0,7.0,2.0,1.0986122886681096,1.0986122886681096,1.3862943611198906,1.6094379124341003,7.662937850461535,0.0,2.23606797749979,1.7320508075688772,0.0,0,1,0,0,0,0,1,0,0,0,0,0,0,0,0,1,0,0
40.0,0,0,663.0,9.0,4.0,1.0,1449.0,3.0,1,81.0,3.0,2.0,3.0,0,23099.0,0,0,11.0,3.0,80.0,11.0,4.0,1.3862943611198906,2.0794415416798357,2.0794415416798357,2.1972245773362196,8.288031567776464,1.0986122886681096,1.4142135623730951,1.7320508075688772,0.0,0,1,0,0,0,0,0,1,0,0,0,1,0,0,0,0,0,0
31.0,0,2,326.0,8.0,2.0,1.0,1453.0,1.0,1,31.0,3.0,3.0,4.0,0,8386.0,0,0,18.0,1.0,80.0,13.0,3.0,0.6931471805599453,2.0794415416798357,2.302585092994046,2.639057329615259,9.286745703178589,0.6931471805599453,2.23606797749979,1.7320508075688772,3.0,0,0,1,0,1,0,0,0,0,0,0,0,0,0,0,0,1,0
46.0,1,2,377.0,9.0,3.0,1.0,1457.0,1.0,1,52.0,3.0,3.0,4.0,0,15986.0,0,0,11.0,1.0,80.0,28.0,4.0,1.6094379124341003,2.0794415416798357,1.3862943611198906,2.0794415416798357,9.219993629004321,0.6931471805599453,1.0,1.7320508075688772,2.0,0,0,1,0,0,1,0,0,0,0,0,0,0,0,0,0,1,0
39.0,1,0,592.0,2.0,3.0,1.0,1458.0,1.0,0,54.0,2.0,1.0,1.0,2,17181.0,0,1,23.0,2.0,80.0,11.0,4.0,1.0986122886681096,0.0,0.0,0.6931471805599453,8.20166019080868,0.0,1.4142135623730951,2.0,0.0,0,1,0,0,1,0,0,0,0,0,0,1,0,0,0,0,0,0
31.0,1,1,1445.0,1.0,5.0,1.0,1459.0,3.0,0,100.0,4.0,3.0,2.0,2,8931.0,0,0,11.0,1.0,80.0,10.0,3.0,0.6931471805599453,2.1972245773362196,2.0794415416798357,2.3978952727983707,8.915566545710645,0.0,1.4142135623730951,1.7320508075688772,2.0,0,1,0,0,1,0,0,0,0,0,0,0,0,1,0,0,0,0
45.0,0,2,1038.0,20.0,3.0,1.0,1460.0,2.0,1,95.0,1.0,3.0,1.0,0,19863.0,0,1,18.0,2.0,80.0,24.0,3.0,1.0986122886681096,2.0794415416798357,2.0794415416798357,2.0794415416798357,9.292104673778823,0.6931471805599453,1.4142135623730951,1.7320508075688772,0.0,0,1,0,0,0,0,1,0,0,1,0,0,0,0,0,0,0,0
31.0,0,2,1398.0,8.0,2.0,1.0,1461.0,4.0,0,96.0,4.0,1.0,2.0,2,24609.0,0,0,18.0,4.0,80.0,8.0,3.0,2.302585092994046,1.0986122886681096,1.0986122886681096,1.3862943611198906,7.6544432264701125,0.0,1.7320508075688772,1.7320508075688772,0.0,1,0,0,0,0,0,1,0,0,0,1,0,0,0,0,0,0,0
31.0,1,1,523.0,2.0,3.0,1.0,1464.0,2.0,1,94.0,3.0,1.0,4.0,1,21081.0,0,1,13.0,3.0,80.0,7.0,1.0,1.9459101490553132,1.0986122886681096,1.0986122886681096,1.0986122886681096,8.222285073872717,0.6931471805599453,1.4142135623730951,1.7320508075688772,1.4142135623730951,0,1,0,0,1,0,0,0,0,0,0,1,0,0,0,0,0,0
45.0,0,2,1448.0,29.0,3.0,1.0,1465.0,2.0,1,55.0,3.0,3.0,4.0,1,14720.0,0,1,18.0,4.0,80.0,10.0,4.0,1.6094379124341003,0.6931471805599453,1.0986122886681096,1.3862943611198906,9.14644164612595,1.0986122886681096,2.0,1.7320508075688772,1.0,0,1,0,0,0,0,0,0,1,0,0,0,0,1,0,0,0,0
48.0,0,2,1221.0,7.0,3.0,1.0,1466.0,3.0,1,96.0,3.0,2.0,1.0,0,24795.0,0,0,11.0,1.0,80.0,15.0,3.0,1.6094379124341003,1.0986122886681096,1.0986122886681096,1.0986122886681096,8.610136937058975,1.3862943611198906,1.7320508075688772,1.7320508075688772,1.4142135623730951,0,0,1,0,0,1,0,0,0,0,0,0,0,0,0,0,1,0
34.0,1,2,1107.0,9.0,4.0,1.0,1467.0,1.0,0,52.0,3.0,1.0,3.0,1,3072.0,0,0,15.0,4.0,80.0,2.0,3.0,0.6931471805599453,1.0986122886681096,1.0986122886681096,1.0986122886681096,7.916807490937603,0.0,0.0,1.7320508075688772,1.4142135623730951,1,0,0,0,0,0,0,0,1,0,1,0,0,0,0,0,0,0
40.0,0,0,218.0,8.0,1.0,1.0,1468.0,4.0,1,55.0,2.0,3.0,2.0,0,25178.0,0,0,11.0,3.0,80.0,16.0,3.0,1.0986122886681096,2.1972245773362196,2.1972245773362196,2.302585092994046,9.52937575208596,0.6931471805599453,2.23606797749979,1.7320508075688772,2.0,0,1,0,0,0,0,1,0,0,0,0,0,0,0,1,0,0,0
28.0,0,2,866.0,5.0,3.0,1.0,1469.0,4.0,1,84.0,3.0,2.0,1.0,2,23490.0,0,0,18.0,4.0,80.0,6.0,3.0,0.0,1.6094379124341003,1.3862943611198906,1.791759469228055,9.043577154098081,0.0,2.0,1.7320508075688772,1.0,0,0,1,0,0,0,1,0,0,0,0,0,0,0,0,0,1,0
44.0,0,0,981.0,5.0,3.0,1.0,1471.0,3.0,1,90.0,2.0,1.0,3.0,2,7973.0,0,0,14.0,4.0,80.0,7.0,3.0,1.3862943611198906,1.0986122886681096,1.3862943611198906,1.791759469228055,8.059276223305648,0.0,2.23606797749979,1.7320508075688772,0.0,0,1,0,0,1,0,0,0,0,0,0,1,0,0,0,0,0,0
49.0,0,2,1495.0,5.0,4.0,1.0,1473.0,1.0,1,96.0,3.0,2.0,3.0,1,21534.0,0,0,14.0,2.0,80.0,20.0,2.0,1.0986122886681096,1.0986122886681096,1.0986122886681096,1.3862943611198906,8.802672840312818,0.6931471805599453,0.0,1.7320508075688772,1.0,0,1,0,0,0,0,0,0,1,1,0,0,0,0,0,0,0,0
40.0,0,2,896.0,2.0,3.0,1.0,1474.0,3.0,1,68.0,3.0,1.0,3.0,0,8045.0,0,0,14.0,3.0,80.0,8.0,4.0,1.0986122886681096,0.6931471805599453,1.0986122886681096,1.3862943611198906,7.76046702921342,0.6931471805599453,1.7320508075688772,1.7320508075688772,1.0,0,1,0,0,0,0,1,0,0,0,0,0,0,0,0,1,0,0
44.0,0,2,1467.0,20.0,3.0,1.0,1475.0,4.0,1,49.0,3.0,1.0,2.0,2,21158.0,0,0,13.0,3.0,80.0,6.0,2.0,0.6931471805599453,1.0986122886681096,1.3862943611198906,1.791759469228055,8.137688184977605,0.0,1.7320508075688772,1.7320508075688772,1.0,0,1,0,0,1,0,0,0,0,0,0,0,0,0,0,1,0,0
33.0,0,1,430.0,7.0,3.0,1.0,1477.0,4.0,1,54.0,3.0,2.0,1.0,1,17456.0,0,0,14.0,1.0,80.0,5.0,3.0,0.0,1.3862943611198906,1.3862943611198906,1.6094379124341003,8.383433201236713,1.0986122886681096,1.4142135623730951,1.7320508075688772,0.0,0,0,1,0,0,0,1,0,0,0,0,0,0,0,0,0,1,0
34.0,0,2,1326.0,3.0,3.0,1.0,1478.0,4.0,1,81.0,1.0,2.0,1.0,2,15891.0,0,0,18.0,4.0,80.0,15.0,3.0,1.3862943611198906,2.302585092994046,2.5649493574615367,2.639057329615259,8.468002947225466,0.0,1.4142135623730951,1.7320508075688772,1.7320508075688772,0,0,1,0,0,0,0,1,0,0,0,0,0,0,0,0,1,0
30.0,0,2,1358.0,16.0,1.0,1.0,1479.0,4.0,1,96.0,3.0,2.0,3.0,1,2939.0,0,0,15.0,3.0,80.0,4.0,2.0,2.1972245773362196,0.6931471805599453,1.0986122886681096,1.0986122886681096,8.57583938684897,1.0986122886681096,1.4142135623730951,1.7320508075688772,1.4142135623730951,0,0,1,0,1,0,0,0,0,0,0,0,0,0,0,0,1,0
42.0,0,1,748.0,9.0,2.0,1.0,1480.0,1.0,0,74.0,3.0,1.0,4.0,2,16458.0,0,0,13.0,3.0,80.0,12.0,3.0,0.6931471805599453,2.302585092994046,2.1972245773362196,2.5649493574615367,8.20903626577507,0.0,1.7320508075688772,1.7320508075688772,2.23606797749979,0,1,0,0,0,0,1,0,0,0,0,1,0,0,0,0,0,0
44.0,0,1,383.0,1.0,5.0,1.0,1481.0,1.0,0,79.0,3.0,2.0,3.0,1,9282.0,0,0,12.0,3.0,80.0,11.0,2.0,2.0794415416798357,0.0,0.0,0.6931471805599453,8.469891918298224,0.6931471805599453,2.0,1.7320508075688772,0.0,0,0,1,0,0,1,0,0,0,0,0,0,0,0,0,0,1,0
30.0,0,0,990.0,7.0,3.0,1.0,1482.0,3.0,1,64.0,3.0,1.0,3.0,0,7152.0,0,0,13.0,2.0,80.0,1.0,2.0,0.6931471805599453,0.0,0.0,0.6931471805599453,7.228649665640015,1.0986122886681096,1.4142135623730951,1.7320508075688772,0.0,0,1,0,0,0,0,0,0,1,0,0,0,0,0,0,1,0,0
57.0,0,2,405.0,1.0,2.0,1.0,1483.0,2.0,1,93.0,4.0,2.0,3.0,1,2721.0,0,0,24.0,1.0,80.0,13.0,2.0,0.0,2.302585092994046,2.1972245773362196,2.5649493574615367,8.497194544909547,0.6931471805599453,1.4142135623730951,2.0,1.4142135623730951,0,1,0,0,1,0,0,0,0,0,0,0,0,0,0,1,0,0
49.0,0,2,1490.0,7.0,4.0,1.0,1484.0,3.0,1,35.0,3.0,3.0,2.0,0,20948.0,0,0,14.0,2.0,80.0,29.0,3.0,1.3862943611198906,2.0794415416798357,2.0794415416798357,2.1972245773362196,9.255982729854884,1.0986122886681096,1.7320508075688772,1.7320508075688772,0.0,0,1,0,0,1,0,0,0,0,1,0,0,0,0,0,0,0,0
34.0,0,1,829.0,15.0,3.0,1.0,1485.0,2.0,1,71.0,3.0,4.0,1.0,0,11929.0,0,0,14.0,4.0,80.0,16.0,2.0,2.0794415416798357,2.1972245773362196,2.302585092994046,2.70805020110221,9.74143910058173,1.0986122886681096,1.7320508075688772,1.7320508075688772,2.449489742783178,0,1,0,0,0,0,1,0,0,0,0,0,0,0,1,0,0,0
28.0,1,1,1496.0,1.0,3.0,1.0,1486.0,1.0,1,92.0,3.0,1.0,3.0,1,15747.0,0,0,15.0,4.0,80.0,5.0,4.0,1.3862943611198906,1.0986122886681096,1.0986122886681096,1.3862943611198906,7.975908360165538,0.6931471805599453,1.7320508075688772,1.7320508075688772,1.0,0,0,1,0,0,0,0,0,1,0,0,0,0,0,0,0,0,1
29.0,1,1,115.0,13.0,3.0,1.0,1487.0,1.0,0,51.0,3.0,2.0,2.0,2,17485.0,0,0,11.0,1.0,80.0,7.0,1.0,1.791759469228055,1.3862943611198906,0.0,1.791759469228055,8.659733878198347,0.0,2.0,1.7320508075688772,0.0,0,0,1,0,0,0,0,0,1,0,0,0,0,0,0,0,1,0
34.0,1,2,790.0,24.0,4.0,1.0,1489.0,1.0,0,40.0,2.0,2.0,2.0,2,7815.0,0,1,23.0,3.0,80.0,16.0,4.0,0.0,2.302585092994046,2.3978952727983707,2.772588722239781,8.433811582477187,0.0,1.4142135623730951,2.0,3.1622776601683795,0,0,1,0,0,0,1,0,0,0,0,0,0,0,0,0,1,0
35.0,0,2,660.0,7.0,1.0,1.0,1492.0,4.0,1,76.0,3.0,1.0,3.0,1,16192.0,0,0,13.0,1.0,80.0,1.0,3.0,0.6931471805599453,0.0,0.0,0.6931471805599453,7.785305182539862,0.6931471805599453,1.7320508075688772,1.7320508075688772,0.0,0,0,1,0,1,0,0,0,0,0,0,0,0,0,0,0,0,1
24.0,1,1,381.0,9.0,3.0,1.0,1494.0,2.0,1,89.0,3.0,1.0,1.0,2,16998.0,0,1,11.0,3.0,80.0,4.0,2.0,1.0986122886681096,0.0,0.0,0.0,8.062432791583195,0.0,1.4142135623730951,1.7320508075688772,0.0,0,1,0,0,0,0,1,0,0,0,0,1,0,0,0,0,0,0
24.0,0,0,830.0,13.0,2.0,1.0,1495.0,4.0,0,78.0,3.0,1.0,2.0,1,7103.0,0,0,13.0,3.0,80.0,1.0,3.0,0.6931471805599453,0.0,0.0,0.6931471805599453,7.617759576608505,0.6931471805599453,1.4142135623730951,1.7320508075688772,0.0,0,0,1,0,1,0,0,0,0,0,0,0,0,0,0,0,0,1
44.0,0,1,1193.0,2.0,1.0,1.0,1496.0,2.0,1,86.0,3.0,3.0,3.0,2,19719.0,0,1,18.0,2.0,80.0,16.0,2.0,1.791759469228055,1.0986122886681096,1.0986122886681096,1.0986122886681096,9.231122911158712,0.0,1.4142135623730951,1.7320508075688772,1.4142135623730951,0,1,0,0,0,0,1,0,0,0,0,0,0,1,0,0,0,0
29.0,0,2,1246.0,19.0,3.0,1.0,1497.0,3.0,1,77.0,2.0,2.0,3.0,0,23757.0,0,0,14.0,3.0,80.0,10.0,3.0,0.6931471805599453,2.0794415416798357,1.6094379124341003,2.3978952727983707,9.061956366209925,1.0986122886681096,1.7320508075688772,1.7320508075688772,0.0,0,0,1,0,1,0,0,0,0,0,0,0,0,0,0,0,1,0
30.0,0,2,330.0,1.0,3.0,1.0,1499.0,3.0,1,46.0,3.0,1.0,3.0,0,15428.0,0,0,21.0,1.0,80.0,6.0,4.0,0.0,1.3862943611198906,1.3862943611198906,1.791759469228055,7.632885505395133,0.6931471805599453,1.7320508075688772,2.0,1.0,1,0,0,0,1,0,0,0,0,0,1,0,0,0,0,0,0,0
55.0,0,2,1229.0,4.0,4.0,1.0,1501.0,4.0,1,30.0,3.0,2.0,3.0,1,16143.0,0,1,16.0,2.0,80.0,4.0,3.0,0.0,1.0986122886681096,1.0986122886681096,1.3862943611198906,8.3030093814735,0.0,1.4142135623730951,1.7320508075688772,1.0,0,1,0,0,1,0,0,0,0,1,0,0,0,0,0,0,0,0
33.0,0,2,1099.0,4.0,4.0,1.0,1502.0,1.0,0,82.0,2.0,1.0,2.0,1,8192.0,0,0,11.0,4.0,80.0,8.0,3.0,2.1972245773362196,1.6094379124341003,1.0986122886681096,1.791759469228055,8.252967195000798,0.0,2.23606797749979,1.7320508075688772,0.0,0,1,0,0,0,0,1,0,0,0,0,1,0,0,0,0,0,0
47.0,0,2,571.0,14.0,3.0,1.0,1503.0,3.0,0,78.0,3.0,2.0,3.0,1,24200.0,0,1,17.0,3.0,80.0,11.0,2.0,1.3862943611198906,1.6094379124341003,1.0986122886681096,1.791759469228055,8.432070937999402,0.6931471805599453,2.0,1.7320508075688772,1.0,0,0,1,0,0,0,1,0,0,0,0,0,0,0,0,0,1,0
28.0,1,1,289.0,2.0,2.0,1.0,1504.0,3.0,1,38.0,2.0,1.0,1.0,2,5355.0,0,0,11.0,3.0,80.0,8.0,2.0,2.0794415416798357,0.0,0.0,0.0,7.848543482456679,0.0,1.4142135623730951,1.7320508075688772,0.0,0,1,0,0,0,0,1,0,0,0,0,1,0,0,0,0,0,0
28.0,0,2,1423.0,1.0,3.0,1.0,1506.0,1.0,1,72.0,2.0,1.0,3.0,0,12530.0,0,0,14.0,4.0,80.0,1.0,1.0,0.6931471805599453,0.0,0.0,0.6931471805599453,7.355001921105257,0.6931471805599453,1.4142135623730951,1.7320508075688772,0.0,0,1,0,0,1,0,0,0,0,0,0,0,0,0,0,1,0,0
28.0,0,1,467.0,7.0,3.0,1.0,1507.0,3.0,1,55.0,3.0,2.0,1.0,2,11827.0,0,0,14.0,4.0,80.0,5.0,3.0,0.0,1.0986122886681096,1.3862943611198906,1.6094379124341003,8.496786381638575,0.0,2.23606797749979,1.7320508075688772,1.0,0,0,1,0,1,0,0,0,0,0,0,0,0,0,0,0,1,0
49.0,0,2,271.0,3.0,2.0,1.0,1509.0,3.0,0,43.0,2.0,2.0,1.0,1,23070.0,0,0,25.0,1.0,80.0,10.0,3.0,1.6094379124341003,1.0986122886681096,1.0986122886681096,1.3862943611198906,8.474285690404962,0.6931471805599453,1.7320508075688772,2.0,1.0,0,1,0,0,0,0,1,0,0,0,0,1,0,0,0,0,0,0
29.0,0,1,410.0,2.0,1.0,1.0,1513.0,4.0,0,97.0,3.0,1.0,2.0,1,4668.0,0,0,13.0,3.0,80.0,4.0,3.0,0.0,1.0986122886681096,1.0986122886681096,1.3862943611198906,8.064950891749143,1.3862943611198906,1.7320508075688772,1.7320508075688772,0.0,0,1,0,0,1,0,0,0,0,0,0,1,0,0,0,0,0,0
28.0,0,2,1083.0,29.0,1.0,1.0,1514.0,3.0,1,96.0,1.0,2.0,2.0,1,3173.0,0,0,14.0,2.0,80.0,8.0,2.0,0.6931471805599453,1.9459101490553132,2.0794415416798357,2.1972245773362196,8.787220328629298,1.0986122886681096,1.4142135623730951,1.7320508075688772,1.0,0,1,0,0,1,0,0,0,0,0,0,0,0,1,0,0,0,0
33.0,0,2,516.0,8.0,5.0,1.0,1515.0,4.0,1,69.0,3.0,2.0,3.0,2,22049.0,0,1,17.0,1.0,80.0,14.0,3.0,1.0986122886681096,0.0,0.0,0.0,8.762333040602343,0.0,2.449489742783178,1.7320508075688772,0.0,0,1,0,0,1,0,0,0,0,1,0,0,0,0,0,0,0,0
32.0,0,2,495.0,10.0,3.0,1.0,1516.0,3.0,1,64.0,3.0,3.0,4.0,2,21072.0,0,0,25.0,2.0,80.0,10.0,4.0,1.0986122886681096,1.0986122886681096,0.0,1.791759469228055,9.327678864393416,0.0,2.23606797749979,2.0,0.0,0,1,0,0,0,0,1,0,0,0,0,0,1,0,0,0,0,0
54.0,0,1,1050.0,11.0,4.0,1.0,1520.0,2.0,0,87.0,3.0,4.0,4.0,0,24456.0,0,0,20.0,1.0,80.0,26.0,3.0,1.3862943611198906,2.302585092994046,2.5649493574615367,2.70805020110221,9.682404377188837,0.6931471805599453,1.4142135623730951,2.0,1.0,0,1,0,0,0,0,1,0,0,0,0,0,1,0,0,0,0,0
29.0,1,2,224.0,1.0,4.0,1.0,1522.0,1.0,1,100.0,2.0,1.0,1.0,2,7568.0,0,0,13.0,3.0,80.0,11.0,1.0,1.9459101490553132,2.0794415416798357,2.0794415416798357,2.302585092994046,7.767687277186908,0.0,1.4142135623730951,1.7320508075688772,0.0,0,1,0,0,0,0,0,0,1,0,0,0,0,0,0,1,0,0
44.0,0,2,136.0,28.0,3.0,1.0,1523.0,4.0,1,32.0,3.0,4.0,1.0,1,22074.0,0,0,13.0,3.0,80.0,24.0,4.0,1.3862943611198906,1.9459101490553132,2.8903717578961645,3.044522437723423,9.70069794710231,0.6931471805599453,1.0,1.7320508075688772,3.605551275463989,0,1,0,0,1,0,0,0,0,0,0,0,0,0,1,0,0,0
39.0,0,2,1089.0,6.0,3.0,1.0,1525.0,2.0,0,32.0,3.0,3.0,2.0,2,9150.0,0,0,18.0,4.0,80.0,9.0,3.0,1.6094379124341003,0.0,1.0986122886681096,1.0986122886681096,9.033245134153809,0.0,1.7320508075688772,1.7320508075688772,1.4142135623730951,0,1,0,0,1,0,0,0,0,0,0,0,0,1,0,0,0,0
46.0,0,2,228.0,3.0,3.0,1.0,1527.0,3.0,0,51.0,3.0,4.0,2.0,1,11380.0,0,0,12.0,4.0,80.0,23.0,4.0,2.1972245773362196,2.5649493574615367,0.6931471805599453,2.639057329615259,9.717579572206754,0.6931471805599453,1.4142135623730951,1.7320508075688772,2.23606797749979,0,0,1,0,1,0,0,0,0,0,0,0,1,0,0,0,0,0
35.0,0,2,1029.0,16.0,3.0,1.0,1529.0,4.0,0,91.0,2.0,3.0,2.0,2,21195.0,0,0,19.0,4.0,80.0,11.0,1.0,0.6931471805599453,2.1972245773362196,1.3862943611198906,2.4849066497880004,9.060331104649475,0.0,1.7320508075688772,1.7320508075688772,1.7320508075688772,0,1,0,0,1,0,0,0,0,1,0,0,0,0,0,0,0,0
23.0,0,2,507.0,20.0,1.0,1.0,1533.0,1.0,1,97.0,3.0,2.0,3.0,2,24812.0,0,0,14.0,2.0,80.0,5.0,3.0,0.0,1.3862943611198906,1.0986122886681096,1.6094379124341003,7.728855823852543,0.0,1.4142135623730951,1.7320508075688772,1.0,0,1,0,0,1,0,0,0,0,0,0,1,0,0,0,0,0,0
40.0,1,2,676.0,9.0,4.0,1.0,1534.0,4.0,1,86.0,3.0,1.0,1.0,2,21831.0,0,0,14.0,2.0,80.0,15.0,1.0,1.3862943611198906,1.6094379124341003,0.0,1.791759469228055,7.610357618312838,0.0,1.7320508075688772,1.7320508075688772,1.0,0,1,0,0,1,0,0,0,0,0,0,1,0,0,0,0,0,0
34.0,0,2,971.0,1.0,3.0,1.0,1535.0,4.0,1,64.0,2.0,3.0,3.0,1,12288.0,0,1,14.0,4.0,80.0,10.0,3.0,0.6931471805599453,2.302585092994046,1.9459101490553132,2.3978952727983707,8.865593998902725,0.0,1.7320508075688772,1.7320508075688772,2.8284271247461903,0,0,1,0,0,0,0,0,1,0,0,0,0,0,0,0,1,0
31.0,1,1,561.0,3.0,3.0,1.0,1537.0,4.0,0,33.0,3.0,1.0,3.0,2,4156.0,0,0,12.0,1.0,80.0,7.0,1.0,0.6931471805599453,1.0986122886681096,2.0794415416798357,2.0794415416798357,8.315077007294104,0.0,1.4142135623730951,1.7320508075688772,2.6457513110645907,0,1,0,0,1,0,0,0,0,0,0,0,0,0,0,1,0,0
50.0,0,1,333.0,22.0,5.0,1.0,1539.0,3.0,1,88.0,1.0,4.0,4.0,2,24450.0,0,1,13.0,4.0,80.0,32.0,3.0,0.6931471805599453,1.9459101490553132,2.302585092994046,3.4657359027997265,9.575816471867984,0.0,1.4142135623730951,1.7320508075688772,3.605551275463989,0,1,0,0,0,0,1,0,0,0,0,0,0,0,1,0,0,0
34.0,0,2,1440.0,7.0,2.0,1.0,1541.0,2.0,1,55.0,3.0,1.0,3.0,1,4944.0,0,1,25.0,2.0,80.0,12.0,3.0,0.0,2.3978952727983707,2.0794415416798357,2.4849066497880004,7.744569809354496,0.6931471805599453,2.0,2.0,2.23606797749979,0,0,1,0,0,0,0,0,1,0,0,0,0,0,0,0,0,1
42.0,0,2,1210.0,2.0,3.0,1.0,1542.0,3.0,1,68.0,2.0,1.0,2.0,1,24052.0,0,0,14.0,2.0,80.0,4.0,3.0,1.6094379124341003,0.0,0.0,0.6931471805599453,8.485083137498004,0.6931471805599453,1.7320508075688772,1.7320508075688772,0.0,0,1,0,0,0,0,1,0,0,0,0,1,0,0,0,0,0,0
37.0,0,2,674.0,13.0,3.0,1.0,1543.0,1.0,1,47.0,3.0,2.0,4.0,1,3031.0,0,0,17.0,1.0,80.0,10.0,3.0,0.6931471805599453,2.1972245773362196,2.0794415416798357,2.3978952727983707,8.363109176033522,0.0,1.4142135623730951,1.7320508075688772,1.7320508075688772,0,1,0,0,0,0,1,0,0,0,0,0,0,0,0,1,0,0
29.0,0,2,441.0,8.0,1.0,1.0,1544.0,3.0,0,39.0,1.0,2.0,1.0,1,7288.0,0,0,13.0,3.0,80.0,9.0,3.0,1.3862943611198906,2.0794415416798357,2.0794415416798357,2.0794415416798357,9.181529290122063,0.6931471805599453,1.7320508075688772,1.7320508075688772,0.0,0,1,0,0,0,0,0,1,0,1,0,0,0,0,0,0,0,0
33.0,0,2,575.0,25.0,3.0,1.0,1545.0,4.0,1,44.0,2.0,2.0,2.0,2,24152.0,0,0,13.0,4.0,80.0,5.0,3.0,0.6931471805599453,1.3862943611198906,1.0986122886681096,1.791759469228055,8.371242135931933,0.0,1.4142135623730951,1.7320508075688772,0.0,0,1,0,0,1,0,0,0,0,0,0,0,0,1,0,0,0,0
45.0,0,2,950.0,28.0,3.0,1.0,1546.0,4.0,1,97.0,3.0,1.0,4.0,1,4585.0,0,0,20.0,4.0,80.0,8.0,3.0,1.6094379124341003,1.6094379124341003,1.3862943611198906,1.791759469228055,7.665284718471351,0.6931471805599453,1.7320508075688772,2.0,0.0,0,1,0,0,0,0,0,0,1,0,0,0,0,0,0,1,0,0
42.0,0,1,288.0,2.0,3.0,1.0,1547.0,4.0,1,40.0,3.0,3.0,4.0,1,18611.0,0,1,14.0,3.0,80.0,24.0,1.0,1.0986122886681096,2.1972245773362196,2.302585092994046,3.044522437723423,9.22276289197474,0.6931471805599453,1.7320508075688772,1.7320508075688772,3.605551275463989,0,1,0,0,1,0,0,0,0,1,0,0,0,0,0,0,0,0
40.0,0,2,1342.0,9.0,2.0,1.0,1548.0,1.0,1,47.0,3.0,2.0,1.0,1,19345.0,0,0,12.0,4.0,80.0,9.0,4.0,0.0,1.6094379124341003,0.6931471805599453,2.1972245773362196,8.607764889600624,0.0,2.23606797749979,1.7320508075688772,2.6457513110645907,0,0,1,0,0,0,1,0,0,0,0,0,0,0,0,0,1,0
33.0,0,2,589.0,28.0,4.0,1.0,1549.0,2.0,1,79.0,3.0,2.0,3.0,1,22949.0,0,1,12.0,2.0,80.0,15.0,3.0,0.6931471805599453,2.70805020110221,2.0794415416798357,2.772588722239781,8.557951183888406,0.6931471805599453,1.7320508075688772,1.7320508075688772,2.23606797749979,0,1,0,0,1,0,0,0,0,0,0,1,0,0,0,0,0,0
40.0,0,2,898.0,6.0,2.0,1.0,1550.0,3.0,1,38.0,3.0,4.0,4.0,2,17381.0,0,1,21.0,4.0,80.0,21.0,3.0,0.6931471805599453,2.0794415416798357,2.0794415416798357,3.091042453358316,9.707351006708445,0.0,1.4142135623730951,2.0,2.6457513110645907,1,0,0,0,0,0,1,0,0,0,0,0,1,0,0,0,0,0
24.0,0,2,350.0,21.0,2.0,1.0,1551.0,3.0,1,57.0,2.0,1.0,1.0,0,10036.0,0,0,14.0,2.0,80.0,2.0,3.0,0.0,0.6931471805599453,0.0,0.6931471805599453,7.739359202689098,1.3862943611198906,1.7320508075688772,1.7320508075688772,0.0,0,1,0,0,0,0,0,0,1,0,0,1,0,0,0,0,0,0
40.0,0,0,1142.0,8.0,2.0,1.0,1552.0,4.0,1,72.0,3.0,2.0,4.0,0,8841.0,0,1,18.0,3.0,80.0,8.0,3.0,1.3862943611198906,1.0986122886681096,1.0986122886681096,1.0986122886681096,8.311398278436641,0.0,1.4142135623730951,1.7320508075688772,1.4142135623730951,0,1,0,0,1,0,0,0,0,1,0,0,0,0,0,0,0,0
45.0,0,2,538.0,1.0,4.0,1.0,1553.0,1.0,1,66.0,3.0,3.0,2.0,0,20933.0,0,0,12.0,1.0,80.0,10.0,3.0,0.6931471805599453,2.1972245773362196,2.0794415416798357,2.3978952727983707,8.914894908906568,1.3862943611198906,2.0,1.7320508075688772,2.6457513110645907,0,1,0,0,0,0,0,0,1,1,0,0,0,0,0,0,0,0
35.0,0,2,1402.0,28.0,4.0,1.0,1554.0,2.0,0,98.0,2.0,1.0,3.0,1,26204.0,0,0,23.0,1.0,80.0,6.0,3.0,0.0,1.3862943611198906,1.0986122886681096,1.791759469228055,7.796057974316123,1.0986122886681096,2.23606797749979,2.0,2.0,0,0,1,0,1,0,0,0,0,0,0,0,0,0,0,0,0,1
32.0,0,2,824.0,5.0,2.0,1.0,1555.0,4.0,0,67.0,2.0,2.0,2.0,1,15624.0,0,0,12.0,1.0,80.0,12.0,3.0,1.3862943611198906,0.6931471805599453,1.791759469228055,2.0794415416798357,8.679141958402255,0.6931471805599453,1.4142135623730951,1.7320508075688772,1.4142135623730951,0,1,0,0,1,0,0,0,0,0,0,0,0,0,0,1,0,0
36.0,0,2,1157.0,2.0,4.0,1.0,1556.0,3.0,1,70.0,3.0,1.0,4.0,2,17001.0,0,1,21.0,4.0,80.0,7.0,2.0,1.3862943611198906,1.0986122886681096,1.0986122886681096,1.3862943611198906,7.8804263442924,0.0,1.7320508075688772,2.0,1.0,0,0,1,0,1,0,0,0,0,0,0,0,0,0,0,0,0,1
48.0,0,2,492.0,16.0,4.0,1.0,1557.0,3.0,0,96.0,3.0,2.0,3.0,0,13693.0,0,0,14.0,3.0,80.0,18.0,3.0,2.1972245773362196,2.0794415416798357,2.0794415416798357,2.1972245773362196,8.770283819098399,0.6931471805599453,1.4142135623730951,1.7320508075688772,2.6457513110645907,0,0,1,0,1,0,0,0,0,0,0,0,0,0,0,0,1,0
29.0,0,2,598.0,9.0,3.0,1.0,1558.0,3.0,1,91.0,4.0,1.0,3.0,1,22376.0,0,0,18.0,1.0,80.0,5.0,2.0,1.9459101490553132,0.0,0.0,0.6931471805599453,7.804659297056102,1.0986122886681096,1.4142135623730951,1.7320508075688772,0.0,0,1,0,0,1,0,0,0,0,0,0,0,0,0,0,1,0,0
33.0,0,2,1242.0,8.0,4.0,1.0,1560.0,1.0,1,46.0,3.0,2.0,1.0,1,10589.0,0,0,13.0,4.0,80.0,8.0,1.0,1.0986122886681096,1.0986122886681096,1.0986122886681096,1.0986122886681096,8.762958920766726,0.6931471805599453,2.449489742783178,1.7320508075688772,1.4142135623730951,0,0,1,0,1,0,0,0,0,0,0,0,0,0,0,0,1,0
30.0,1,2,740.0,1.0,3.0,1.0,1562.0,2.0,1,64.0,2.0,2.0,1.0,1,5323.0,0,0,11.0,4.0,80.0,10.0,3.0,0.6931471805599453,2.1972245773362196,2.0794415416798357,2.3978952727983707,9.18142636181154,0.6931471805599453,2.0,1.7320508075688772,2.449489742783178,0,0,1,0,1,0,0,0,0,0,0,0,0,0,0,0,1,0
38.0,0,1,888.0,10.0,4.0,1.0,1563.0,3.0,1,71.0,3.0,2.0,3.0,1,14814.0,0,0,11.0,3.0,80.0,10.0,3.0,1.3862943611198906,1.3862943611198906,1.0986122886681096,1.9459101490553132,8.712430973476739,0.0,1.4142135623730951,1.7320508075688772,1.0,1,0,0,1,0,0,0,0,0,0,1,0,0,0,0,0,0,0
35.0,0,2,992.0,1.0,3.0,1.0,1564.0,4.0,1,68.0,2.0,1.0,1.0,2,21731.0,0,0,19.0,2.0,80.0,3.0,3.0,0.6931471805599453,0.0,1.0986122886681096,1.3862943611198906,7.804251383528112,0.0,1.7320508075688772,1.7320508075688772,1.0,0,1,0,0,0,0,1,0,0,0,0,1,0,0,0,0,0,0
30.0,0,2,1288.0,29.0,4.0,1.0,1568.0,3.0,1,33.0,3.0,3.0,2.0,1,17799.0,0,0,12.0,2.0,80.0,9.0,3.0,1.3862943611198906,1.0986122886681096,1.3862943611198906,1.6094379124341003,9.132486932771318,0.6931471805599453,1.7320508075688772,1.7320508075688772,1.0,0,0,1,0,0,0,0,0,1,0,0,0,0,0,0,0,1,0
35.0,1,2,104.0,2.0,3.0,1.0,1569.0,1.0,0,69.0,3.0,1.0,1.0,0,26619.0,0,1,12.0,4.0,80.0,1.0,3.0,0.6931471805599453,0.0,0.0,0.6931471805599453,7.637716432664798,0.6931471805599453,1.4142135623730951,1.7320508075688772,0.0,0,1,0,0,1,0,0,0,0,0,0,1,0,0,0,0,0,0
53.0,1,2,607.0,2.0,5.0,1.0,1572.0,3.0,0,78.0,2.0,3.0,4.0,1,14618.0,0,0,16.0,2.0,80.0,34.0,3.0,0.0,2.0794415416798357,2.302585092994046,3.4657359027997265,9.227197489042606,0.6931471805599453,2.0,1.7320508075688772,1.0,0,1,0,0,0,0,0,0,1,0,0,0,0,1,0,0,0,0
38.0,1,2,903.0,2.0,3.0,1.0,1573.0,3.0,1,81.0,3.0,2.0,2.0,1,7653.0,0,0,11.0,1.0,80.0,7.0,3.0,1.6094379124341003,1.0986122886681096,1.6094379124341003,1.791759469228055,8.487970332739334,1.0986122886681096,1.4142135623730951,1.7320508075688772,1.0,0,1,0,0,0,0,1,0,0,0,0,0,0,1,0,0,0,0
32.0,0,0,1200.0,1.0,4.0,1.0,1574.0,4.0,1,62.0,3.0,2.0,1.0,1,25174.0,0,0,14.0,2.0,80.0,9.0,2.0,1.6094379124341003,1.791759469228055,1.0986122886681096,1.9459101490553132,8.31581113188354,0.6931471805599453,1.7320508075688772,1.7320508075688772,1.0,0,1,0,0,0,0,0,0,1,0,0,0,0,0,0,1,0,0
48.0,0,2,1108.0,15.0,4.0,1.0,1576.0,3.0,0,65.0,3.0,1.0,1.0,1,16530.0,0,0,12.0,4.0,80.0,10.0,2.0,2.1972245773362196,1.0986122886681096,1.9459101490553132,2.1972245773362196,7.769800996003896,0.6931471805599453,1.7320508075688772,1.7320508075688772,2.6457513110645907,0,1,0,0,0,0,0,1,0,0,0,0,0,0,0,1,0,0
34.0,0,2,479.0,7.0,4.0,1.0,1577.0,1.0,1,35.0,3.0,1.0,4.0,2,22061.0,0,0,13.0,3.0,80.0,1.0,1.0,0.6931471805599453,0.0,0.0,0.6931471805599453,7.997326822998097,0.0,2.0,1.7320508075688772,0.0,0,1,0,0,0,0,1,0,0,0,0,0,0,0,0,1,0,0
55.0,0,2,685.0,26.0,5.0,1.0,1578.0,3.0,1,60.0,2.0,5.0,4.0,1,23037.0,0,0,21.0,3.0,80.0,34.460000000000036,3.0,0.6931471805599453,1.9459101490553132,2.639057329615259,3.4657359027997265,9.882621359854744,0.6931471805599453,1.7320508075688772,2.0,1.4142135623730951,0,0,1,0,0,1,0,0,0,0,0,0,1,0,0,0,0,0
34.0,0,2,1351.0,1.0,4.0,1.0,1580.0,2.0,1,45.0,3.0,2.0,4.0,1,13008.0,0,0,17.0,2.0,80.0,9.0,2.0,2.302585092994046,1.0986122886681096,0.6931471805599453,1.0986122886681096,8.609772372709331,0.6931471805599453,1.7320508075688772,1.7320508075688772,1.4142135623730951,0,1,0,0,1,0,0,0,0,0,0,0,0,0,0,1,0,0
26.0,0,2,474.0,3.0,3.0,1.0,1581.0,1.0,0,89.0,3.0,1.0,4.0,1,11133.0,0,0,21.0,1.0,80.0,1.0,3.0,0.6931471805599453,0.0,0.0,0.6931471805599453,7.631431664576906,0.0,2.23606797749979,2.0,0.0,0,1,0,0,1,0,0,0,0,0,0,0,0,0,0,1,0,0
38.0,0,2,1245.0,14.0,3.0,1.0,1582.0,3.0,1,80.0,3.0,2.0,2.0,1,12355.0,0,0,11.0,4.0,80.0,10.0,3.0,0.0,2.1972245773362196,2.0794415416798357,2.302585092994046,9.202812105555392,0.6931471805599453,1.7320508075688772,1.7320508075688772,2.6457513110645907,0,0,1,0,1,0,0,0,0,0,0,0,0,0,0,0,1,0
38.0,0,2,437.0,16.0,3.0,1.0,1583.0,2.0,0,90.0,3.0,2.0,2.0,2,16379.0,0,0,12.0,2.0,80.0,8.0,4.0,1.0986122886681096,1.0986122886681096,1.0986122886681096,1.3862943611198906,8.342601680684194,0.0,2.23606797749979,1.7320508075688772,1.0,0,0,1,0,1,0,0,0,0,0,0,0,0,0,0,0,1,0
36.0,0,2,884.0,1.0,4.0,1.0,1585.0,2.0,0,73.0,3.0,2.0,3.0,2,21447.0,0,0,13.0,1.0,80.0,15.0,3.0,1.9459101490553132,0.0,0.0,0.6931471805599453,8.827028068509152,0.0,2.23606797749979,1.7320508075688772,0.0,0,0,1,0,1,0,0,0,0,0,0,0,0,0,0,0,1,0
29.0,0,2,1370.0,3.0,1.0,1.0,1586.0,2.0,1,87.0,3.0,1.0,1.0,2,16213.0,0,1,18.0,4.0,80.0,10.0,3.0,0.6931471805599453,2.302585092994046,1.791759469228055,2.3978952727983707,8.460411177317253,0.0,1.7320508075688772,1.7320508075688772,1.0,0,1,0,0,0,0,1,0,0,0,0,1,0,0,0,0,0,0
35.0,0,2,670.0,10.0,4.0,1.0,1587.0,1.0,0,51.0,3.0,2.0,3.0,2,4223.0,0,1,16.0,3.0,80.0,10.0,3.0,1.3862943611198906,1.0986122886681096,1.6094379124341003,1.791759469228055,8.723068501163928,0.0,2.0,1.7320508075688772,0.0,0,1,0,0,0,0,1,0,0,1,0,0,0,0,0,0,0,0
39.0,0,2,1462.0,6.0,3.0,1.0,1588.0,4.0,1,38.0,4.0,3.0,3.0,1,4658.0,0,0,11.0,1.0,80.0,11.0,3.0,1.0986122886681096,1.9459101490553132,1.9459101490553132,2.0794415416798357,9.016512874996026,0.6931471805599453,1.7320508075688772,1.7320508075688772,2.6457513110645907,0,0,1,0,0,0,1,0,0,0,0,0,0,0,0,0,1,0
29.0,0,1,995.0,2.0,1.0,1.0,1590.0,1.0,1,87.0,3.0,2.0,4.0,0,24483.0,0,0,19.0,4.0,80.0,6.0,4.0,0.6931471805599453,1.6094379124341003,1.3862943611198906,1.9459101490553132,9.088624613292087,0.6931471805599453,0.0,1.7320508075688772,1.0,0,1,0,0,1,0,0,0,0,1,0,0,0,0,0,0,0,0
50.0,0,2,264.0,9.0,3.0,1.0,1591.0,3.0,1,59.0,3.0,5.0,3.0,1,19519.0,0,1,16.0,3.0,80.0,27.0,3.0,1.6094379124341003,0.0,0.0,0.6931471805599453,9.869517032964975,0.6931471805599453,1.4142135623730951,1.7320508075688772,0.0,0,0,1,0,0,1,0,0,0,0,0,0,1,0,0,0,0,0
23.0,0,2,977.0,10.0,3.0,1.0,1592.0,4.0,1,45.0,4.0,1.0,3.0,1,12826.0,0,0,16.0,4.0,80.0,4.0,3.0,1.0986122886681096,1.0986122886681096,1.0986122886681096,1.0986122886681096,7.637234388789473,0.6931471805599453,1.4142135623730951,1.7320508075688772,1.4142135623730951,0,1,0,0,0,0,0,0,1,0,0,0,0,0,0,1,0,0
36.0,0,1,1302.0,6.0,4.0,1.0,1594.0,1.0,1,80.0,4.0,2.0,1.0,1,19711.0,0,1,13.0,4.0,80.0,9.0,3.0,1.3862943611198906,1.0986122886681096,1.0986122886681096,1.3862943611198906,8.623892810075294,0.6931471805599453,1.7320508075688772,1.7320508075688772,0.0,0,1,0,0,1,0,0,0,0,0,0,1,0,0,0,0,0,0
42.0,0,2,1059.0,9.0,2.0,1.0,1595.0,4.0,1,93.0,2.0,5.0,4.0,2,26362.0,0,0,22.0,4.0,80.0,24.0,3.0,2.1972245773362196,0.0,0.6931471805599453,0.6931471805599453,9.883998875952265,0.0,1.4142135623730951,2.0,0.0,0,1,0,0,0,0,0,1,0,0,0,0,1,0,0,0,0,0
35.0,0,2,750.0,28.0,3.0,1.0,1596.0,2.0,1,46.0,4.0,2.0,3.0,1,25348.0,0,0,17.0,4.0,80.0,10.0,2.0,0.6931471805599453,2.302585092994046,2.1972245773362196,2.3978952727983707,8.133880887949207,1.0986122886681096,1.7320508075688772,1.7320508075688772,2.449489742783178,0,1,0,0,1,0,0,0,0,0,0,1,0,0,0,0,0,0
34.0,0,1,653.0,10.0,4.0,1.0,1597.0,4.0,1,92.0,2.0,2.0,3.0,1,15332.0,0,0,14.0,2.0,80.0,8.0,2.0,0.6931471805599453,1.0986122886681096,2.0794415416798357,2.1972245773362196,8.529911963824013,0.6931471805599453,1.7320508075688772,1.7320508075688772,2.6457513110645907,0,1,0,0,0,0,0,0,1,1,0,0,0,0,0,0,0,0
40.0,0,2,118.0,14.0,2.0,1.0,1598.0,4.0,0,84.0,3.0,2.0,1.0,1,11262.0,0,0,15.0,3.0,80.0,5.0,3.0,0.6931471805599453,1.6094379124341003,1.0986122886681096,1.791759469228055,8.442469645220301,0.6931471805599453,1.4142135623730951,1.7320508075688772,1.0,0,0,1,0,1,0,0,0,0,0,0,0,0,0,0,0,1,0
43.0,0,2,990.0,27.0,3.0,1.0,1599.0,4.0,1,87.0,4.0,1.0,2.0,0,5855.0,0,0,12.0,3.0,80.0,8.0,3.0,1.791759469228055,1.6094379124341003,1.0986122886681096,1.9459101490553132,8.492285555710053,0.6931471805599453,0.0,1.7320508075688772,0.0,0,1,0,0,0,0,0,0,1,0,0,1,0,0,0,0,0,0
35.0,0,2,1349.0,7.0,2.0,1.0,1601.0,3.0,1,63.0,2.0,1.0,4.0,1,7713.0,0,0,18.0,4.0,80.0,1.0,2.0,0.6931471805599453,0.0,0.6931471805599453,0.6931471805599453,7.897668150726906,0.6931471805599453,2.23606797749979,1.7320508075688772,0.0,0,1,0,0,1,0,0,0,0,0,0,1,0,0,0,0,0,0
46.0,0,2,563.0,1.0,4.0,1.0,1602.0,4.0,1,56.0,4.0,4.0,1.0,2,3156.0,0,0,15.0,2.0,80.0,27.0,1.0,0.6931471805599453,0.0,2.5649493574615367,3.295836866004329,9.773834344309257,0.0,2.23606797749979,1.7320508075688772,0.0,0,0,1,0,1,0,0,0,0,0,0,0,1,0,0,0,0,0
28.0,1,2,329.0,24.0,3.0,1.0,1604.0,3.0,1,51.0,3.0,1.0,2.0,1,7324.0,0,1,17.0,3.0,80.0,1.0,3.0,0.6931471805599453,0.6931471805599453,0.0,0.6931471805599453,7.786967002614872,1.3862943611198906,1.7320508075688772,1.7320508075688772,0.0,0,1,0,0,0,0,1,0,0,0,0,1,0,0,0,0,0,0
22.0,0,0,457.0,26.0,2.0,1.0,1605.0,2.0,0,85.0,2.0,1.0,3.0,1,10293.0,0,1,14.0,2.0,80.0,4.0,2.0,0.6931471805599453,1.0986122886681096,1.3862943611198906,1.6094379124341003,7.942717540573791,0.0,1.4142135623730951,1.7320508075688772,1.0,0,1,0,0,0,0,0,1,0,0,0,0,0,0,0,1,0,0
50.0,0,1,1234.0,20.0,5.0,1.0,1606.0,2.0,1,41.0,3.0,4.0,3.0,1,20689.0,0,1,15.0,3.0,80.0,32.0,3.0,1.0986122886681096,2.1972245773362196,2.639057329615259,3.4339872044851463,9.327767788852148,0.6931471805599453,1.7320508075688772,1.7320508075688772,3.4641016151377544,0,1,0,0,0,0,1,0,0,1,0,0,0,0,0,0,0,0
32.0,0,2,634.0,5.0,4.0,1.0,1607.0,2.0,0,35.0,4.0,1.0,4.0,1,18783.0,0,0,17.0,4.0,80.0,6.0,3.0,1.3862943611198906,1.0986122886681096,1.0986122886681096,1.3862943611198906,8.105609402299896,1.0986122886681096,1.7320508075688772,1.7320508075688772,0.0,0,1,0,0,0,0,0,1,0,0,0,0,0,0,0,1,0,0
44.0,0,2,1313.0,7.0,3.0,1.0,1608.0,2.0,0,31.0,3.0,5.0,4.0,0,3549.0,0,1,14.0,4.0,80.0,23.0,2.0,0.0,2.0794415416798357,2.3978952727983707,3.1354942159291497,9.854822380554847,0.6931471805599453,2.0,1.7320508075688772,1.0,0,1,0,0,0,0,1,0,0,0,0,0,0,0,1,0,0,0
30.0,0,2,241.0,7.0,3.0,1.0,1609.0,2.0,1,48.0,2.0,1.0,2.0,1,5348.0,0,0,12.0,2.0,80.0,6.0,2.0,0.6931471805599453,1.6094379124341003,0.6931471805599453,1.9459101490553132,7.669495251007694,0.6931471805599453,1.7320508075688772,1.7320508075688772,1.0,0,1,0,0,0,0,1,0,0,0,0,0,0,0,0,1,0,0
45.0,0,2,1015.0,5.0,5.0,1.0,1611.0,3.0,0,50.0,1.0,2.0,1.0,2,23447.0,0,1,14.0,1.0,80.0,10.0,3.0,0.6931471805599453,2.0794415416798357,1.6094379124341003,2.3978952727983707,8.660427359502146,0.0,1.7320508075688772,1.7320508075688772,1.0,0,1,0,0,0,0,1,0,0,0,0,1,0,0,0,0,0,0
45.0,0,0,336.0,26.0,3.0,1.0,1612.0,1.0,1,52.0,2.0,2.0,1.0,1,24162.0,0,0,15.0,1.0,80.0,10.0,3.0,0.6931471805599453,2.0794415416798357,1.791759469228055,2.3978952727983707,8.386172928977834,0.6931471805599453,1.4142135623730951,1.7320508075688772,2.0,0,0,1,0,0,1,0,0,0,0,0,0,0,0,0,0,1,0
31.0,0,1,715.0,2.0,4.0,1.0,1613.0,4.0,1,54.0,3.0,2.0,1.0,2,21602.0,0,0,13.0,4.0,80.0,10.0,3.0,2.0794415416798357,1.0986122886681096,1.3862943611198906,1.791759469228055,8.581669210600602,0.0,1.7320508075688772,1.7320508075688772,0.0,0,0,1,0,0,0,0,1,0,0,0,0,0,0,0,0,1,0
36.0,0,2,559.0,12.0,4.0,1.0,1614.0,3.0,0,76.0,3.0,2.0,3.0,1,12421.0,0,1,12.0,2.0,80.0,7.0,3.0,2.302585092994046,1.0986122886681096,0.6931471805599453,1.3862943611198906,8.447628728030327,1.0986122886681096,1.4142135623730951,1.7320508075688772,1.0,0,1,0,0,1,0,0,0,0,0,0,0,0,1,0,0,0,0
34.0,0,1,426.0,10.0,4.0,1.0,1615.0,3.0,1,42.0,4.0,2.0,4.0,0,17000.0,0,0,13.0,1.0,80.0,9.0,3.0,0.6931471805599453,2.0794415416798357,1.0986122886681096,2.302585092994046,8.460622839927844,0.6931471805599453,1.7320508075688772,1.7320508075688772,2.6457513110645907,0,1,0,0,1,0,0,0,0,0,0,0,0,1,0,0,0,0
49.0,0,2,722.0,25.0,4.0,1.0,1617.0,3.0,0,84.0,3.0,1.0,1.0,1,22102.0,0,0,14.0,4.0,80.0,10.0,2.0,0.6931471805599453,1.9459101490553132,1.6094379124341003,2.302585092994046,8.074649075066652,0.6931471805599453,1.7320508075688772,1.7320508075688772,1.0,0,1,0,0,1,0,0,0,0,0,0,1,0,0,0,0,0,0
39.0,0,2,1387.0,10.0,5.0,1.0,1618.0,2.0,1,76.0,3.0,2.0,1.0,1,3835.0,0,0,13.0,4.0,80.0,10.0,3.0,1.0986122886681096,2.0794415416798357,2.0794415416798357,2.0794415416798357,8.59007183682881,1.3862943611198906,1.7320508075688772,1.7320508075688772,2.6457513110645907,0,1,0,0,0,0,1,0,0,0,0,0,0,1,0,0,0,0
27.0,0,2,1302.0,19.0,3.0,1.0,1619.0,4.0,1,67.0,2.0,1.0,1.0,0,16290.0,0,0,11.0,1.0,80.0,7.0,3.0,0.6931471805599453,2.0794415416798357,2.0794415416798357,2.0794415416798357,8.310660905907225,1.0986122886681096,1.7320508075688772,1.7320508075688772,0.0,0,1,0,0,0,0,0,1,0,0,0,1,0,0,0,0,0,0
35.0,0,2,819.0,18.0,5.0,1.0,1621.0,2.0,1,48.0,4.0,2.0,1.0,1,26312.0,0,0,11.0,4.0,80.0,16.0,3.0,0.6931471805599453,2.772588722239781,2.3978952727983707,2.833213344056216,8.558143177745192,0.0,1.4142135623730951,1.7320508075688772,1.0,0,1,0,0,1,0,0,0,0,0,0,0,0,0,0,1,0,0
28.0,0,2,580.0,27.0,3.0,1.0,1622.0,2.0,0,39.0,1.0,2.0,1.0,0,20460.0,0,0,21.0,2.0,80.0,6.0,2.0,0.0,1.3862943611198906,0.0,1.791759469228055,8.492490578775866,0.6931471805599453,2.23606797749979,2.0,0.0,0,1,0,0,0,0,1,0,0,0,0,0,0,1,0,0,0,0
21.0,0,2,546.0,5.0,1.0,1.0,1623.0,3.0,1,97.0,3.0,1.0,4.0,2,26009.0,0,0,18.0,3.0,80.0,3.0,3.0,0.6931471805599453,1.0986122886681096,1.0986122886681096,1.0986122886681096,8.044947049617722,0.0,1.4142135623730951,1.7320508075688772,1.4142135623730951,0,1,0,0,0,0,1,0,0,0,0,0,0,0,0,1,0,0
18.0,1,1,544.0,3.0,2.0,1.0,1624.0,2.0,0,70.0,3.0,1.0,4.0,2,18420.0,0,1,12.0,3.0,80.0,1.0,4.0,0.6931471805599453,0.0,0.0,0.0,7.358830898342354,0.0,1.4142135623730951,1.7320508075688772,0.0,0,0,1,0,0,0,1,0,0,0,0,0,0,0,0,0,0,1
47.0,0,2,1176.0,26.0,4.0,1.0,1625.0,4.0,0,98.0,3.0,5.0,3.0,1,5220.0,0,0,11.0,3.0,80.0,27.0,3.0,1.3862943611198906,1.0986122886681096,0.0,1.791759469228055,9.884684885113385,0.6931471805599453,1.4142135623730951,1.7320508075688772,1.0,1,0,0,0,1,0,0,0,0,0,0,0,1,0,0,0,0,0
39.0,0,2,170.0,3.0,2.0,1.0,1627.0,3.0,1,76.0,2.0,2.0,3.0,0,10302.0,0,0,15.0,4.0,80.0,11.0,3.0,0.0,2.1972245773362196,2.0794415416798357,2.3978952727983707,8.029432840581244,0.6931471805599453,1.7320508075688772,1.7320508075688772,0.0,0,1,0,0,0,0,1,0,0,0,0,1,0,0,0,0,0,0
40.0,0,2,884.0,15.0,3.0,1.0,1628.0,1.0,0,80.0,2.0,3.0,3.0,1,25800.0,0,0,13.0,4.0,80.0,18.0,3.0,0.6931471805599453,2.772588722239781,2.5649493574615367,2.9444389791664403,9.253016646256619,1.0986122886681096,1.4142135623730951,1.7320508075688772,3.605551275463989,0,1,0,0,1,0,0,0,0,0,0,0,0,1,0,0,0,0
35.0,0,0,208.0,8.0,4.0,1.0,1630.0,3.0,0,52.0,3.0,2.0,3.0,1,12250.0,0,0,12.0,4.0,80.0,15.0,3.0,0.6931471805599453,2.4849066497880004,2.302585092994046,2.70805020110221,8.330622620332868,0.6931471805599453,2.23606797749979,1.7320508075688772,1.4142135623730951,0,1,0,0,1,0,0,0,0,1,0,0,0,0,0,0,0,0
37.0,0,2,671.0,19.0,3.0,1.0,1631.0,3.0,1,85.0,3.0,2.0,3.0,1,26493.0,0,0,17.0,1.0,80.0,9.0,2.0,1.3862943611198906,1.3862943611198906,1.0986122886681096,1.6094379124341003,8.660254034256889,1.3862943611198906,1.4142135623730951,1.7320508075688772,0.0,0,1,0,0,1,0,0,0,0,0,0,0,0,1,0,0,0,0
39.0,0,1,711.0,4.0,3.0,1.0,1633.0,1.0,0,81.0,3.0,2.0,3.0,2,3140.0,0,0,13.0,4.0,80.0,10.0,1.0,0.0,1.0986122886681096,2.1972245773362196,2.302585092994046,8.525756422076725,0.0,1.4142135623730951,1.7320508075688772,1.7320508075688772,0,1,0,0,0,0,1,0,0,0,0,0,0,1,0,0,0,0
45.0,0,2,1329.0,2.0,2.0,1.0,1635.0,4.0,0,59.0,2.0,2.0,4.0,0,5388.0,0,0,19.0,1.0,80.0,10.0,3.0,0.6931471805599453,2.0794415416798357,2.302585092994046,2.3978952727983707,8.660600654710967,1.0986122886681096,1.7320508075688772,1.7320508075688772,1.7320508075688772,0,1,0,0,0,0,0,1,0,0,0,0,0,1,0,0,0,0
38.0,0,2,397.0,2.0,2.0,1.0,1638.0,4.0,0,54.0,2.0,3.0,3.0,1,14199.0,0,1,19.0,4.0,80.0,10.0,4.0,1.3862943611198906,1.6094379124341003,1.0986122886681096,1.791759469228055,8.956350940490871,0.6931471805599453,2.449489742783178,1.7320508075688772,0.0,0,1,0,0,0,0,1,0,0,0,0,0,0,1,0,0,0,0
35.0,1,2,737.0,10.0,3.0,1.0,1639.0,4.0,1,55.0,2.0,3.0,1.0,1,21530.0,0,0,17.0,3.0,80.0,15.0,3.0,2.302585092994046,2.5649493574615367,0.0,2.639057329615259,9.240578555036793,0.0,1.7320508075688772,1.7320508075688772,2.449489742783178,0,0,1,0,0,0,1,0,0,0,0,0,0,0,0,0,1,0
37.0,0,2,1470.0,10.0,3.0,1.0,1640.0,2.0,0,71.0,3.0,1.0,2.0,1,9953.0,0,0,11.0,1.0,80.0,8.0,1.0,0.6931471805599453,1.6094379124341003,2.0794415416798357,2.1972245773362196,8.278174290943738,0.6931471805599453,1.4142135623730951,1.7320508075688772,2.6457513110645907,0,1,0,0,0,0,1,0,0,0,0,0,0,0,0,1,0,0
40.0,0,2,448.0,16.0,3.0,1.0,1641.0,3.0,0,84.0,3.0,3.0,4.0,2,19948.0,0,1,15.0,4.0,80.0,18.0,2.0,1.9459101490553132,1.0986122886681096,1.3862943611198906,1.6094379124341003,8.980423936374544,0.0,1.4142135623730951,1.7320508075688772,1.7320508075688772,0,1,0,0,1,0,0,0,0,0,0,0,0,1,0,0,0,0
44.0,0,1,602.0,1.0,5.0,1.0,1642.0,1.0,1,37.0,3.0,2.0,4.0,1,10503.0,0,1,11.0,3.0,80.0,14.0,3.0,1.6094379124341003,2.0794415416798357,1.0986122886681096,2.3978952727983707,8.65591111072806,0.0,1.7320508075688772,1.7320508075688772,0.0,1,0,0,1,0,0,0,0,0,0,1,0,0,0,0,0,0,0
48.0,0,1,365.0,4.0,5.0,1.0,1644.0,3.0,1,89.0,2.0,4.0,4.0,1,5602.0,0,0,25.0,2.0,80.0,23.0,3.0,1.0986122886681096,1.0986122886681096,1.0986122886681096,1.0986122886681096,9.629248055780836,0.6931471805599453,1.7320508075688772,2.0,1.4142135623730951,0,1,0,0,0,0,1,0,0,0,0,0,1,0,0,0,0,0
35.0,1,2,763.0,15.0,2.0,1.0,1645.0,1.0,1,59.0,1.0,2.0,4.0,0,22098.0,0,1,14.0,4.0,80.0,7.0,2.0,1.9459101490553132,1.0986122886681096,1.0986122886681096,1.0986122886681096,8.601718146485926,1.0986122886681096,1.4142135623730951,1.7320508075688772,1.4142135623730951,0,0,1,0,0,0,1,0,0,0,0,0,0,0,0,0,1,0
24.0,0,1,567.0,2.0,1.0,1.0,1646.0,1.0,0,32.0,3.0,1.0,4.0,2,17218.0,0,1,13.0,3.0,80.0,6.0,3.0,0.6931471805599453,1.3862943611198906,1.3862943611198906,1.9459101490553132,8.232440158470336,0.0,1.4142135623730951,1.7320508075688772,1.0,0,1,0,0,0,0,0,0,1,0,0,0,0,0,0,1,0,0
27.0,0,2,486.0,8.0,3.0,1.0,1647.0,2.0,0,86.0,4.0,1.0,3.0,1,22490.0,0,0,17.0,1.0,80.0,5.0,3.0,2.0794415416798357,1.0986122886681096,1.0986122886681096,1.3862943611198906,8.165647925297504,0.0,0.0,1.7320508075688772,0.0,0,1,0,0,0,0,1,0,0,0,0,0,0,0,0,1,0,0
27.0,0,1,591.0,2.0,3.0,1.0,1648.0,4.0,1,87.0,3.0,1.0,4.0,2,6297.0,0,0,13.0,3.0,80.0,6.0,2.0,1.0986122886681096,1.0986122886681096,1.0986122886681096,1.6094379124341003,7.855932199718614,0.0,0.0,1.7320508075688772,1.0,0,1,0,0,0,0,1,0,0,0,0,0,0,0,0,1,0,0
40.0,1,2,1329.0,7.0,3.0,1.0,1649.0,1.0,1,73.0,3.0,1.0,1.0,2,3339.0,0,1,14.0,2.0,80.0,10.0,1.0,1.3862943611198906,1.0986122886681096,1.3862943611198906,1.6094379124341003,7.681099001536359,0.0,1.7320508075688772,1.7320508075688772,0.0,0,1,0,0,1,0,0,0,0,0,0,1,0,0,0,0,0,0
29.0,0,2,469.0,10.0,3.0,1.0,1650.0,3.0,1,42.0,2.0,2.0,3.0,2,23413.0,0,0,11.0,3.0,80.0,8.0,3.0,2.302585092994046,1.0986122886681096,1.6094379124341003,1.791759469228055,8.677609912822142,0.0,1.4142135623730951,1.7320508075688772,1.0,0,0,1,0,0,0,1,0,0,0,0,0,0,0,0,0,1,0
36.0,0,2,711.0,5.0,4.0,1.0,1651.0,2.0,0,42.0,3.0,3.0,1.0,1,22792.0,0,0,12.0,3.0,80.0,9.0,3.0,1.6094379124341003,1.0986122886681096,1.0986122886681096,1.3862943611198906,8.988321188323683,1.0986122886681096,2.449489742783178,1.7320508075688772,0.0,0,1,0,0,1,0,0,0,0,1,0,0,0,0,0,0,0,0
25.0,0,1,772.0,2.0,1.0,1.0,1653.0,4.0,1,77.0,4.0,2.0,3.0,0,4973.0,0,0,17.0,3.0,80.0,7.0,3.0,0.6931471805599453,2.0794415416798357,2.0794415416798357,2.0794415416798357,8.557759153162898,1.0986122886681096,2.449489742783178,1.7320508075688772,0.0,0,1,0,0,1,0,0,0,0,0,0,0,0,1,0,0,0,0
39.0,0,2,492.0,12.0,3.0,1.0,1654.0,4.0,1,66.0,3.0,2.0,2.0,1,7693.0,0,0,21.0,3.0,80.0,7.0,3.0,1.6094379124341003,1.6094379124341003,0.0,1.791759469228055,8.574707097616844,0.0,1.7320508075688772,2.0,1.0,0,1,0,0,0,0,1,0,0,0,0,0,0,1,0,0,0,0
49.0,0,2,301.0,22.0,4.0,1.0,1655.0,1.0,0,72.0,3.0,4.0,2.0,1,3498.0,0,0,16.0,2.0,80.0,27.0,3.0,1.3862943611198906,1.0986122886681096,1.0986122886681096,1.6094379124341003,9.705889908189658,1.0986122886681096,1.4142135623730951,1.7320508075688772,1.0,0,1,0,0,0,0,0,1,0,0,0,0,0,0,1,0,0,0
50.0,0,2,813.0,17.0,5.0,1.0,1656.0,4.0,0,50.0,2.0,3.0,1.0,0,21981.0,0,0,15.0,3.0,80.0,19.0,3.0,1.791759469228055,2.4849066497880004,2.4849066497880004,2.70805020110221,9.493261127326253,1.3862943611198906,1.7320508075688772,1.7320508075688772,1.0,0,1,0,0,1,0,0,0,0,0,0,0,0,0,1,0,0,0
20.0,0,2,1141.0,2.0,3.0,1.0,1657.0,3.0,0,31.0,3.0,1.0,3.0,2,13251.0,0,0,19.0,1.0,80.0,2.0,3.0,0.6931471805599453,1.0986122886681096,1.0986122886681096,1.0986122886681096,7.931644021454311,0.0,1.7320508075688772,1.7320508075688772,1.4142135623730951,0,0,1,0,0,0,1,0,0,0,0,0,0,0,0,0,0,1
34.0,0,2,1130.0,3.0,3.0,1.0,1658.0,4.0,0,66.0,3.0,2.0,2.0,0,19332.0,0,0,12.0,3.0,80.0,11.0,3.0,0.6931471805599453,2.1972245773362196,2.302585092994046,2.4849066497880004,8.600430789986293,0.6931471805599453,1.4142135623730951,1.7320508075688772,2.6457513110645907,0,1,0,0,1,0,0,0,0,0,0,0,0,0,0,1,0,0
36.0,0,2,311.0,7.0,3.0,1.0,1659.0,1.0,1,77.0,3.0,1.0,2.0,2,10950.0,0,0,11.0,3.0,80.0,15.0,3.0,1.0986122886681096,1.3862943611198906,1.3862943611198906,1.6094379124341003,7.607878073278507,0.0,2.0,1.7320508075688772,1.0,0,1,0,0,1,0,0,0,0,0,0,1,0,0,0,0,0,0
49.0,0,2,465.0,6.0,1.0,1.0,1661.0,3.0,0,41.0,2.0,4.0,3.0,1,11652.0,0,1,19.0,2.0,80.0,30.0,3.0,1.0986122886681096,2.4849066497880004,2.5649493574615367,2.772588722239781,9.54445268330577,0.6931471805599453,1.7320508075688772,1.7320508075688772,1.4142135623730951,0,1,0,0,1,0,0,0,0,1,0,0,0,0,0,0,0,0
36.0,0,0,894.0,1.0,4.0,1.0,1662.0,4.0,0,33.0,2.0,2.0,3.0,1,15411.0,0,0,15.0,3.0,80.0,4.0,3.0,0.0,1.0986122886681096,1.0986122886681096,1.3862943611198906,8.383661798791715,0.0,2.449489742783178,1.7320508075688772,1.0,0,1,0,0,0,0,1,0,0,0,0,0,0,1,0,0,0,0
36.0,0,2,1040.0,3.0,2.0,1.0,1664.0,4.0,1,79.0,4.0,2.0,1.0,0,26308.0,0,0,20.0,1.0,80.0,13.0,3.0,1.9459101490553132,1.6094379124341003,1.6094379124341003,1.791759469228055,8.830981510952498,0.6931471805599453,1.7320508075688772,2.0,0.0,0,1,0,0,1,0,0,0,0,1,0,0,0,0,0,0,0,0
54.0,0,2,584.0,22.0,5.0,1.0,1665.0,2.0,0,91.0,3.0,4.0,3.0,1,18685.0,0,0,25.0,3.0,80.0,34.460000000000036,3.0,1.3862943611198906,2.1972245773362196,2.0794415416798357,2.3978952727983707,9.765776006660642,0.6931471805599453,2.449489742783178,2.0,2.0,0,1,0,0,0,0,1,0,0,0,0,0,1,0,0,0,0,0
43.0,0,2,1291.0,15.0,2.0,1.0,1666.0,3.0,1,65.0,2.0,4.0,3.0,1,3525.0,0,0,24.0,1.0,80.0,14.0,3.0,0.6931471805599453,2.3978952727983707,2.4849066497880004,2.70805020110221,9.775881427930981,0.6931471805599453,1.7320508075688772,2.0,2.449489742783178,0,1,0,0,1,0,0,0,0,0,0,0,0,0,1,0,0,0
35.0,1,1,880.0,12.0,4.0,1.0,1667.0,4.0,1,36.0,3.0,2.0,4.0,2,10414.0,0,1,24.0,1.0,80.0,13.0,4.0,1.3862943611198906,2.302585092994046,2.0794415416798357,2.4849066497880004,8.42989086301344,0.0,1.4142135623730951,2.0,2.449489742783178,0,0,1,0,0,0,0,1,0,0,0,0,0,0,0,0,1,0
38.0,0,1,1189.0,1.0,3.0,1.0,1668.0,4.0,1,90.0,3.0,2.0,4.0,1,9867.0,0,0,15.0,4.0,80.0,19.0,4.0,2.0794415416798357,2.4849066497880004,2.302585092994046,2.639057329615259,8.462948176563842,1.0986122886681096,2.0,1.7320508075688772,1.4142135623730951,0,1,0,0,1,0,0,0,0,0,0,0,0,0,0,1,0,0
29.0,0,2,991.0,5.0,3.0,1.0,1669.0,1.0,1,43.0,2.0,2.0,2.0,0,3356.0,0,1,13.0,2.0,80.0,10.0,2.0,0.6931471805599453,0.0,2.302585092994046,2.3978952727983707,8.339978571990427,0.6931471805599453,1.7320508075688772,1.7320508075688772,0.0,0,0,1,0,0,0,1,0,0,0,0,0,0,0,0,0,1,0
33.0,0,2,392.0,2.0,4.0,1.0,1670.0,4.0,1,93.0,3.0,2.0,4.0,0,3921.0,0,0,14.0,3.0,80.0,6.0,3.0,0.6931471805599453,1.0986122886681096,1.6094379124341003,1.9459101490553132,8.613593685702552,1.0986122886681096,2.23606797749979,1.7320508075688772,0.0,0,0,1,0,0,0,1,0,0,0,0,0,0,0,0,0,1,0
32.0,0,2,977.0,2.0,3.0,1.0,1671.0,4.0,1,45.0,3.0,2.0,2.0,0,25518.0,0,0,13.0,3.0,80.0,10.0,2.0,0.0,1.791759469228055,1.9459101490553132,2.302585092994046,8.607216694063826,1.0986122886681096,2.0,1.7320508075688772,1.0,0,1,0,0,0,0,1,0,0,0,0,0,0,0,0,1,0,0
31.0,0,2,1112.0,5.0,4.0,1.0,1673.0,1.0,0,67.0,3.0,2.0,4.0,1,22589.0,0,0,11.0,1.0,80.0,10.0,3.0,0.6931471805599453,0.0,1.0986122886681096,2.3978952727983707,8.60831278478372,1.0986122886681096,1.4142135623730951,1.7320508075688772,0.0,0,0,1,0,1,0,0,0,0,0,0,0,0,0,0,0,1,0
49.0,0,2,464.0,16.0,3.0,1.0,1674.0,4.0,0,74.0,3.0,1.0,1.0,0,24941.0,0,1,16.0,2.0,80.0,17.0,2.0,1.6094379124341003,1.0986122886681096,1.0986122886681096,1.0986122886681096,7.858640655620791,0.6931471805599453,1.4142135623730951,1.7320508075688772,1.4142135623730951,0,1,0,0,0,0,1,0,0,0,0,1,0,0,0,0,0,0
38.0,0,1,148.0,2.0,3.0,1.0,1675.0,4.0,0,42.0,2.0,1.0,2.0,2,23826.0,0,0,22.0,2.0,80.0,4.0,3.0,0.6931471805599453,1.3862943611198906,1.3862943611198906,1.6094379124341003,7.80016307039296,0.0,1.7320508075688772,2.0,1.7320508075688772,0,1,0,0,0,0,1,0,0,0,0,1,0,0,0,0,0,0
47.0,0,2,1225.0,2.0,4.0,1.0,1676.0,2.0,0,47.0,4.0,4.0,2.0,0,21086.0,0,0,14.0,3.0,80.0,29.0,3.0,1.9459101490553132,1.0986122886681096,1.0986122886681096,1.3862943611198906,9.678655075789957,1.3862943611198906,1.4142135623730951,1.7320508075688772,1.0,0,0,1,0,1,0,0,0,0,0,0,0,1,0,0,0,0,0
49.0,0,2,809.0,1.0,3.0,1.0,1677.0,3.0,1,36.0,3.0,4.0,3.0,2,22384.0,0,0,14.0,1.0,80.0,23.0,3.0,1.6094379124341003,2.0794415416798357,0.0,2.1972245773362196,9.640823243059636,0.0,1.4142135623730951,1.7320508075688772,0.0,0,1,0,0,1,0,0,0,0,0,0,0,1,0,0,0,0,0
41.0,0,2,1206.0,23.0,2.0,1.0,1678.0,4.0,1,80.0,3.0,3.0,3.0,2,11591.0,0,1,16.0,4.0,80.0,21.0,3.0,1.3862943611198906,0.0,1.0986122886681096,1.0986122886681096,8.865452825753623,0.0,1.4142135623730951,1.7320508075688772,0.0,0,0,1,0,1,0,0,0,0,0,0,0,0,0,0,0,1,0
20.0,0,2,727.0,9.0,1.0,1.0,1680.0,4.0,1,54.0,3.0,1.0,1.0,2,21082.0,0,0,11.0,1.0,80.0,2.0,3.0,0.6931471805599453,1.0986122886681096,1.0986122886681096,1.0986122886681096,7.911690520708339,0.0,1.7320508075688772,1.7320508075688772,0.0,0,0,1,0,1,0,0,0,0,0,0,0,0,0,0,0,0,1
33.0,0,0,530.0,16.0,3.0,1.0,1681.0,3.0,0,36.0,3.0,2.0,4.0,0,16130.0,0,1,25.0,3.0,80.0,7.0,3.0,0.6931471805599453,1.791759469228055,1.0986122886681096,1.9459101490553132,8.58839695042257,0.6931471805599453,1.4142135623730951,2.0,1.0,0,0,1,0,1,0,0,0,0,0,0,0,0,0,0,0,1,0
36.0,0,2,1351.0,26.0,4.0,1.0,1682.0,1.0,1,80.0,3.0,2.0,3.0,1,7419.0,0,0,14.0,2.0,80.0,10.0,2.0,1.9459101490553132,1.0986122886681096,1.0986122886681096,1.3862943611198906,8.584477938221834,1.0986122886681096,1.4142135623730951,1.7320508075688772,0.0,0,1,0,0,1,0,0,0,0,1,0,0,0,0,0,0,0,0
44.0,0,2,528.0,1.0,3.0,1.0,1683.0,3.0,0,44.0,3.0,1.0,4.0,0,4167.0,0,1,18.0,1.0,80.0,8.0,3.0,1.6094379124341003,1.0986122886681096,1.0986122886681096,1.0986122886681096,8.069655306886165,1.3862943611198906,1.4142135623730951,1.7320508075688772,1.4142135623730951,1,0,0,0,1,0,0,0,0,0,1,0,0,0,0,0,0,0
23.0,1,2,1320.0,8.0,1.0,1.0,1684.0,4.0,1,93.0,2.0,1.0,3.0,2,20586.0,0,1,11.0,1.0,80.0,5.0,3.0,0.6931471805599453,1.6094379124341003,1.0986122886681096,1.791759469228055,8.29154650988391,0.0,1.4142135623730951,1.7320508075688772,1.0,0,1,0,0,0,0,1,0,0,0,0,1,0,0,0,0,0,0
38.0,0,2,1495.0,4.0,2.0,1.0,1687.0,4.0,0,87.0,3.0,1.0,3.0,1,26176.0,0,0,19.0,4.0,80.0,7.0,2.0,2.0794415416798357,0.0,0.0,0.0,8.103796712981794,0.6931471805599453,2.23606797749979,1.7320508075688772,0.0,0,1,0,0,0,0,1,0,0,0,0,1,0,0,0,0,0,0
53.0,0,2,1395.0,24.0,4.0,1.0,1689.0,2.0,1,48.0,4.0,3.0,4.0,1,3458.0,0,0,15.0,3.0,80.0,11.0,3.0,1.3862943611198906,1.3862943611198906,1.0986122886681096,1.6094379124341003,8.854522203757432,0.0,1.4142135623730951,1.7320508075688772,1.0,0,1,0,0,0,0,1,0,0,1,0,0,0,0,0,0,0,0
48.0,1,1,708.0,7.0,2.0,1.0,1691.0,4.0,0,95.0,3.0,1.0,3.0,1,11740.0,0,1,11.0,3.0,80.0,19.0,3.0,1.0986122886681096,2.0794415416798357,2.0794415416798357,2.302585092994046,7.884576510596324,1.0986122886681096,1.7320508075688772,1.7320508075688772,2.6457513110645907,0,0,1,0,0,0,1,0,0,0,0,0,0,0,0,0,0,1
32.0,1,2,1259.0,2.0,4.0,1.0,1692.0,4.0,1,95.0,3.0,1.0,2.0,2,24852.0,0,0,12.0,1.0,80.0,1.0,3.0,0.6931471805599453,0.0,0.0,0.6931471805599453,7.2399325913204695,0.0,1.4142135623730951,1.7320508075688772,0.0,0,1,0,0,1,0,0,0,0,0,0,1,0,0,0,0,0,0
26.0,0,0,786.0,7.0,3.0,1.0,1693.0,4.0,1,76.0,3.0,1.0,4.0,2,11925.0,0,0,20.0,3.0,80.0,7.0,3.0,0.6931471805599453,2.0794415416798357,2.0794415416798357,2.0794415416798357,7.852050207265889,0.0,2.23606797749979,2.0,2.23606797749979,0,1,0,0,0,0,1,0,0,0,0,1,0,0,0,0,0,0
55.0,0,2,1441.0,22.0,3.0,1.0,1694.0,1.0,1,94.0,2.0,1.0,2.0,0,23737.0,0,0,12.0,4.0,80.0,8.0,3.0,1.791759469228055,1.0986122886681096,1.0986122886681096,1.6094379124341003,8.17131687471973,0.6931471805599453,1.0,1.7320508075688772,1.0,0,1,0,0,0,0,0,0,1,0,0,0,0,0,0,1,0,0
34.0,0,2,1157.0,5.0,2.0,1.0,1696.0,2.0,1,57.0,2.0,2.0,4.0,1,11912.0,0,0,14.0,3.0,80.0,15.0,4.0,0.6931471805599453,2.3978952727983707,2.639057329615259,2.772588722239781,8.290794347381356,0.6931471805599453,1.7320508075688772,1.7320508075688772,2.0,0,1,0,0,0,0,1,0,0,0,0,1,0,0,0,0,0,0
60.0,0,2,370.0,1.0,4.0,1.0,1697.0,3.0,1,92.0,1.0,3.0,4.0,0,20467.0,0,0,20.0,3.0,80.0,19.0,4.0,1.3862943611198906,0.0,0.0,0.6931471805599453,9.295049099903137,0.6931471805599453,1.4142135623730951,2.0,0.0,0,1,0,0,0,0,1,0,0,1,0,0,0,0,0,0,0,0
33.0,0,2,267.0,21.0,3.0,1.0,1698.0,2.0,1,79.0,4.0,1.0,2.0,1,13637.0,0,0,18.0,4.0,80.0,14.0,3.0,0.6931471805599453,2.4849066497880004,2.639057329615259,2.70805020110221,7.615298339825815,1.3862943611198906,2.449489742783178,1.7320508075688772,1.4142135623730951,0,1,0,0,0,0,1,0,0,0,0,1,0,0,0,0,0,0
37.0,0,1,1278.0,1.0,4.0,1.0,1700.0,3.0,1,31.0,1.0,2.0,4.0,0,7677.0,0,0,14.0,3.0,80.0,6.0,2.0,0.6931471805599453,1.3862943611198906,1.3862943611198906,1.9459101490553132,9.161780181360806,1.0986122886681096,1.4142135623730951,1.7320508075688772,1.0,0,0,1,0,0,0,1,0,0,0,0,0,0,0,0,0,1,0
34.0,0,2,678.0,19.0,3.0,1.0,1701.0,2.0,0,35.0,2.0,1.0,4.0,1,20338.0,0,0,12.0,2.0,80.0,10.0,3.0,0.6931471805599453,2.302585092994046,2.0794415416798357,2.3978952727983707,7.982757702011113,0.0,1.7320508075688772,1.7320508075688772,2.8284271247461903,0,1,0,0,1,0,0,0,0,0,0,0,0,0,0,1,0,0
23.0,1,2,427.0,7.0,3.0,1.0,1702.0,3.0,1,99.0,3.0,1.0,4.0,0,25103.0,0,1,21.0,2.0,80.0,3.0,3.0,0.6931471805599453,1.0986122886681096,1.0986122886681096,1.3862943611198906,7.730174795246222,0.6931471805599453,1.4142135623730951,2.0,0.0,0,0,1,0,1,0,0,0,0,0,0,0,0,0,0,0,0,1
44.0,0,2,921.0,2.0,3.0,1.0,1703.0,3.0,0,96.0,4.0,3.0,4.0,1,14810.0,0,1,19.0,2.0,80.0,9.0,3.0,0.6931471805599453,2.0794415416798357,2.0794415416798357,2.1972245773362196,8.972083182851925,0.6931471805599453,1.4142135623730951,1.7320508075688772,2.449489742783178,0,1,0,0,1,0,0,0,0,1,0,0,0,0,0,0,0,0
35.0,0,1,146.0,2.0,4.0,1.0,1704.0,1.0,1,79.0,2.0,1.0,4.0,2,13970.0,0,1,14.0,3.0,80.0,6.0,4.0,0.0,1.6094379124341003,1.6094379124341003,1.791759469228055,8.503297086224126,0.0,1.4142135623730951,1.7320508075688772,1.0,0,1,0,0,0,0,1,0,0,0,0,0,0,0,0,1,0,0
43.0,0,2,1179.0,2.0,3.0,1.0,1706.0,4.0,1,73.0,3.0,2.0,4.0,1,6069.0,0,1,17.0,1.0,80.0,10.0,3.0,0.6931471805599453,2.302585092994046,2.1972245773362196,2.3978952727983707,8.9680140012452,0.6931471805599453,1.7320508075688772,1.7320508075688772,2.8284271247461903,0,0,1,0,0,0,1,0,0,0,0,0,0,0,0,0,1,0
24.0,0,2,581.0,9.0,3.0,1.0,1707.0,3.0,1,62.0,4.0,1.0,3.0,1,17616.0,0,0,16.0,4.0,80.0,5.0,3.0,0.6931471805599453,1.3862943611198906,1.6094379124341003,1.791759469228055,8.389814262086407,0.6931471805599453,1.0,1.7320508075688772,0.0,0,1,0,0,0,0,1,0,0,0,0,0,0,0,0,1,0,0
41.0,0,2,918.0,6.0,3.0,1.0,1708.0,4.0,1,35.0,3.0,3.0,3.0,2,15869.0,0,0,12.0,2.0,80.0,10.0,3.0,0.6931471805599453,2.1972245773362196,2.0794415416798357,2.3978952727983707,9.131513591430211,0.0,1.7320508075688772,1.7320508075688772,2.8284271247461903,0,0,1,0,0,1,0,0,0,0,0,0,0,0,0,0,1,0
29.0,0,2,1082.0,9.0,4.0,1.0,1709.0,4.0,0,43.0,3.0,1.0,3.0,1,25412.0,0,0,17.0,3.0,80.0,9.0,3.0,2.302585092994046,1.3862943611198906,1.0986122886681096,1.791759469228055,7.99799931797973,0.6931471805599453,1.4142135623730951,1.7320508075688772,1.0,0,1,0,0,0,0,1,0,0,0,0,1,0,0,0,0,0,0
36.0,0,2,530.0,2.0,4.0,1.0,1710.0,3.0,0,51.0,3.0,2.0,4.0,2,7439.0,0,0,15.0,3.0,80.0,17.0,2.0,1.3862943611198906,2.0794415416798357,2.0794415416798357,2.639057329615259,8.412499120301572,0.0,1.4142135623730951,1.7320508075688772,2.449489742783178,0,0,1,0,1,0,0,0,0,0,0,0,0,0,0,0,0,1
45.0,0,0,1238.0,1.0,1.0,1.0,1712.0,3.0,1,74.0,2.0,3.0,3.0,1,3395.0,0,0,23.0,4.0,80.0,25.0,2.0,1.3862943611198906,2.772588722239781,1.6094379124341003,3.1780538303479458,9.282568005973063,0.6931471805599453,1.7320508075688772,2.0,3.605551275463989,0,1,0,0,1,0,0,0,0,1,0,0,0,0,0,0,0,0
24.0,1,2,240.0,22.0,1.0,1.0,1714.0,4.0,1,58.0,1.0,1.0,3.0,1,11585.0,0,0,11.0,3.0,80.0,1.0,3.0,0.6931471805599453,0.0,0.0,0.6931471805599453,7.349873704738337,0.6931471805599453,1.4142135623730951,1.7320508075688772,0.0,1,0,0,1,0,0,0,0,0,0,1,0,0,0,0,0,0,0
47.0,1,1,1093.0,9.0,3.0,1.0,1716.0,3.0,1,82.0,1.0,4.0,3.0,1,24164.0,0,0,11.0,3.0,80.0,25.0,1.0,2.0794415416798357,1.791759469228055,2.3978952727983707,3.1780538303479458,9.467846701917901,0.0,1.7320508075688772,1.7320508075688772,3.605551275463989,0,0,1,0,1,0,0,0,0,0,0,0,0,0,0,0,1,0
26.0,0,2,390.0,17.0,4.0,1.0,1718.0,4.0,1,62.0,1.0,1.0,3.0,1,6217.0,0,0,15.0,3.0,80.0,3.0,4.0,0.6931471805599453,1.0986122886681096,1.0986122886681096,1.3862943611198906,7.743269700829004,1.3862943611198906,1.7320508075688772,1.7320508075688772,0.0,0,1,0,0,0,0,1,0,0,0,0,1,0,0,0,0,0,0
45.0,0,2,1005.0,28.0,2.0,1.0,1719.0,4.0,0,48.0,2.0,4.0,2.0,2,17119.0,0,0,11.0,3.0,80.0,21.0,3.0,0.6931471805599453,1.9459101490553132,1.9459101490553132,3.091042453358316,9.723463354790857,0.0,1.4142135623730951,1.7320508075688772,2.8284271247461903,0,1,0,0,0,0,0,0,1,0,0,0,0,0,1,0,0,0
32.0,0,1,585.0,10.0,3.0,1.0,1720.0,1.0,1,56.0,3.0,1.0,3.0,1,17360.0,0,0,13.0,1.0,80.0,10.0,2.0,1.9459101490553132,1.0986122886681096,1.3862943611198906,1.791759469228055,8.141481041457421,0.6931471805599453,1.7320508075688772,1.7320508075688772,1.0,0,1,0,0,1,0,0,0,0,0,0,0,0,0,0,1,0,0
31.0,0,2,741.0,2.0,4.0,1.0,1721.0,2.0,1,69.0,3.0,1.0,3.0,1,18103.0,0,0,14.0,4.0,80.0,6.0,4.0,0.6931471805599453,1.0986122886681096,1.3862943611198906,1.791759469228055,8.154212694914229,0.6931471805599453,1.4142135623730951,1.7320508075688772,0.0,0,1,0,0,1,0,0,0,0,0,0,1,0,0,0,0,0,0
41.0,0,0,552.0,4.0,3.0,1.0,1722.0,3.0,1,60.0,1.0,2.0,2.0,1,20794.0,0,0,19.0,2.0,80.0,10.0,3.0,1.9459101490553132,1.0986122886681096,1.0986122886681096,1.3862943611198906,8.768885326134864,0.6931471805599453,2.0,1.7320508075688772,1.0,1,0,0,1,0,0,0,0,0,0,1,0,0,0,0,0,0,0
40.0,0,2,369.0,8.0,2.0,1.0,1724.0,2.0,0,92.0,3.0,2.0,1.0,1,5041.0,0,1,16.0,2.0,80.0,18.0,3.0,1.0986122886681096,0.0,0.0,0.6931471805599453,8.78216942633238,0.6931471805599453,1.7320508075688772,1.7320508075688772,0.0,0,1,0,0,1,0,0,0,0,0,0,0,0,1,0,0,0,0
24.0,0,2,506.0,29.0,1.0,1.0,1725.0,2.0,1,91.0,3.0,1.0,1.0,0,3622.0,0,0,13.0,2.0,80.0,6.0,4.0,0.6931471805599453,1.0986122886681096,1.0986122886681096,1.9459101490553132,8.270781013162674,1.3862943611198906,1.4142135623730951,1.7320508075688772,1.0,0,1,0,0,0,0,1,0,0,0,0,1,0,0,0,0,0,0
46.0,0,2,717.0,13.0,4.0,1.0,1727.0,3.0,1,34.0,3.0,2.0,2.0,2,9697.0,0,0,14.0,4.0,80.0,19.0,3.0,1.9459101490553132,2.0794415416798357,2.302585092994046,2.3978952727983707,8.623892810075294,0.0,1.7320508075688772,1.7320508075688772,0.0,0,1,0,0,1,0,0,0,0,1,0,0,0,0,0,0,0,0
35.0,0,2,1370.0,27.0,4.0,1.0,1728.0,4.0,1,49.0,3.0,2.0,3.0,1,5151.0,0,0,16.0,2.0,80.0,17.0,3.0,1.0986122886681096,2.0794415416798357,2.0794415416798357,2.0794415416798357,8.83695515733143,0.6931471805599453,1.7320508075688772,1.7320508075688772,0.0,0,1,0,0,1,0,0,0,0,0,0,0,0,1,0,0,0,0
30.0,0,2,793.0,16.0,1.0,1.0,1729.0,2.0,1,33.0,3.0,1.0,4.0,1,3811.0,0,0,12.0,2.0,80.0,10.0,2.0,0.6931471805599453,0.0,2.1972245773362196,2.3978952727983707,7.959625305098115,0.6931471805599453,1.4142135623730951,1.7320508075688772,0.0,0,1,0,0,1,0,0,0,0,0,0,0,0,0,0,1,0,0
47.0,0,0,543.0,2.0,4.0,1.0,1731.0,3.0,1,87.0,3.0,2.0,2.0,1,3536.0,0,0,11.0,4.0,80.0,4.0,1.0,2.0794415416798357,0.0,0.0,0.6931471805599453,8.512984346642183,0.6931471805599453,1.7320508075688772,1.7320508075688772,0.0,0,0,1,0,0,1,0,0,0,0,0,0,0,0,0,0,1,0
46.0,0,2,1277.0,2.0,3.0,1.0,1732.0,3.0,1,74.0,3.0,3.0,4.0,0,5596.0,0,1,12.0,2.0,80.0,13.0,2.0,1.6094379124341003,1.9459101490553132,1.3862943611198906,2.3978952727983707,9.246575864558277,0.6931471805599453,2.23606797749979,1.7320508075688772,0.0,0,0,1,0,1,0,0,0,0,0,0,0,0,0,0,0,1,0
36.0,1,2,1456.0,13.0,5.0,1.0,1733.0,2.0,1,96.0,2.0,2.0,1.0,0,8658.0,0,1,13.0,2.0,80.0,16.0,3.0,1.791759469228055,1.0986122886681096,1.0986122886681096,1.0986122886681096,8.721765357145012,1.3862943611198906,1.7320508075688772,1.7320508075688772,1.4142135623730951,0,0,1,0,0,1,0,0,0,0,0,0,0,0,0,0,1,0
32.0,1,2,964.0,1.0,2.0,1.0,1734.0,1.0,1,34.0,1.0,2.0,2.0,2,12147.0,0,0,15.0,2.0,80.0,10.0,3.0,1.9459101490553132,0.0,0.0,0.0,8.815221555922163,0.0,1.4142135623730951,1.7320508075688772,0.0,0,0,1,0,1,0,0,0,0,0,0,0,0,0,0,0,1,0
23.0,0,2,160.0,4.0,1.0,1.0,1735.0,3.0,0,51.0,3.0,1.0,2.0,2,12862.0,0,0,13.0,3.0,80.0,3.0,1.0,0.6931471805599453,1.0986122886681096,1.0986122886681096,1.3862943611198906,8.100464891029363,0.0,1.7320508075688772,1.7320508075688772,1.0,0,1,0,0,0,0,1,0,0,0,0,1,0,0,0,0,0,0
31.0,0,1,163.0,24.0,1.0,1.0,1736.0,4.0,0,30.0,3.0,2.0,4.0,2,6670.0,0,0,20.0,4.0,80.0,9.0,2.0,1.0986122886681096,1.6094379124341003,1.6094379124341003,1.791759469228055,8.56388591940822,0.0,1.7320508075688772,2.0,1.0,0,1,0,0,0,0,0,0,1,0,0,0,0,1,0,0,0,0
39.0,0,0,792.0,1.0,3.0,1.0,1737.0,4.0,1,77.0,3.0,2.0,4.0,1,8989.0,0,1,15.0,4.0,80.0,9.0,3.0,0.6931471805599453,2.1972245773362196,2.1972245773362196,2.302585092994046,8.77539495854551,0.6931471805599453,1.4142135623730951,1.7320508075688772,2.23606797749979,0,1,0,0,1,0,0,0,0,0,0,1,0,0,0,0,0,0
32.0,0,2,371.0,19.0,3.0,1.0,1739.0,4.0,1,80.0,1.0,3.0,3.0,1,3840.0,0,0,13.0,3.0,80.0,10.0,1.0,1.3862943611198906,1.3862943611198906,1.0986122886681096,1.6094379124341003,9.170663554823284,0.6931471805599453,1.4142135623730951,1.7320508075688772,0.0,0,0,1,0,1,0,0,0,0,0,0,0,0,0,0,0,1,0
40.0,0,2,611.0,7.0,4.0,1.0,1740.0,2.0,1,88.0,3.0,5.0,2.0,2,4349.0,0,0,14.0,2.0,80.0,21.0,2.0,0.6931471805599453,2.1972245773362196,2.1972245773362196,3.091042453358316,9.884684885113385,0.0,1.7320508075688772,1.7320508075688772,3.4641016151377544,0,0,1,0,0,0,1,0,0,0,0,0,1,0,0,0,0,0
45.0,0,2,176.0,4.0,3.0,1.0,1744.0,3.0,0,56.0,1.0,3.0,3.0,1,6595.0,0,0,21.0,3.0,80.0,9.0,4.0,1.6094379124341003,0.0,1.3862943611198906,1.791759469228055,9.18574025510795,1.0986122886681096,1.4142135623730951,2.0,0.0,1,0,0,0,1,0,0,0,0,0,1,0,0,0,0,0,0,0
30.0,0,1,1312.0,2.0,4.0,1.0,1745.0,4.0,0,78.0,2.0,1.0,1.0,2,26427.0,0,0,16.0,4.0,80.0,10.0,3.0,0.0,2.0794415416798357,2.0794415416798357,2.302585092994046,8.51097389160232,0.0,1.4142135623730951,1.7320508075688772,0.0,0,1,0,0,0,0,0,0,1,0,0,0,0,0,0,1,0,0
24.0,0,1,897.0,10.0,3.0,1.0,1746.0,1.0,1,59.0,3.0,1.0,4.0,1,2097.0,0,0,14.0,4.0,80.0,3.0,3.0,0.0,1.0986122886681096,0.6931471805599453,1.0986122886681096,7.671360923190644,0.6931471805599453,1.4142135623730951,1.7320508075688772,1.4142135623730951,1,0,0,0,0,0,1,0,0,0,1,0,0,0,0,0,0,0
30.0,1,1,600.0,8.0,3.0,1.0,1747.0,3.0,0,66.0,2.0,1.0,4.0,0,9732.0,0,0,11.0,3.0,80.0,6.0,2.0,1.9459101490553132,1.0986122886681096,1.0986122886681096,1.6094379124341003,7.687538766201629,0.6931471805599453,0.0,1.7320508075688772,1.0,1,0,0,1,0,0,0,0,0,0,1,0,0,0,0,0,0,0
31.0,0,2,1003.0,5.0,3.0,1.0,1749.0,1.0,1,51.0,3.0,2.0,3.0,1,20943.0,0,0,19.0,3.0,80.0,6.0,3.0,0.6931471805599453,1.0986122886681096,1.0986122886681096,1.791759469228055,9.029657471850737,0.6931471805599453,1.7320508075688772,1.7320508075688772,0.0,0,0,1,0,0,0,0,0,1,0,0,0,0,0,0,0,1,0
27.0,0,2,1054.0,8.0,3.0,1.0,1751.0,3.0,0,67.0,3.0,1.0,4.0,2,6152.0,0,0,11.0,3.0,80.0,6.0,2.0,0.6931471805599453,1.0986122886681096,1.6094379124341003,1.9459101490553132,8.144969417087875,0.0,2.23606797749979,1.7320508075688772,1.0,0,1,0,0,0,0,1,0,0,0,0,0,0,0,0,1,0,0
29.0,1,2,428.0,9.0,3.0,1.0,1752.0,2.0,0,52.0,1.0,1.0,2.0,2,14630.0,0,0,13.0,3.0,80.0,2.0,3.0,0.6931471805599453,1.0986122886681096,1.0986122886681096,1.0986122886681096,7.923348211930154,0.0,1.7320508075688772,1.7320508075688772,1.4142135623730951,0,0,1,0,0,1,0,0,0,0,0,0,0,0,0,0,0,1
29.0,0,1,461.0,1.0,3.0,1.0,1753.0,4.0,1,70.0,4.0,2.0,3.0,2,23060.0,0,1,12.0,4.0,80.0,10.0,4.0,2.1972245773362196,1.0986122886681096,1.0986122886681096,1.3862943611198906,8.747510946478448,0.0,2.23606797749979,1.7320508075688772,0.0,0,1,0,0,1,0,0,0,0,1,0,0,0,0,0,0,0,0
30.0,0,2,979.0,15.0,2.0,1.0,1754.0,3.0,1,94.0,2.0,3.0,1.0,0,3088.0,0,0,11.0,1.0,80.0,12.0,3.0,1.0986122886681096,2.0794415416798357,2.0794415416798357,2.0794415416798357,8.87360810154911,0.6931471805599453,1.4142135623730951,1.7320508075688772,1.0,0,0,1,0,0,1,0,0,0,0,0,0,0,0,0,0,1,0
34.0,0,2,181.0,2.0,4.0,1.0,1755.0,4.0,1,97.0,4.0,1.0,4.0,1,5586.0,0,1,14.0,1.0,80.0,6.0,3.0,0.0,0.0,1.0986122886681096,1.791759469228055,7.983781068977451,1.3862943611198906,1.7320508075688772,1.7320508075688772,1.0,0,1,0,0,0,0,1,0,0,0,0,0,0,0,0,1,0,0
33.0,0,0,1283.0,2.0,3.0,1.0,1756.0,4.0,0,62.0,3.0,2.0,2.0,2,10697.0,0,0,15.0,4.0,80.0,13.0,2.0,2.1972245773362196,2.0794415416798357,2.0794415416798357,2.4849066497880004,8.546363568716018,0.0,1.4142135623730951,1.7320508075688772,1.0,0,0,1,0,0,1,0,0,0,0,0,0,0,0,0,0,1,0
49.0,0,2,1313.0,11.0,4.0,1.0,1757.0,4.0,0,80.0,3.0,2.0,4.0,2,8191.0,0,0,12.0,3.0,80.0,8.0,4.0,1.3862943611198906,0.6931471805599453,1.6094379124341003,1.791759469228055,8.413608875159667,0.0,1.0,1.7320508075688772,0.0,0,0,1,0,0,1,0,0,0,0,0,0,0,0,0,0,1,0
33.0,1,2,211.0,16.0,3.0,1.0,1758.0,1.0,0,74.0,3.0,3.0,1.0,2,10092.0,0,1,20.0,3.0,80.0,11.0,2.0,1.0986122886681096,0.0,0.0,0.0,9.05543941075822,0.0,1.4142135623730951,2.0,0.0,0,0,1,0,1,0,0,0,0,0,0,0,0,0,0,0,1,0
38.0,0,1,594.0,2.0,2.0,1.0,1760.0,3.0,0,75.0,2.0,1.0,2.0,1,15963.0,0,0,14.0,2.0,80.0,9.0,2.0,1.6094379124341003,0.6931471805599453,1.791759469228055,1.9459101490553132,7.81156848934518,0.6931471805599453,2.0,1.7320508075688772,0.0,0,1,0,0,0,0,1,0,0,0,0,1,0,0,0,0,0,0
31.0,1,2,1079.0,16.0,4.0,1.0,1761.0,1.0,1,70.0,3.0,3.0,3.0,1,19002.0,0,0,13.0,1.0,80.0,10.0,3.0,1.0986122886681096,0.0,0.0,0.6931471805599453,9.00724451596575,1.3862943611198906,1.4142135623730951,1.7320508075688772,0.0,0,0,1,0,0,1,0,0,0,0,0,0,0,0,0,0,1,0
29.0,0,2,590.0,4.0,3.0,1.0,1762.0,4.0,0,91.0,2.0,1.0,1.0,0,10007.0,0,0,13.0,3.0,80.0,1.0,3.0,0.6931471805599453,0.0,0.0,0.6931471805599453,7.6544432264701125,0.6931471805599453,1.4142135623730951,1.7320508075688772,0.0,0,1,0,0,0,0,0,0,1,0,0,0,0,0,0,1,0,0
30.0,0,2,305.0,16.0,3.0,1.0,1763.0,3.0,1,58.0,4.0,2.0,3.0,1,9128.0,0,0,16.0,3.0,80.0,10.0,3.0,1.3862943611198906,0.0,2.0794415416798357,2.0794415416798357,8.574518258035507,0.6931471805599453,1.7320508075688772,1.7320508075688772,1.0,0,1,0,0,1,0,0,0,0,1,0,0,0,0,0,0,0,0
32.0,0,0,953.0,5.0,4.0,1.0,1764.0,2.0,1,65.0,3.0,1.0,2.0,2,17674.0,0,0,14.0,2.0,80.0,12.0,3.0,1.0986122886681096,2.0794415416798357,2.0794415416798357,2.0794415416798357,7.908019444632471,0.0,1.7320508075688772,1.7320508075688772,0.0,0,1,0,0,0,0,0,0,1,0,0,0,0,0,0,1,0,0
38.0,0,2,833.0,18.0,3.0,1.0,1766.0,2.0,1,60.0,1.0,2.0,4.0,1,24539.0,0,1,16.0,3.0,80.0,15.0,3.0,1.3862943611198906,0.0,0.0,0.6931471805599453,8.667680024690174,0.6931471805599453,1.4142135623730951,1.7320508075688772,1.0,0,1,0,0,0,0,1,0,0,1,0,0,0,0,0,0,0,0
43.0,1,1,807.0,17.0,3.0,1.0,1767.0,3.0,1,38.0,2.0,1.0,3.0,1,15587.0,0,1,16.0,4.0,80.0,6.0,3.0,2.302585092994046,0.0,0.0,0.6931471805599453,7.798933310041217,0.6931471805599453,2.0,1.7320508075688772,0.0,0,1,0,0,0,0,0,0,1,0,0,0,0,0,0,1,0,0
42.0,0,2,855.0,12.0,3.0,1.0,1768.0,2.0,1,57.0,3.0,1.0,2.0,0,8952.0,0,0,22.0,2.0,80.0,7.0,2.0,2.1972245773362196,1.3862943611198906,1.6094379124341003,1.791759469228055,7.925518979786926,1.3862943611198906,2.449489742783178,2.0,0.0,0,1,0,0,0,0,1,0,0,0,0,1,0,0,0,0,0,0
55.0,0,2,478.0,2.0,3.0,1.0,1770.0,3.0,1,60.0,2.0,5.0,1.0,1,19805.0,0,0,12.0,2.0,80.0,34.0,3.0,2.1972245773362196,0.0,0.0,0.6931471805599453,9.854244785957677,1.3862943611198906,1.4142135623730951,1.7320508075688772,0.0,0,1,0,0,0,0,1,0,0,0,0,0,0,0,1,0,0,0
33.0,0,0,775.0,4.0,3.0,1.0,1771.0,4.0,1,90.0,3.0,2.0,2.0,0,6194.0,0,0,15.0,4.0,80.0,11.0,2.0,1.791759469228055,2.1972245773362196,2.0794415416798357,2.302585092994046,8.024862150286411,1.0986122886681096,1.4142135623730951,1.7320508075688772,1.0,0,1,0,0,0,0,0,0,1,0,0,0,0,0,0,1,0,0
41.0,0,2,548.0,9.0,4.0,1.0,1772.0,3.0,1,94.0,3.0,1.0,1.0,0,20520.0,0,0,20.0,2.0,80.0,5.0,3.0,0.6931471805599453,1.3862943611198906,1.6094379124341003,1.791759469228055,7.736307096548285,1.0986122886681096,1.4142135623730951,2.0,0.0,0,1,0,0,1,0,0,0,0,0,0,1,0,0,0,0,0,0
34.0,0,0,1375.0,10.0,3.0,1.0,1774.0,4.0,1,87.0,3.0,2.0,3.0,0,12313.0,0,1,14.0,3.0,80.0,15.0,3.0,0.6931471805599453,2.70805020110221,2.0794415416798357,2.772588722239781,8.294549515143679,0.6931471805599453,1.7320508075688772,1.7320508075688772,0.0,0,0,1,0,1,0,0,0,0,0,0,0,0,0,0,0,1,0
53.0,0,0,661.0,1.0,4.0,1.0,1775.0,1.0,0,60.0,2.0,4.0,3.0,1,22308.0,0,1,20.0,4.0,80.0,27.0,2.0,1.6094379124341003,1.0986122886681096,1.0986122886681096,1.3862943611198906,9.470085825734941,1.3862943611198906,1.4142135623730951,2.0,0.0,0,1,0,0,0,0,1,0,0,0,0,0,0,1,0,0,0,0
43.0,0,2,244.0,2.0,3.0,1.0,1778.0,2.0,1,97.0,3.0,1.0,4.0,2,5033.0,0,0,13.0,2.0,80.0,10.0,3.0,0.0,2.0794415416798357,2.1972245773362196,2.302585092994046,8.17188200612782,0.0,2.23606797749979,1.7320508075688772,1.0,1,0,0,0,1,0,0,0,0,0,1,0,0,0,0,0,0,0
34.0,0,2,511.0,3.0,2.0,1.0,1779.0,4.0,0,32.0,1.0,2.0,4.0,2,25353.0,0,0,12.0,1.0,80.0,6.0,3.0,1.791759469228055,1.0986122886681096,1.0986122886681096,1.0986122886681096,8.704502289721232,0.0,1.7320508075688772,1.7320508075688772,1.4142135623730951,0,0,1,0,1,0,0,0,0,0,0,0,0,0,0,0,1,0
21.0,1,2,337.0,7.0,1.0,1.0,1780.0,2.0,1,31.0,3.0,1.0,2.0,2,4567.0,0,0,13.0,2.0,80.0,1.0,3.0,0.6931471805599453,0.0,0.0,0.6931471805599453,7.893572073504902,0.0,1.7320508075688772,1.7320508075688772,1.0,0,0,1,0,0,1,0,0,0,0,0,0,0,0,0,0,0,1
38.0,0,2,1153.0,6.0,2.0,1.0,1782.0,4.0,0,40.0,2.0,1.0,3.0,1,16376.0,0,0,11.0,2.0,80.0,5.0,3.0,0.6931471805599453,1.6094379124341003,1.6094379124341003,1.791759469228055,8.216898580913613,0.6931471805599453,1.7320508075688772,1.7320508075688772,0.0,0,1,0,0,0,0,0,1,0,0,0,1,0,0,0,0,0,0
22.0,1,2,1294.0,8.0,1.0,1.0,1783.0,3.0,0,79.0,3.0,1.0,1.0,1,15999.0,0,1,17.0,3.0,80.0,1.0,3.0,0.6931471805599453,0.0,0.0,0.6931471805599453,7.782807262839695,0.0,2.449489742783178,1.7320508075688772,0.0,0,1,0,0,0,0,1,0,0,0,0,1,0,0,0,0,0,0
51.0,0,2,942.0,3.0,3.0,1.0,1786.0,1.0,0,53.0,3.0,3.0,3.0,1,22984.0,0,0,11.0,4.0,80.0,15.0,3.0,1.0986122886681096,1.0986122886681096,1.0986122886681096,1.0986122886681096,9.481664377815147,0.0,1.4142135623730951,1.7320508075688772,1.4142135623730951,0,1,0,0,0,0,0,0,1,0,0,0,1,0,0,0,0,0
37.0,0,2,589.0,9.0,2.0,1.0,1787.0,2.0,1,46.0,2.0,2.0,2.0,1,8800.0,0,0,14.0,1.0,80.0,5.0,3.0,0.6931471805599453,1.0986122886681096,1.3862943611198906,1.791759469228055,8.340456012916183,1.0986122886681096,1.4142135623730951,1.7320508075688772,0.0,0,0,1,0,0,1,0,0,0,0,0,0,0,0,0,0,1,0
46.0,0,2,734.0,2.0,4.0,1.0,1789.0,3.0,1,46.0,3.0,5.0,4.0,0,14218.0,0,1,17.0,3.0,80.0,24.0,3.0,2.0794415416798357,0.6931471805599453,1.0986122886681096,1.0986122886681096,9.869361837806752,0.6931471805599453,1.7320508075688772,1.7320508075688772,1.4142135623730951,0,1,0,0,0,0,1,0,0,0,0,0,0,0,1,0,0,0
36.0,0,2,1383.0,10.0,3.0,1.0,1790.0,4.0,1,90.0,3.0,3.0,1.0,1,25949.0,0,1,13.0,4.0,80.0,15.0,3.0,2.0794415416798357,2.1972245773362196,2.0794415416798357,2.5649493574615367,9.026657889542886,0.6931471805599453,1.0,1.7320508075688772,2.23606797749979,0,1,0,0,1,0,0,0,0,1,0,0,0,0,0,0,0,0
44.0,1,1,429.0,1.0,2.0,1.0,1792.0,3.0,1,99.0,3.0,1.0,2.0,0,11092.0,0,1,12.0,3.0,80.0,6.0,2.0,0.6931471805599453,1.3862943611198906,1.3862943611198906,1.791759469228055,7.759187438507795,1.3862943611198906,1.4142135623730951,1.7320508075688772,1.4142135623730951,0,1,0,0,0,0,1,0,0,0,0,0,0,0,0,1,0,0
37.0,0,2,1239.0,8.0,2.0,1.0,1794.0,3.0,1,89.0,3.0,2.0,2.0,0,12832.0,0,0,13.0,3.0,80.0,19.0,2.0,1.0986122886681096,0.0,2.0794415416798357,2.3978952727983707,8.311889558230359,0.0,2.0,1.7320508075688772,2.0,1,0,0,0,0,0,0,1,0,0,1,0,0,0,0,0,0,0
35.0,1,2,303.0,27.0,3.0,1.0,1797.0,3.0,1,84.0,3.0,2.0,4.0,2,13492.0,0,1,18.0,4.0,80.0,10.0,3.0,0.6931471805599453,2.0794415416798357,2.0794415416798357,2.3978952727983707,8.668024081118821,0.0,1.4142135623730951,1.7320508075688772,2.6457513110645907,0,0,1,0,1,0,0,0,0,0,0,0,0,0,0,0,1,0
33.0,0,2,867.0,8.0,4.0,1.0,1798.0,4.0,1,90.0,4.0,1.0,1.0,1,6076.0,0,0,19.0,2.0,80.0,14.0,3.0,1.9459101490553132,2.1972245773362196,1.9459101490553132,2.3978952727983707,8.053251153549096,0.6931471805599453,1.0,1.7320508075688772,2.6457513110645907,0,1,0,0,1,0,0,0,0,0,0,0,0,0,0,1,0,0
28.0,0,2,1181.0,1.0,3.0,1.0,1799.0,3.0,1,82.0,3.0,1.0,4.0,1,5531.0,0,0,11.0,3.0,80.0,5.0,4.0,0.6931471805599453,1.3862943611198906,1.3862943611198906,1.791759469228055,7.623153068476902,0.6931471805599453,2.449489742783178,1.7320508075688772,0.0,0,1,0,0,1,0,0,0,0,0,0,0,0,0,0,1,0,0
39.0,0,2,1253.0,10.0,1.0,1.0,1800.0,3.0,1,65.0,3.0,3.0,3.0,2,7914.0,0,0,21.0,3.0,80.0,9.0,3.0,2.0794415416798357,1.3862943611198906,1.0986122886681096,1.6094379124341003,9.5078490052457,0.0,1.7320508075688772,2.0,1.4142135623730951,0,1,0,0,0,0,1,0,0,0,0,0,0,0,1,0,0,0
46.0,0,0,849.0,26.0,2.0,1.0,1801.0,2.0,1,98.0,2.0,2.0,2.0,2,25166.0,0,0,15.0,3.0,80.0,6.0,3.0,2.1972245773362196,1.0986122886681096,1.0986122886681096,1.0986122886681096,8.98619632032839,0.0,1.7320508075688772,1.7320508075688772,1.4142135623730951,0,0,1,0,1,0,0,0,0,0,0,0,0,0,0,0,1,0
40.0,0,2,616.0,2.0,2.0,1.0,1802.0,3.0,0,99.0,3.0,1.0,1.0,1,25605.0,0,0,17.0,4.0,80.0,7.0,2.0,1.6094379124341003,1.3862943611198906,1.0986122886681096,1.6094379124341003,8.125039097367745,0.6931471805599453,2.23606797749979,1.7320508075688772,0.0,0,1,0,0,1,0,0,0,0,0,0,1,0,0,0,0,0,0
42.0,0,2,1128.0,13.0,3.0,1.0,1803.0,2.0,1,95.0,4.0,2.0,1.0,1,5696.0,0,0,18.0,3.0,80.0,10.0,2.0,1.791759469228055,0.0,0.0,0.0,8.619569258033104,1.0986122886681096,1.4142135623730951,1.7320508075688772,0.0,0,1,0,0,0,0,1,0,0,1,0,0,0,0,0,0,0,0
35.0,0,0,1180.0,2.0,2.0,1.0,1804.0,2.0,1,90.0,3.0,2.0,4.0,0,24442.0,0,0,14.0,3.0,80.0,15.0,3.0,1.0986122886681096,2.0794415416798357,2.0794415416798357,2.0794415416798357,8.659213451436667,0.6931471805599453,2.449489742783178,1.7320508075688772,1.0,0,1,0,0,0,0,1,0,0,0,0,0,0,1,0,0,0,0
38.0,0,0,1336.0,2.0,3.0,1.0,1805.0,1.0,1,100.0,3.0,1.0,2.0,0,7129.0,0,0,13.0,4.0,80.0,13.0,3.0,1.791759469228055,2.3978952727983707,2.1972245773362196,2.4849066497880004,7.860570785538664,1.3862943611198906,1.7320508075688772,1.7320508075688772,1.7320508075688772,1,0,0,1,0,0,0,0,0,0,1,0,0,0,0,0,0,0
34.0,1,1,234.0,9.0,4.0,1.0,1807.0,4.0,1,93.0,3.0,2.0,1.0,1,6208.0,0,0,17.0,3.0,80.0,11.0,2.0,1.6094379124341003,0.6931471805599453,2.0794415416798357,2.0794415416798357,8.584290934948731,0.6931471805599453,1.7320508075688772,1.7320508075688772,0.0,0,1,0,0,1,0,0,0,0,0,0,1,0,0,0,0,0,0
37.0,1,2,370.0,10.0,4.0,1.0,1809.0,4.0,1,58.0,3.0,2.0,1.0,2,4992.0,0,0,15.0,2.0,80.0,10.0,1.0,0.6931471805599453,1.3862943611198906,2.1972245773362196,2.3978952727983707,8.346167594364134,0.0,2.0,1.7320508075688772,0.0,0,1,0,0,0,0,1,0,0,0,0,0,0,1,0,0,0,0
39.0,0,1,766.0,20.0,3.0,1.0,1812.0,3.0,1,83.0,3.0,2.0,4.0,0,19188.0,0,0,18.0,4.0,80.0,7.0,3.0,1.0986122886681096,0.6931471805599453,1.0986122886681096,1.0986122886681096,8.325548307161398,0.6931471805599453,2.449489742783178,1.7320508075688772,1.4142135623730951,0,0,1,0,1,0,0,0,0,0,0,0,0,0,0,0,1,0
43.0,0,0,343.0,9.0,3.0,1.0,1813.0,1.0,1,52.0,3.0,1.0,3.0,2,24978.0,0,0,13.0,3.0,80.0,7.0,2.0,1.6094379124341003,1.0986122886681096,1.0986122886681096,1.3862943611198906,7.79934339821592,0.0,1.4142135623730951,1.7320508075688772,1.0,0,1,0,0,1,0,0,0,0,0,0,0,0,0,0,1,0,0
41.0,0,2,447.0,5.0,3.0,1.0,1814.0,2.0,1,85.0,4.0,2.0,2.0,2,15530.0,0,0,12.0,1.0,80.0,11.0,1.0,1.3862943611198906,1.0986122886681096,1.0986122886681096,1.3862943611198906,8.835064935031076,0.0,1.7320508075688772,1.7320508075688772,1.0,0,1,0,0,1,0,0,0,0,1,0,0,0,0,0,0,0,0
41.0,0,2,796.0,4.0,1.0,1.0,1815.0,3.0,0,81.0,3.0,3.0,3.0,0,26458.0,0,1,13.0,4.0,80.0,23.0,4.0,0.0,2.70805020110221,1.791759469228055,3.1354942159291497,9.254165851516213,0.6931471805599453,1.7320508075688772,1.7320508075688772,3.605551275463989,0,0,1,0,0,1,0,0,0,0,0,0,0,0,0,0,1,0
30.0,0,2,1092.0,10.0,3.0,1.0,1816.0,1.0,0,64.0,3.0,3.0,3.0,2,2739.0,0,0,14.0,2.0,80.0,9.0,3.0,2.302585092994046,2.0794415416798357,1.0986122886681096,2.0794415416798357,9.176576741823373,0.0,1.7320508075688772,1.7320508075688772,0.0,0,1,0,0,0,0,1,0,0,0,0,0,0,1,0,0,0,0
26.0,1,2,920.0,20.0,2.0,1.0,1818.0,4.0,0,69.0,3.0,1.0,2.0,1,6889.0,0,1,11.0,3.0,80.0,6.0,3.0,0.0,0.6931471805599453,1.6094379124341003,1.791759469228055,7.67275789664251,0.0,1.7320508075688772,1.7320508075688772,1.0,1,0,0,0,0,0,1,0,0,0,1,0,0,0,0,0,0,0
46.0,1,2,261.0,21.0,2.0,1.0,1821.0,4.0,0,66.0,3.0,2.0,2.0,1,10842.0,0,0,22.0,4.0,80.0,13.0,4.0,1.6094379124341003,2.0794415416798357,2.0794415416798357,2.302585092994046,9.096835671179361,0.6931471805599453,1.4142135623730951,2.0,1.7320508075688772,0,1,0,0,0,0,1,0,0,1,0,0,0,0,0,0,0,0
40.0,0,2,1194.0,1.0,3.0,1.0,1822.0,3.0,0,52.0,3.0,2.0,4.0,0,9060.0,0,0,17.0,4.0,80.0,12.0,3.0,1.6094379124341003,1.3862943611198906,1.3862943611198906,1.791759469228055,8.781708985836179,0.6931471805599453,1.7320508075688772,1.7320508075688772,0.0,0,1,0,0,1,0,0,0,0,1,0,0,0,0,0,0,0,0
34.0,0,2,810.0,8.0,2.0,1.0,1823.0,2.0,1,92.0,4.0,2.0,3.0,1,22128.0,0,0,21.0,3.0,80.0,10.0,3.0,0.6931471805599453,2.1972245773362196,2.1972245773362196,2.3978952727983707,8.824677891164198,1.0986122886681096,2.23606797749979,2.0,2.0,0,0,1,0,0,0,0,0,1,0,0,0,0,0,0,0,1,0
58.0,0,0,350.0,2.0,3.0,1.0,1824.0,2.0,1,52.0,3.0,4.0,2.0,0,22577.0,0,0,22.0,4.0,80.0,34.460000000000036,2.0,1.6094379124341003,2.302585092994046,2.70805020110221,2.833213344056216,9.698429468768303,0.6931471805599453,0.0,2.0,3.605551275463989,0,0,1,0,0,0,1,0,0,0,0,0,1,0,0,0,0,0
35.0,0,2,185.0,23.0,4.0,1.0,1826.0,2.0,1,91.0,1.0,1.0,3.0,1,9696.0,0,0,16.0,2.0,80.0,6.0,4.0,0.0,1.6094379124341003,1.3862943611198906,1.791759469228055,7.903226808730733,0.6931471805599453,1.4142135623730951,1.7320508075688772,0.0,0,1,0,0,0,0,1,0,0,0,0,1,0,0,0,0,0,0
47.0,0,2,1001.0,4.0,3.0,1.0,1827.0,3.0,0,92.0,2.0,3.0,2.0,0,19271.0,0,1,12.0,3.0,80.0,28.0,3.0,2.1972245773362196,2.4849066497880004,2.3978952727983707,3.1354942159291497,9.24319470884713,0.6931471805599453,2.0,1.7320508075688772,3.605551275463989,0,1,0,0,1,0,0,0,0,0,0,0,0,1,0,0,0,0
40.0,0,2,750.0,12.0,3.0,1.0,1829.0,2.0,0,47.0,3.0,2.0,1.0,0,10748.0,0,0,12.0,2.0,80.0,15.0,3.0,1.0986122886681096,1.6094379124341003,2.0794415416798357,2.0794415416798357,8.400434630806041,0.6931471805599453,1.7320508075688772,1.7320508075688772,2.6457513110645907,0,1,0,0,1,0,0,0,0,1,0,0,0,0,0,0,0,0
54.0,0,2,431.0,7.0,4.0,1.0,1830.0,4.0,0,68.0,3.0,2.0,4.0,1,15696.0,0,0,15.0,2.0,80.0,14.0,2.0,1.6094379124341003,0.6931471805599453,2.0794415416798357,2.0794415416798357,8.832733591996416,0.6931471805599453,1.4142135623730951,1.7320508075688772,1.0,0,1,0,0,0,0,1,0,0,0,0,0,0,0,0,1,0,0
31.0,0,1,1125.0,7.0,4.0,1.0,1833.0,1.0,0,68.0,3.0,3.0,1.0,1,8277.0,0,0,14.0,4.0,80.0,9.0,3.0,1.0986122886681096,1.0986122886681096,1.0986122886681096,1.3862943611198906,9.173468897200278,1.0986122886681096,1.7320508075688772,1.7320508075688772,1.4142135623730951,0,0,1,0,0,1,0,0,0,0,0,0,0,0,0,0,1,0
28.0,0,2,1217.0,1.0,3.0,1.0,1834.0,3.0,0,67.0,3.0,1.0,1.0,1,12719.0,0,0,25.0,3.0,80.0,3.0,3.0,0.6931471805599453,1.0986122886681096,1.0986122886681096,1.3862943611198906,8.18646442942209,0.6931471805599453,1.7320508075688772,2.0,1.0,0,1,0,0,0,0,1,0,0,0,0,0,0,0,0,1,0,0
38.0,0,2,723.0,2.0,4.0,1.0,1835.0,2.0,0,77.0,1.0,2.0,4.0,1,4244.0,0,1,20.0,1.0,80.0,20.0,2.0,1.0986122886681096,1.0986122886681096,1.3862943611198906,1.6094379124341003,8.595264726836392,1.0986122886681096,2.0,2.0,0.0,0,0,1,0,0,1,0,0,0,0,0,0,0,0,0,0,0,1
26.0,0,2,572.0,10.0,3.0,1.0,1836.0,3.0,1,46.0,3.0,2.0,4.0,2,9125.0,0,0,13.0,1.0,80.0,5.0,3.0,0.6931471805599453,1.3862943611198906,1.0986122886681096,1.791759469228055,8.452121194672523,0.0,2.0,1.7320508075688772,1.0,0,0,1,0,0,0,1,0,0,0,0,0,0,0,0,0,1,0
58.0,0,1,1216.0,15.0,4.0,1.0,1837.0,1.0,1,87.0,3.0,4.0,3.0,1,21624.0,0,1,14.0,2.0,80.0,23.0,3.0,1.0986122886681096,1.0986122886681096,1.0986122886681096,1.0986122886681096,9.667005436782738,0.0,1.7320508075688772,1.7320508075688772,1.4142135623730951,0,1,0,0,1,0,0,0,0,0,0,0,0,0,1,0,0,0
18.0,0,0,1431.0,14.0,3.0,1.0,1839.0,2.0,0,33.0,3.0,1.0,3.0,2,8018.0,0,0,16.0,3.0,80.0,1.0,1.0,0.6931471805599453,0.0,0.0,0.0,7.323170717943469,0.0,2.0,1.7320508075688772,0.0,0,1,0,0,0,0,1,0,0,0,0,0,0,0,0,1,0,0
31.0,1,2,359.0,18.0,5.0,1.0,1842.0,4.0,1,89.0,4.0,1.0,1.0,1,21495.0,0,0,17.0,3.0,80.0,2.0,3.0,0.0,0.0,0.0,0.6931471805599453,7.9919305198524775,0.0,2.0,1.7320508075688772,0.0,1,0,0,1,0,0,0,0,0,0,1,0,0,0,0,0,0,0
29.0,1,2,350.0,13.0,3.0,1.0,1844.0,1.0,1,56.0,2.0,1.0,1.0,0,3157.0,0,1,15.0,4.0,80.0,4.0,3.0,1.6094379124341003,1.0986122886681096,0.0,1.0986122886681096,7.756195343948118,1.3862943611198906,1.7320508075688772,1.7320508075688772,1.4142135623730951,1,0,0,1,0,0,0,0,0,0,1,0,0,0,0,0,0,0
45.0,0,0,589.0,2.0,4.0,1.0,1845.0,3.0,0,67.0,3.0,2.0,3.0,1,19665.0,0,0,22.0,2.0,80.0,10.0,4.0,1.6094379124341003,2.0794415416798357,2.0794415416798357,2.1972245773362196,8.54772239645106,1.0986122886681096,1.7320508075688772,2.0,2.23606797749979,0,0,1,0,1,0,0,0,0,0,0,0,0,0,0,0,1,0
36.0,0,2,430.0,2.0,4.0,1.0,1847.0,4.0,0,73.0,3.0,2.0,2.0,1,19573.0,0,1,22.0,4.0,80.0,15.0,3.0,1.6094379124341003,0.0,0.0,0.6931471805599453,8.848365694942547,0.6931471805599453,1.4142135623730951,2.0,0.0,0,1,0,0,0,0,0,1,0,0,0,0,0,0,0,1,0,0
43.0,0,1,1422.0,2.0,4.0,1.0,1849.0,1.0,1,92.0,3.0,2.0,4.0,1,19246.0,0,0,20.0,3.0,80.0,7.0,3.0,0.6931471805599453,2.0794415416798357,2.0794415416798357,2.0794415416798357,8.644002038279933,0.6931471805599453,2.23606797749979,2.0,2.6457513110645907,0,0,1,0,1,0,0,0,0,0,0,0,0,0,0,0,1,0
27.0,0,1,1297.0,5.0,2.0,1.0,1850.0,4.0,0,53.0,3.0,1.0,4.0,2,19826.0,0,1,14.0,3.0,80.0,6.0,2.0,0.0,1.6094379124341003,1.0986122886681096,1.791759469228055,7.77485576666552,0.0,1.7320508075688772,1.7320508075688772,0.0,0,1,0,0,1,0,0,0,0,0,0,1,0,0,0,0,0,0
29.0,0,1,574.0,20.0,1.0,1.0,1852.0,4.0,1,40.0,3.0,1.0,4.0,1,7003.0,0,0,13.0,2.0,80.0,11.0,4.0,0.6931471805599453,2.1972245773362196,2.3978952727983707,2.4849066497880004,8.246171559857563,0.0,1.7320508075688772,1.7320508075688772,1.7320508075688772,0,1,0,0,0,0,1,0,0,0,0,1,0,0,0,0,0,0
32.0,0,1,1318.0,10.0,4.0,1.0,1853.0,4.0,1,79.0,3.0,2.0,4.0,2,26075.0,0,0,13.0,3.0,80.0,4.0,4.0,2.1972245773362196,0.0,0.0,0.0,8.444407421690585,0.0,1.4142135623730951,1.7320508075688772,0.0,0,0,1,0,0,1,0,0,0,0,0,0,0,0,0,0,1,0
42.0,0,0,355.0,10.0,4.0,1.0,1854.0,3.0,1,38.0,3.0,1.0,3.0,1,6161.0,0,0,22.0,2.0,80.0,10.0,2.0,1.3862943611198906,1.3862943611198906,1.3862943611198906,1.9459101490553132,7.98514393119862,1.0986122886681096,1.0,2.0,1.7320508075688772,0,1,0,0,0,0,0,0,1,0,0,0,0,0,0,1,0,0
47.0,0,2,207.0,9.0,4.0,1.0,1856.0,2.0,0,64.0,3.0,1.0,3.0,2,5411.0,0,0,12.0,3.0,80.0,7.0,3.0,1.6094379124341003,1.0986122886681096,0.0,1.0986122886681096,7.652545692693921,0.0,1.4142135623730951,1.7320508075688772,1.4142135623730951,0,1,0,0,1,0,0,0,0,0,0,1,0,0,0,0,0,0
46.0,0,2,706.0,2.0,2.0,1.0,1857.0,4.0,1,82.0,3.0,3.0,4.0,0,19989.0,0,0,14.0,3.0,80.0,12.0,2.0,1.3862943611198906,2.1972245773362196,2.0794415416798357,2.302585092994046,9.057072635572965,0.6931471805599453,2.0,1.7320508075688772,2.0,0,1,0,0,1,0,0,0,0,0,0,0,0,1,0,0,0,0
28.0,0,0,280.0,1.0,2.0,1.0,1858.0,3.0,1,43.0,3.0,1.0,4.0,0,10494.0,0,0,15.0,2.0,80.0,3.0,3.0,0.6931471805599453,1.0986122886681096,1.0986122886681096,1.3862943611198906,7.903596289614301,0.6931471805599453,1.4142135623730951,1.7320508075688772,1.4142135623730951,1,0,0,0,1,0,0,0,0,0,1,0,0,0,0,0,0,0
29.0,0,2,726.0,29.0,1.0,1.0,1859.0,4.0,1,93.0,1.0,2.0,3.0,0,21143.0,0,0,17.0,4.0,80.0,11.0,3.0,2.1972245773362196,0.0,1.9459101490553132,2.0794415416798357,8.76170676846664,1.0986122886681096,1.7320508075688772,1.7320508075688772,1.0,0,1,0,0,1,0,0,0,0,1,0,0,0,0,0,0,0,0
42.0,0,2,1142.0,8.0,3.0,1.0,1860.0,4.0,1,81.0,3.0,1.0,3.0,2,13624.0,0,0,13.0,4.0,80.0,8.0,3.0,1.6094379124341003,0.0,0.0,0.0,8.286269452783065,0.0,1.7320508075688772,1.7320508075688772,0.0,0,1,0,0,1,0,0,0,0,0,0,1,0,0,0,0,0,0
32.0,1,2,414.0,2.0,4.0,1.0,1862.0,3.0,1,82.0,2.0,2.0,2.0,2,26186.0,0,1,12.0,3.0,80.0,7.0,2.0,2.0794415416798357,1.0986122886681096,1.0986122886681096,1.0986122886681096,9.20109779060925,0.0,1.7320508075688772,1.7320508075688772,1.4142135623730951,0,0,1,0,0,1,0,0,0,0,0,0,0,0,0,0,1,0
46.0,0,2,1319.0,3.0,3.0,1.0,1863.0,1.0,0,45.0,4.0,4.0,1.0,0,7739.0,0,0,12.0,4.0,80.0,25.0,3.0,1.0986122886681096,2.8903717578961645,2.1972245773362196,2.995732273553991,9.489939868234607,0.6931471805599453,2.23606797749979,1.7320508075688772,1.4142135623730951,0,0,1,0,0,0,0,0,1,0,0,0,0,0,0,0,1,0
27.0,0,2,728.0,23.0,1.0,1.0,1864.0,2.0,0,36.0,2.0,2.0,3.0,1,7018.0,0,0,21.0,4.0,80.0,9.0,3.0,0.6931471805599453,2.1972245773362196,2.1972245773362196,2.302585092994046,8.172164452111904,0.6931471805599453,2.23606797749979,2.0,2.23606797749979,0,0,1,0,0,0,1,0,0,0,0,0,0,0,0,0,0,1
29.0,0,2,352.0,6.0,1.0,1.0,1865.0,4.0,1,87.0,2.0,1.0,2.0,1,15434.0,0,0,11.0,4.0,80.0,1.0,3.0,0.6931471805599453,0.0,0.0,0.6931471805599453,7.9391588179567965,0.0,1.7320508075688772,1.7320508075688772,0.0,1,0,0,0,0,0,1,0,0,0,1,0,0,0,0,0,0,0
43.0,0,2,823.0,6.0,3.0,1.0,1866.0,1.0,0,81.0,2.0,5.0,3.0,1,22539.0,0,0,13.0,4.0,80.0,21.0,3.0,2.0794415416798357,2.5649493574615367,2.70805020110221,2.833213344056216,9.872667455196241,0.0,1.4142135623730951,1.7320508075688772,2.449489742783178,0,1,0,0,0,0,1,0,0,0,0,0,1,0,0,0,0,0
48.0,0,2,1224.0,10.0,3.0,1.0,1867.0,4.0,1,91.0,2.0,5.0,2.0,1,13583.0,0,0,12.0,4.0,80.0,29.0,3.0,1.6094379124341003,2.3978952727983707,2.302585092994046,3.1354942159291497,9.884684885113385,0.0,1.7320508075688772,1.7320508075688772,3.4641016151377544,0,1,0,0,1,0,0,0,0,0,0,0,0,0,1,0,0,0
29.0,1,1,459.0,24.0,2.0,1.0,1868.0,4.0,1,73.0,2.0,1.0,4.0,2,14753.0,0,1,24.0,2.0,80.0,1.0,2.0,0.6931471805599453,0.0,0.0,0.6931471805599453,7.799753318287247,0.0,1.7320508075688772,2.0,1.0,0,1,0,0,1,0,0,0,0,0,0,0,0,0,0,1,0,0
46.0,1,2,1254.0,10.0,3.0,1.0,1869.0,3.0,0,64.0,3.0,3.0,2.0,1,14011.0,0,0,21.0,3.0,80.0,14.0,3.0,1.791759469228055,2.0794415416798357,2.0794415416798357,2.1972245773362196,8.897682313454224,1.3862943611198906,1.4142135623730951,2.0,0.0,0,0,1,0,1,0,0,0,0,0,0,0,0,0,0,0,1,0
27.0,0,1,1131.0,15.0,3.0,1.0,1870.0,4.0,0,77.0,2.0,1.0,1.0,1,23844.0,0,0,19.0,4.0,80.0,8.0,2.0,0.0,1.9459101490553132,1.3862943611198906,2.0794415416798357,8.471149252914831,0.6931471805599453,1.4142135623730951,1.7320508075688772,2.6457513110645907,0,1,0,0,1,0,0,0,0,0,0,0,0,0,0,1,0,0
39.0,0,2,835.0,19.0,4.0,1.0,1871.0,4.0,1,41.0,3.0,2.0,4.0,0,5141.0,0,0,14.0,2.0,80.0,7.0,3.0,2.1972245773362196,1.0986122886681096,1.0986122886681096,1.0986122886681096,8.269500767180615,1.3862943611198906,1.4142135623730951,1.7320508075688772,1.4142135623730951,0,1,0,0,0,0,0,1,0,0,0,0,0,0,0,1,0,0
55.0,0,2,836.0,2.0,4.0,1.0,1873.0,2.0,1,98.0,2.0,1.0,4.0,1,7975.0,0,0,20.0,2.0,80.0,19.0,4.0,2.1972245773362196,1.0986122886681096,1.6094379124341003,1.791759469228055,7.887208585813932,0.6931471805599453,1.4142135623730951,2.0,0.0,0,1,0,0,0,0,0,0,1,0,0,0,0,0,0,1,0,0
30.0,1,2,945.0,9.0,3.0,1.0,1876.0,2.0,1,89.0,3.0,1.0,4.0,2,16019.0,0,0,13.0,3.0,80.0,1.0,2.0,0.6931471805599453,0.0,0.0,0.6931471805599453,7.228649665640015,0.0,1.7320508075688772,1.7320508075688772,0.0,0,0,1,0,0,0,1,0,0,0,0,0,0,0,0,0,0,1
22.0,1,2,391.0,7.0,1.0,1.0,1878.0,4.0,1,75.0,3.0,1.0,2.0,2,26092.0,0,1,23.0,1.0,80.0,1.0,3.0,0.6931471805599453,0.0,0.0,0.6931471805599453,7.813187267521416,0.0,1.4142135623730951,2.0,0.0,0,1,0,0,1,0,0,0,0,0,0,0,0,0,0,1,0,0
36.0,0,2,1266.0,10.0,4.0,1.0,1880.0,2.0,0,63.0,2.0,2.0,3.0,1,6060.0,0,1,13.0,1.0,80.0,10.0,3.0,0.6931471805599453,2.302585092994046,2.0794415416798357,2.3978952727983707,8.643649615368796,0.6931471805599453,2.0,1.7320508075688772,1.0,0,0,1,0,0,0,0,0,1,0,0,0,0,0,0,0,1,0
31.0,0,2,311.0,20.0,3.0,1.0,1881.0,2.0,1,89.0,3.0,2.0,3.0,0,18624.0,0,0,11.0,1.0,80.0,10.0,3.0,0.6931471805599453,2.1972245773362196,1.0986122886681096,2.3978952727983707,8.342363500380579,0.6931471805599453,1.4142135623730951,1.7320508075688772,0.0,0,1,0,0,1,0,0,0,0,0,0,1,0,0,0,0,0,0
34.0,0,2,1480.0,4.0,3.0,1.0,1882.0,3.0,1,64.0,3.0,3.0,4.0,1,24444.0,0,1,13.0,4.0,80.0,9.0,3.0,1.0986122886681096,1.3862943611198906,0.0,1.791759469228055,9.18132342290569,1.3862943611198906,1.7320508075688772,1.7320508075688772,1.0,0,0,1,0,1,0,0,0,0,0,0,0,0,0,0,0,1,0
29.0,0,2,592.0,7.0,3.0,1.0,1883.0,4.0,1,59.0,3.0,1.0,1.0,2,19384.0,0,0,14.0,2.0,80.0,11.0,3.0,1.3862943611198906,1.0986122886681096,1.0986122886681096,1.3862943611198906,7.631916513071252,0.0,1.4142135623730951,1.7320508075688772,1.0,0,1,0,0,1,0,0,0,0,0,0,1,0,0,0,0,0,0
37.0,0,2,783.0,7.0,4.0,1.0,1885.0,4.0,1,78.0,3.0,2.0,1.0,1,13588.0,0,1,22.0,3.0,80.0,16.0,3.0,1.791759469228055,1.3862943611198906,1.6094379124341003,1.791759469228055,8.36287583103188,0.6931471805599453,1.4142135623730951,2.0,0.0,0,1,0,0,0,0,1,0,0,0,0,0,0,0,0,1,0,0
35.0,0,2,219.0,16.0,2.0,1.0,1886.0,4.0,0,44.0,2.0,2.0,2.0,1,25388.0,0,1,11.0,4.0,80.0,4.0,3.0,0.0,1.0986122886681096,1.0986122886681096,1.3862943611198906,8.47407690034261,0.0,1.4142135623730951,1.7320508075688772,0.0,0,1,0,0,0,0,0,1,0,0,0,0,0,1,0,0,0,0
45.0,0,2,556.0,25.0,2.0,1.0,1888.0,2.0,0,93.0,2.0,2.0,4.0,1,23888.0,0,0,13.0,4.0,80.0,10.0,2.0,0.0,2.1972245773362196,2.1972245773362196,2.302585092994046,8.683893367307235,1.0986122886681096,1.4142135623730951,1.7320508075688772,1.7320508075688772,0,1,0,0,1,0,0,0,0,0,0,0,0,1,0,0,0,0
36.0,0,1,1213.0,2.0,1.0,1.0,1890.0,2.0,1,94.0,2.0,2.0,4.0,2,4223.0,0,0,21.0,4.0,80.0,10.0,2.0,0.6931471805599453,0.6931471805599453,2.1972245773362196,2.3978952727983707,8.265392930852224,0.0,1.4142135623730951,2.0,0.0,1,0,0,1,0,0,0,0,0,0,1,0,0,0,0,0,0,0
40.0,0,2,1137.0,1.0,4.0,1.0,1892.0,1.0,1,98.0,3.0,4.0,1.0,0,18991.0,0,0,11.0,1.0,80.0,22.0,3.0,1.0986122886681096,2.0794415416798357,2.833213344056216,2.995732273553991,9.730561717382535,0.6931471805599453,1.7320508075688772,1.7320508075688772,3.3166247903554,0,1,0,0,1,0,0,0,0,0,0,0,1,0,0,0,0,0
26.0,0,2,482.0,1.0,2.0,1.0,1893.0,2.0,0,90.0,2.0,1.0,3.0,1,14908.0,0,1,13.0,3.0,80.0,1.0,2.0,0.6931471805599453,0.0,0.0,0.6931471805599453,7.984121958702927,0.6931471805599453,1.7320508075688772,1.7320508075688772,1.0,0,1,0,0,1,0,0,0,0,0,0,0,0,0,0,1,0,0
27.0,0,2,511.0,2.0,2.0,1.0,1898.0,1.0,0,89.0,4.0,2.0,3.0,2,26997.0,0,0,14.0,2.0,80.0,9.0,2.0,0.0,2.0794415416798357,2.0794415416798357,2.1972245773362196,8.77971129020447,0.0,2.23606797749979,1.7320508075688772,0.0,0,0,1,0,0,0,1,0,0,0,0,0,0,0,0,0,1,0
48.0,0,1,117.0,22.0,3.0,1.0,1900.0,4.0,0,58.0,3.0,4.0,4.0,0,2437.0,0,0,11.0,2.0,80.0,24.0,3.0,1.3862943611198906,2.8903717578961645,2.0794415416798357,3.1354942159291497,9.751210117090551,0.6931471805599453,1.7320508075688772,1.7320508075688772,2.0,0,1,0,0,0,0,1,0,0,0,0,0,1,0,0,0,0,0
44.0,0,2,170.0,1.0,4.0,1.0,1903.0,2.0,1,78.0,4.0,2.0,1.0,1,9364.0,0,0,15.0,4.0,80.0,10.0,3.0,1.0986122886681096,0.0,1.0986122886681096,1.0986122886681096,8.523970175695261,0.6931471805599453,2.23606797749979,1.7320508075688772,1.4142135623730951,0,1,0,0,1,0,0,0,0,1,0,0,0,0,0,0,0,0
34.0,1,0,967.0,16.0,4.0,1.0,1905.0,4.0,1,85.0,1.0,1.0,1.0,1,14460.0,0,1,23.0,2.0,80.0,5.0,3.0,0.6931471805599453,1.0986122886681096,0.0,1.791759469228055,7.744136627627991,0.6931471805599453,1.4142135623730951,2.0,1.7320508075688772,0,1,0,0,0,0,0,0,1,0,0,0,0,0,0,1,0,0
56.0,1,2,1162.0,24.0,2.0,1.0,1907.0,1.0,1,97.0,3.0,1.0,4.0,2,10261.0,0,0,16.0,4.0,80.0,5.0,3.0,0.6931471805599453,1.0986122886681096,0.0,1.6094379124341003,7.858640655620791,0.0,1.7320508075688772,1.7320508075688772,1.0,0,1,0,0,1,0,0,0,0,0,0,1,0,0,0,0,0,0
36.0,0,2,335.0,17.0,2.0,1.0,1908.0,3.0,1,33.0,2.0,2.0,2.0,1,16822.0,0,0,16.0,3.0,80.0,12.0,1.0,1.0986122886681096,1.0986122886681096,1.3862943611198906,1.6094379124341003,8.613956859848546,1.0986122886681096,1.0,1.7320508075688772,1.0,0,0,1,0,0,1,0,0,0,0,0,0,0,0,0,0,1,0
41.0,0,2,337.0,8.0,3.0,1.0,1909.0,3.0,0,54.0,3.0,2.0,2.0,1,26841.0,0,0,21.0,3.0,80.0,14.0,3.0,1.791759469228055,1.6094379124341003,1.6094379124341003,1.791759469228055,8.387995252944556,0.6931471805599453,1.7320508075688772,2.0,1.0,0,0,1,0,0,1,0,0,0,0,0,0,0,0,0,0,1,0
42.0,0,2,1396.0,6.0,3.0,1.0,1911.0,3.0,1,83.0,3.0,3.0,1.0,1,14842.0,0,0,13.0,2.0,80.0,18.0,4.0,2.302585092994046,2.0794415416798357,2.0794415416798357,2.639057329615259,9.499196754655733,0.6931471805599453,1.7320508075688772,1.7320508075688772,2.23606797749979,0,1,0,0,0,0,1,0,0,0,0,0,0,0,1,0,0,0
31.0,0,2,1079.0,10.0,2.0,1.0,1912.0,3.0,0,86.0,3.0,2.0,4.0,0,20115.0,0,1,11.0,4.0,80.0,8.0,3.0,1.0986122886681096,1.0986122886681096,1.6094379124341003,1.791759469228055,8.792397742356906,0.6931471805599453,1.4142135623730951,1.7320508075688772,1.0,0,0,1,0,0,0,1,0,0,0,0,0,0,0,0,0,1,0
34.0,0,2,735.0,3.0,1.0,1.0,1915.0,4.0,0,75.0,2.0,2.0,4.0,1,16495.0,0,1,12.0,3.0,80.0,9.0,2.0,1.3862943611198906,1.0986122886681096,0.6931471805599453,1.6094379124341003,9.000113045928519,0.0,1.7320508075688772,1.7320508075688772,0.0,0,0,1,0,0,0,1,0,0,0,0,0,0,0,0,0,1,0
31.0,0,2,471.0,4.0,3.0,1.0,1916.0,1.0,0,62.0,4.0,1.0,3.0,0,16031.0,0,0,12.0,2.0,80.0,4.0,2.0,2.1972245773362196,1.0986122886681096,1.0986122886681096,1.0986122886681096,8.288785810426928,0.6931471805599453,0.0,1.7320508075688772,1.4142135623730951,0,1,0,0,0,0,1,0,0,0,0,1,0,0,0,0,0,0
26.0,0,1,1096.0,6.0,3.0,1.0,1918.0,3.0,1,61.0,4.0,1.0,4.0,1,7102.0,0,0,18.0,1.0,80.0,8.0,3.0,0.0,2.0794415416798357,2.0794415416798357,2.0794415416798357,7.841885928984623,0.6931471805599453,1.7320508075688772,1.7320508075688772,2.6457513110645907,0,1,0,0,0,0,0,1,0,0,0,1,0,0,0,0,0,0
45.0,0,1,1297.0,1.0,4.0,1.0,1922.0,2.0,1,44.0,3.0,2.0,3.0,2,14511.0,0,0,12.0,3.0,80.0,12.0,3.0,1.6094379124341003,1.0986122886681096,1.3862943611198906,1.6094379124341003,8.594154232552366,0.0,1.7320508075688772,1.7320508075688772,0.0,0,1,0,0,0,0,1,0,0,1,0,0,0,0,0,0,0,0
33.0,0,2,217.0,10.0,4.0,1.0,1924.0,2.0,1,43.0,3.0,2.0,3.0,2,10410.0,0,0,14.0,2.0,80.0,10.0,2.0,0.6931471805599453,1.6094379124341003,2.302585092994046,2.3978952727983707,8.610319169405722,0.0,1.4142135623730951,1.7320508075688772,0.0,0,0,1,0,0,1,0,0,0,0,0,0,0,0,0,0,1,0
28.0,0,1,783.0,1.0,2.0,1.0,1927.0,3.0,1,42.0,2.0,2.0,4.0,1,19255.0,0,1,12.0,3.0,80.0,7.0,3.0,0.6931471805599453,2.0794415416798357,2.0794415416798357,2.0794415416798357,8.82981174915805,0.6931471805599453,1.4142135623730951,1.7320508075688772,0.0,0,0,1,0,1,0,0,0,0,0,0,0,0,0,0,0,1,0
29.0,1,1,746.0,24.0,3.0,1.0,1928.0,3.0,1,45.0,4.0,1.0,1.0,2,10642.0,0,0,17.0,4.0,80.0,1.0,3.0,0.6931471805599453,0.0,0.0,0.6931471805599453,7.228649665640015,0.0,1.7320508075688772,1.7320508075688772,0.0,0,0,1,0,0,0,0,0,1,0,0,0,0,0,0,0,0,1
39.0,0,0,1251.0,21.0,4.0,1.0,1929.0,1.0,0,32.0,1.0,2.0,3.0,1,3987.0,0,0,19.0,3.0,80.0,10.0,3.0,1.9459101490553132,1.0986122886681096,1.0986122886681096,1.3862943611198906,8.654691704601872,0.6931471805599453,1.0,1.7320508075688772,1.0,0,0,1,0,1,0,0,0,0,0,0,0,0,0,0,0,1,0
27.0,0,2,1354.0,2.0,4.0,1.0,1931.0,2.0,1,41.0,3.0,1.0,2.0,1,6073.0,0,0,11.0,3.0,80.0,6.0,2.0,0.6931471805599453,1.3862943611198906,1.0986122886681096,1.791759469228055,7.708410667257367,0.6931471805599453,1.7320508075688772,1.7320508075688772,1.0,0,1,0,0,0,0,0,0,1,0,0,0,0,0,0,1,0,0
34.0,0,1,735.0,22.0,4.0,1.0,1932.0,3.0,1,86.0,2.0,2.0,4.0,1,26496.0,0,1,15.0,2.0,80.0,16.0,3.0,0.6931471805599453,2.3978952727983707,2.4849066497880004,2.772588722239781,8.656607247198915,0.0,1.7320508075688772,1.7320508075688772,2.449489742783178,0,1,0,0,0,0,0,1,0,0,0,0,0,0,0,1,0,0
28.0,1,2,1475.0,13.0,2.0,1.0,1933.0,4.0,0,84.0,3.0,2.0,3.0,2,23352.0,0,1,11.0,4.0,80.0,6.0,3.0,1.3862943611198906,0.0,1.0986122886681096,1.0986122886681096,9.195734219586821,0.0,0.0,1.7320508075688772,1.4142135623730951,0,0,1,0,0,1,0,0,0,0,0,0,0,0,0,0,1,0
47.0,0,0,1169.0,14.0,4.0,1.0,1934.0,3.0,1,64.0,3.0,2.0,2.0,1,2125.0,0,0,18.0,3.0,80.0,16.0,4.0,2.1972245773362196,2.0794415416798357,2.0794415416798357,2.1972245773362196,8.60666819784384,0.6931471805599453,2.0,1.7320508075688772,1.0,0,1,0,0,0,0,0,0,1,0,0,0,0,0,0,1,0,0
56.0,0,2,1443.0,11.0,5.0,1.0,1935.0,4.0,0,89.0,2.0,2.0,1.0,1,20328.0,0,0,16.0,3.0,80.0,6.0,3.0,1.6094379124341003,0.0,0.0,0.0,8.59062950948942,0.6931471805599453,1.7320508075688772,1.7320508075688772,0.0,0,0,1,0,0,1,0,0,0,0,0,0,0,0,0,0,1,0
39.0,0,2,867.0,9.0,2.0,1.0,1936.0,1.0,1,87.0,3.0,2.0,1.0,1,12315.0,0,0,25.0,4.0,80.0,10.0,3.0,0.6931471805599453,0.0,2.302585092994046,2.3978952727983707,8.54714026778419,0.6931471805599453,1.7320508075688772,2.0,2.6457513110645907,0,1,0,0,0,0,1,0,0,0,0,0,0,1,0,0,0,0
38.0,0,1,1394.0,8.0,3.0,1.0,1937.0,4.0,0,58.0,2.0,2.0,2.0,0,18115.0,0,1,16.0,3.0,80.0,20.0,3.0,0.6931471805599453,2.4849066497880004,2.0794415416798357,3.044522437723423,7.665753431861699,0.6931471805599453,1.7320508075688772,1.7320508075688772,0.0,0,1,0,0,0,0,1,0,0,0,0,0,0,0,0,1,0,0
58.0,0,2,605.0,21.0,3.0,1.0,1938.0,4.0,0,72.0,3.0,4.0,4.0,1,11761.0,0,1,13.0,3.0,80.0,29.0,2.0,1.6094379124341003,0.0,0.0,0.6931471805599453,9.791214310053341,0.6931471805599453,1.4142135623730951,1.7320508075688772,0.0,0,0,1,0,1,0,0,0,0,0,0,0,1,0,0,0,0,0
32.0,1,1,238.0,5.0,2.0,1.0,1939.0,1.0,0,47.0,4.0,1.0,3.0,2,15318.0,0,1,14.0,1.0,80.0,8.0,3.0,1.3862943611198906,0.6931471805599453,1.3862943611198906,1.6094379124341003,7.796880342783522,0.0,1.4142135623730951,1.7320508075688772,0.0,0,1,0,0,1,0,0,0,0,0,0,0,0,0,0,1,0,0
38.0,0,2,1206.0,9.0,2.0,1.0,1940.0,2.0,1,71.0,3.0,1.0,4.0,0,14293.0,0,0,19.0,4.0,80.0,10.0,4.0,1.0986122886681096,1.0986122886681096,1.3862943611198906,1.791759469228055,8.470520783217808,1.0986122886681096,0.0,1.7320508075688772,0.0,0,1,0,0,1,0,0,0,0,0,0,0,0,0,0,1,0,0
49.0,0,1,1064.0,2.0,1.0,1.0,1941.0,2.0,1,42.0,3.0,5.0,4.0,1,13738.0,0,0,15.0,4.0,80.0,28.0,3.0,1.3862943611198906,1.6094379124341003,1.3862943611198906,1.791759469228055,9.860684430210819,0.0,1.7320508075688772,1.7320508075688772,2.0,0,1,0,0,1,0,0,0,0,0,0,0,0,0,1,0,0,0
42.0,0,2,419.0,12.0,4.0,1.0,1943.0,2.0,1,77.0,3.0,2.0,4.0,0,2900.0,0,1,12.0,3.0,80.0,14.0,3.0,1.3862943611198906,0.0,0.0,0.0,8.534640105019959,1.0986122886681096,2.0,1.7320508075688772,0.0,0,0,1,0,0,1,0,0,0,0,0,0,0,0,0,0,1,0
27.0,1,1,1337.0,22.0,3.0,1.0,1944.0,1.0,0,58.0,2.0,1.0,2.0,1,19555.0,0,0,12.0,1.0,80.0,1.0,3.0,0.6931471805599453,0.0,0.0,0.6931471805599453,7.9599745280805365,0.0,1.4142135623730951,1.7320508075688772,0.0,1,0,0,1,0,0,0,0,0,0,1,0,0,0,0,0,0,0
35.0,0,2,682.0,18.0,4.0,1.0,1945.0,2.0,1,71.0,3.0,2.0,1.0,1,15975.0,0,0,16.0,4.0,80.0,6.0,1.0,0.0,1.3862943611198906,1.6094379124341003,1.791759469228055,8.62371303479391,0.6931471805599453,1.4142135623730951,1.7320508075688772,0.0,0,0,1,0,0,0,1,0,0,0,0,0,0,0,0,0,1,0
28.0,0,0,1103.0,16.0,3.0,1.0,1947.0,3.0,1,49.0,3.0,1.0,3.0,2,2122.0,0,0,14.0,3.0,80.0,5.0,2.0,0.6931471805599453,1.3862943611198906,1.6094379124341003,1.791759469228055,7.6708948313621175,0.0,1.7320508075688772,1.7320508075688772,1.0,0,1,0,0,0,0,1,0,0,0,0,0,0,0,0,1,0,0
31.0,0,0,976.0,3.0,2.0,1.0,1948.0,3.0,1,48.0,3.0,1.0,1.0,0,3995.0,0,1,13.0,4.0,80.0,4.0,4.0,0.6931471805599453,1.0986122886681096,1.3862943611198906,1.6094379124341003,8.028129059431759,0.6931471805599453,1.7320508075688772,1.7320508075688772,1.4142135623730951,0,1,0,0,0,0,1,0,0,0,0,0,0,0,0,1,0,0
36.0,0,0,1351.0,9.0,4.0,1.0,1949.0,1.0,1,66.0,4.0,1.0,2.0,1,9238.0,0,0,22.0,2.0,80.0,5.0,3.0,0.6931471805599453,1.6094379124341003,1.0986122886681096,1.791759469228055,7.941295570906532,0.0,1.7320508075688772,2.0,0.0,0,1,0,0,1,0,0,0,0,0,0,1,0,0,0,0,0,0
34.0,0,2,937.0,1.0,3.0,1.0,1950.0,1.0,1,32.0,3.0,3.0,4.0,2,6770.0,0,0,21.0,1.0,80.0,14.0,2.0,0.6931471805599453,2.1972245773362196,0.6931471805599453,2.70805020110221,9.19917830726999,0.0,1.7320508075688772,2.0,1.4142135623730951,0,0,1,0,0,1,0,0,0,0,0,0,0,0,0,0,1,0
34.0,0,2,1239.0,13.0,4.0,1.0,1951.0,4.0,1,39.0,3.0,3.0,3.0,0,22914.0,0,0,18.0,3.0,80.0,9.0,2.0,0.6931471805599453,2.0794415416798357,0.6931471805599453,2.1972245773362196,9.062883902508307,0.6931471805599453,1.4142135623730951,1.7320508075688772,1.0,0,0,1,0,0,0,1,0,0,0,0,0,0,0,0,0,1,0
26.0,0,2,157.0,1.0,3.0,1.0,1952.0,3.0,1,95.0,3.0,1.0,1.0,2,20006.0,0,0,13.0,4.0,80.0,8.0,2.0,0.0,2.0794415416798357,1.9459101490553132,2.0794415416798357,7.961370201719511,0.0,2.449489742783178,1.7320508075688772,2.6457513110645907,0,1,0,0,0,0,1,0,0,0,0,1,0,0,0,0,0,0
29.0,0,2,136.0,1.0,3.0,1.0,1954.0,1.0,1,89.0,3.0,2.0,1.0,1,6225.0,0,0,12.0,1.0,80.0,6.0,2.0,0.0,1.3862943611198906,1.0986122886681096,1.791759469228055,8.589327789175437,0.6931471805599453,2.23606797749979,1.7320508075688772,0.0,0,1,0,0,1,0,0,0,0,1,0,0,0,0,0,0,0,0
32.0,0,0,1146.0,15.0,4.0,1.0,1955.0,3.0,0,34.0,3.0,2.0,4.0,0,16542.0,0,0,18.0,2.0,80.0,9.0,3.0,1.791759469228055,0.6931471805599453,1.0986122886681096,1.791759469228055,8.805075243870684,0.6931471805599453,2.449489742783178,1.7320508075688772,1.0,0,1,0,0,0,0,1,0,0,1,0,0,0,0,0,0,0,0
31.0,0,1,1125.0,1.0,3.0,1.0,1956.0,4.0,1,48.0,1.0,2.0,1.0,1,5771.0,0,0,21.0,2.0,80.0,10.0,3.0,0.6931471805599453,2.1972245773362196,2.0794415416798357,2.3978952727983707,8.517992871586802,0.0,2.449489742783178,2.0,2.8284271247461903,0,1,0,0,1,0,0,0,0,0,0,0,0,0,0,1,0,0
28.0,1,2,1404.0,17.0,3.0,1.0,1960.0,3.0,1,32.0,2.0,1.0,4.0,0,18779.0,0,0,12.0,1.0,80.0,6.0,2.0,1.791759469228055,0.6931471805599453,1.3862943611198906,1.6094379124341003,7.769800996003896,0.6931471805599453,1.4142135623730951,1.7320508075688772,0.0,0,1,0,0,0,0,0,0,1,0,0,1,0,0,0,0,0,0
38.0,0,2,1404.0,1.0,3.0,1.0,1961.0,1.0,1,59.0,2.0,1.0,1.0,2,11473.0,0,0,14.0,1.0,80.0,20.0,2.0,1.6094379124341003,0.0,0.0,0.6931471805599453,7.958227192322312,0.0,1.7320508075688772,1.7320508075688772,0.0,0,0,1,0,1,0,0,0,0,0,0,0,0,0,0,0,0,1
35.0,0,2,1224.0,7.0,4.0,1.0,1962.0,3.0,0,55.0,3.0,2.0,4.0,1,13586.0,0,1,11.0,4.0,80.0,10.0,3.0,0.6931471805599453,2.1972245773362196,2.302585092994046,2.3978952727983707,8.557374981049069,0.0,1.4142135623730951,1.7320508075688772,0.0,0,0,1,0,1,0,0,0,0,0,0,0,0,0,0,0,1,0
27.0,0,2,954.0,9.0,3.0,1.0,1965.0,4.0,1,44.0,3.0,2.0,4.0,2,5099.0,0,0,14.0,1.0,80.0,7.0,3.0,0.6931471805599453,2.0794415416798357,2.0794415416798357,2.0794415416798357,8.32020459757888,0.0,2.23606797749979,1.7320508075688772,0.0,0,0,1,0,0,1,0,0,0,0,0,0,0,0,0,0,1,0
32.0,0,2,1373.0,5.0,4.0,1.0,1966.0,4.0,1,56.0,2.0,2.0,4.0,2,10138.0,0,0,24.0,2.0,80.0,8.0,3.0,2.1972245773362196,0.0,0.0,0.6931471805599453,9.177817180270623,0.0,1.0,2.0,0.0,0,1,0,0,1,0,0,0,0,0,0,0,0,1,0,0,0,0
31.0,1,1,754.0,26.0,4.0,1.0,1967.0,1.0,1,63.0,3.0,2.0,4.0,1,21075.0,0,1,11.0,3.0,80.0,10.0,3.0,0.6931471805599453,2.0794415416798357,2.1972245773362196,2.3978952727983707,8.633731007664188,0.0,2.0,1.7320508075688772,0.0,0,0,1,0,0,1,0,0,0,0,0,0,0,0,0,0,1,0
53.0,1,2,1168.0,24.0,4.0,1.0,1968.0,1.0,1,66.0,3.0,3.0,1.0,2,5843.0,0,1,13.0,2.0,80.0,15.0,2.0,1.9459101490553132,1.0986122886681096,1.0986122886681096,1.0986122886681096,9.254261559034111,0.0,1.4142135623730951,1.7320508075688772,1.4142135623730951,0,0,1,0,1,0,0,0,0,0,0,0,0,0,0,0,1,0
54.0,0,2,155.0,9.0,2.0,1.0,1969.0,1.0,0,67.0,3.0,2.0,3.0,1,22474.0,0,0,11.0,3.0,80.0,9.0,2.0,1.3862943611198906,1.3862943611198906,1.3862943611198906,1.6094379124341003,7.971776122880628,1.0986122886681096,2.449489742783178,1.7320508075688772,1.4142135623730951,0,1,0,0,1,0,0,0,0,0,0,0,0,0,0,1,0,0
33.0,0,1,1303.0,7.0,2.0,1.0,1970.0,4.0,1,36.0,3.0,2.0,3.0,0,18079.0,0,0,20.0,3.0,80.0,9.0,3.0,0.6931471805599453,2.0794415416798357,2.1972245773362196,2.302585092994046,8.69433468816865,1.3862943611198906,1.4142135623730951,2.0,1.4142135623730951,0,1,0,0,1,0,0,0,0,1,0,0,0,0,0,0,0,0
43.0,0,2,574.0,11.0,3.0,1.0,1971.0,1.0,1,30.0,3.0,3.0,3.0,1,16873.0,0,0,17.0,2.0,80.0,10.0,3.0,0.6931471805599453,2.302585092994046,2.302585092994046,2.3978952727983707,8.924123891686012,0.6931471805599453,1.0,1.7320508075688772,0.0,0,1,0,0,1,0,0,0,0,1,0,0,0,0,0,0,0,0
38.0,0,1,1444.0,1.0,4.0,1.0,1972.0,4.0,1,88.0,3.0,1.0,2.0,1,5224.0,0,1,11.0,2.0,80.0,7.0,3.0,0.0,1.0986122886681096,1.0986122886681096,1.9459101490553132,8.003697339094368,0.6931471805599453,1.4142135623730951,1.7320508075688772,1.0,1,0,0,0,0,0,0,1,0,0,1,0,0,0,0,0,0,0
55.0,0,2,189.0,26.0,4.0,1.0,1973.0,3.0,1,71.0,4.0,5.0,2.0,1,25811.0,0,1,18.0,1.0,80.0,34.460000000000036,3.0,1.6094379124341003,2.302585092994046,1.6094379124341003,2.3978952727983707,9.884684885113385,0.6931471805599453,0.0,1.7320508075688772,1.0,1,0,0,1,0,0,0,0,0,0,0,0,1,0,0,0,0,0
31.0,0,2,1276.0,2.0,1.0,1.0,1974.0,4.0,0,59.0,1.0,1.0,4.0,0,17536.0,0,1,11.0,3.0,80.0,1.0,3.0,0.6931471805599453,0.0,0.0,0.6931471805599453,7.228649665640015,1.3862943611198906,2.0,1.7320508075688772,0.0,0,1,0,0,0,0,1,0,0,0,0,1,0,0,0,0,0,0
39.0,0,2,119.0,15.0,4.0,1.0,1975.0,2.0,1,77.0,3.0,4.0,1.0,2,25098.0,0,0,12.0,1.0,80.0,21.0,3.0,0.0,2.1972245773362196,2.3978952727983707,3.044522437723423,9.498672233269462,0.0,1.7320508075688772,1.7320508075688772,3.3166247903554,0,0,1,0,0,1,0,0,0,0,0,0,0,0,0,0,1,0
42.0,0,0,335.0,23.0,2.0,1.0,1976.0,4.0,1,37.0,2.0,2.0,3.0,2,14811.0,0,0,12.0,4.0,80.0,20.0,3.0,0.6931471805599453,2.302585092994046,2.0794415416798357,3.044522437723423,8.374015421739909,0.0,1.4142135623730951,1.7320508075688772,1.7320508075688772,0,1,0,0,1,0,0,0,0,0,0,0,0,0,0,1,0,0
31.0,0,0,697.0,10.0,3.0,1.0,1979.0,3.0,0,40.0,3.0,3.0,3.0,1,26862.0,0,0,20.0,3.0,80.0,13.0,4.0,1.6094379124341003,2.0794415416798357,2.1972245773362196,2.4849066497880004,9.308555419473137,0.6931471805599453,1.4142135623730951,2.0,2.0,0,1,0,0,0,0,1,0,0,0,0,0,0,0,1,0,0,0
54.0,0,2,157.0,10.0,3.0,1.0,1980.0,3.0,0,77.0,3.0,2.0,1.0,2,25198.0,0,1,19.0,4.0,80.0,9.0,3.0,1.9459101490553132,1.0986122886681096,1.6094379124341003,1.791759469228055,8.398634855292102,0.0,1.7320508075688772,1.7320508075688772,1.0,0,1,0,0,0,0,1,0,0,0,0,0,0,1,0,0,0,0
24.0,0,2,771.0,1.0,2.0,1.0,1981.0,2.0,1,45.0,2.0,2.0,3.0,2,14120.0,0,0,12.0,2.0,80.0,4.0,2.0,0.6931471805599453,1.3862943611198906,1.0986122886681096,1.6094379124341003,8.43771698991444,0.0,1.4142135623730951,1.7320508075688772,1.0,0,1,0,0,1,0,0,0,0,1,0,0,0,0,0,0,0,0
23.0,0,2,571.0,12.0,2.0,1.0,1982.0,4.0,1,78.0,3.0,1.0,4.0,2,13672.0,0,0,13.0,3.0,80.0,5.0,4.0,0.6931471805599453,1.0986122886681096,1.6094379124341003,1.791759469228055,7.881559917056899,0.0,2.449489742783178,1.7320508075688772,1.0,0,1,0,0,0,0,0,1,0,0,0,1,0,0,0,0,0,0
40.0,0,1,692.0,11.0,3.0,1.0,1985.0,4.0,0,73.0,3.0,2.0,3.0,1,26849.0,0,0,11.0,1.0,80.0,10.0,4.0,0.6931471805599453,2.302585092994046,1.6094379124341003,2.3978952727983707,8.752107198329362,0.6931471805599453,1.4142135623730951,1.7320508075688772,3.0,0,1,0,0,0,0,0,0,1,0,0,1,0,0,0,0,0,0
40.0,0,2,444.0,2.0,2.0,1.0,1986.0,2.0,0,92.0,3.0,2.0,2.0,1,4258.0,0,0,14.0,3.0,80.0,15.0,3.0,1.3862943611198906,2.1972245773362196,2.3978952727983707,2.4849066497880004,8.644354337032917,0.6931471805599453,2.0,1.7320508075688772,2.23606797749979,0,0,1,0,0,1,0,0,0,0,0,0,0,0,0,0,1,0
25.0,0,2,309.0,2.0,3.0,1.0,1987.0,3.0,0,82.0,3.0,1.0,2.0,1,19655.0,0,0,14.0,3.0,80.0,6.0,3.0,1.6094379124341003,0.0,1.0986122886681096,1.0986122886681096,7.690743163541872,0.0,1.7320508075688772,1.7320508075688772,1.0,1,0,0,1,0,0,0,0,0,0,1,0,0,0,0,0,0,0
30.0,0,2,911.0,1.0,2.0,1.0,1989.0,4.0,1,76.0,3.0,1.0,2.0,1,4077.0,0,0,13.0,3.0,80.0,12.0,2.0,0.6931471805599453,2.1972245773362196,2.0794415416798357,2.5649493574615367,8.229244416735913,0.0,2.449489742783178,1.7320508075688772,1.0,0,1,0,0,0,0,1,0,0,0,0,1,0,0,0,0,0,0
25.0,0,2,977.0,2.0,1.0,1.0,1992.0,4.0,1,57.0,3.0,1.0,3.0,0,7298.0,0,1,19.0,3.0,80.0,7.0,2.0,1.9459101490553132,1.0986122886681096,1.0986122886681096,1.0986122886681096,8.288534459413917,0.6931471805599453,1.4142135623730951,1.7320508075688772,0.0,0,1,0,0,0,0,0,1,0,0,0,1,0,0,0,0,0,0
47.0,0,2,1180.0,25.0,3.0,1.0,1993.0,1.0,1,84.0,3.0,3.0,3.0,2,13084.0,0,0,23.0,2.0,80.0,25.0,3.0,1.0986122886681096,2.70805020110221,2.4849066497880004,2.8903717578961645,9.063463176115423,0.0,1.7320508075688772,2.0,3.4641016151377544,0,1,0,0,0,0,1,0,0,1,0,0,0,0,0,0,0,0
33.0,0,0,1313.0,1.0,2.0,1.0,1994.0,2.0,1,59.0,2.0,1.0,3.0,0,20439.0,0,0,12.0,3.0,80.0,1.0,2.0,0.6931471805599453,0.6931471805599453,0.0,0.6931471805599453,7.605392364814934,1.3862943611198906,1.4142135623730951,1.7320508075688772,0.0,0,1,0,0,0,0,1,0,0,0,0,1,0,0,0,0,0,0
38.0,0,2,1321.0,1.0,4.0,1.0,1995.0,4.0,1,86.0,3.0,2.0,2.0,1,7636.0,0,0,15.0,1.0,80.0,16.0,3.0,0.0,2.639057329615259,2.1972245773362196,2.772588722239781,8.398634855292102,1.0986122886681096,1.7320508075688772,1.7320508075688772,2.23606797749979,0,0,1,0,1,0,0,0,0,0,0,0,0,0,0,0,1,0
31.0,0,2,1154.0,2.0,2.0,1.0,1996.0,1.0,1,54.0,3.0,1.0,3.0,1,6393.0,0,0,19.0,3.0,80.0,3.0,3.0,0.0,1.0986122886681096,1.0986122886681096,1.0986122886681096,8.028781162487146,0.6931471805599453,1.0,1.7320508075688772,1.0,0,0,1,0,1,0,0,0,0,0,0,0,0,0,0,0,0,1
38.0,0,1,508.0,6.0,4.0,1.0,1997.0,1.0,1,72.0,2.0,2.0,3.0,1,14284.0,0,0,11.0,4.0,80.0,10.0,3.0,1.0986122886681096,1.3862943611198906,2.0794415416798357,2.1972245773362196,8.579604451537634,0.6931471805599453,1.0,1.7320508075688772,2.6457513110645907,0,1,0,0,1,0,0,0,0,0,0,0,0,1,0,0,0,0
42.0,0,2,557.0,18.0,4.0,1.0,1998.0,4.0,1,35.0,3.0,2.0,1.0,0,11189.0,0,1,17.0,3.0,80.0,9.0,2.0,1.9459101490553132,1.3862943611198906,1.0986122886681096,1.6094379124341003,8.596189197642735,0.6931471805599453,1.7320508075688772,1.7320508075688772,1.0,0,1,0,0,1,0,0,0,0,0,0,0,0,0,0,1,0,0
41.0,0,2,642.0,1.0,3.0,1.0,1999.0,4.0,1,76.0,3.0,1.0,4.0,1,21412.0,0,0,22.0,1.0,80.0,12.0,3.0,1.3862943611198906,1.3862943611198906,0.0,1.791759469228055,7.931284761525891,0.6931471805599453,1.7320508075688772,2.0,1.0,0,1,0,0,1,0,0,0,0,0,0,0,0,0,0,1,0,0
47.0,0,0,1162.0,1.0,1.0,1.0,2000.0,3.0,0,98.0,3.0,3.0,2.0,1,17231.0,0,0,18.0,1.0,80.0,14.0,1.0,0.0,2.1972245773362196,2.5649493574615367,2.639057329615259,9.38915578944085,1.0986122886681096,1.7320508075688772,1.7320508075688772,2.23606797749979,0,1,0,0,0,0,1,0,0,0,0,0,0,0,1,0,0,0
35.0,0,2,1490.0,11.0,4.0,1.0,2003.0,4.0,1,43.0,3.0,1.0,3.0,1,20232.0,0,1,11.0,3.0,80.0,5.0,3.0,2.0794415416798357,1.0986122886681096,1.0986122886681096,1.0986122886681096,7.886457270977689,0.6931471805599453,1.7320508075688772,1.7320508075688772,1.4142135623730951,0,1,0,0,0,0,1,0,0,0,0,1,0,0,0,0,0,0
22.0,0,2,581.0,1.0,2.0,1.0,2007.0,4.0,1,63.0,3.0,1.0,3.0,2,17624.0,0,0,12.0,4.0,80.0,4.0,4.0,0.0,1.0986122886681096,1.0986122886681096,1.3862943611198906,8.124446855715847,0.0,1.4142135623730951,1.7320508075688772,1.0,0,1,0,0,1,0,0,0,0,0,0,0,0,0,0,1,0,0
35.0,0,2,1395.0,9.0,4.0,1.0,2008.0,2.0,1,48.0,3.0,2.0,3.0,2,18698.0,0,0,19.0,2.0,80.0,10.0,3.0,0.6931471805599453,2.0794415416798357,2.1972245773362196,2.3978952727983707,8.536799721055155,0.0,2.23606797749979,1.7320508075688772,0.0,0,1,0,0,0,0,1,0,0,0,0,0,0,0,0,1,0,0
33.0,0,2,501.0,15.0,2.0,1.0,2009.0,2.0,0,95.0,3.0,2.0,4.0,1,21653.0,0,1,13.0,1.0,80.0,10.0,3.0,0.0,2.0794415416798357,0.6931471805599453,2.302585092994046,8.492695559815838,0.6931471805599453,2.449489742783178,1.7320508075688772,2.8284271247461903,0,1,0,0,0,0,1,0,0,1,0,0,0,0,0,0,0,0
32.0,0,2,267.0,29.0,4.0,1.0,2010.0,3.0,0,49.0,2.0,1.0,2.0,2,15919.0,0,0,13.0,3.0,80.0,6.0,3.0,0.6931471805599453,1.0986122886681096,0.6931471805599453,1.9459101490553132,7.950854857719988,0.0,1.7320508075688772,1.7320508075688772,2.0,0,1,0,0,1,0,0,0,0,0,0,1,0,0,0,0,0,0
40.0,0,2,543.0,1.0,4.0,1.0,2012.0,1.0,1,83.0,3.0,1.0,4.0,1,4060.0,0,0,19.0,3.0,80.0,8.0,2.0,2.1972245773362196,0.0,0.0,0.6931471805599453,7.786136437783072,1.0986122886681096,1.7320508075688772,1.7320508075688772,0.0,0,1,0,0,1,0,0,0,0,0,0,1,0,0,0,0,0,0
32.0,0,2,234.0,1.0,4.0,1.0,2013.0,2.0,1,68.0,2.0,1.0,2.0,1,18024.0,0,0,14.0,2.0,80.0,3.0,3.0,0.0,1.0986122886681096,1.0986122886681096,1.0986122886681096,7.727535110475448,0.6931471805599453,1.4142135623730951,1.7320508075688772,1.4142135623730951,0,0,1,0,0,0,1,0,0,0,0,0,0,0,0,0,0,1
39.0,0,2,116.0,24.0,1.0,1.0,2014.0,1.0,1,52.0,3.0,2.0,4.0,2,5340.0,0,0,13.0,1.0,80.0,18.0,3.0,2.0794415416798357,2.0794415416798357,2.0794415416798357,2.0794415416798357,8.32093496888341,0.0,1.4142135623730951,1.7320508075688772,1.0,0,1,0,0,1,0,0,0,0,0,0,0,0,0,0,1,0,0
38.0,0,2,201.0,10.0,3.0,1.0,2015.0,2.0,0,99.0,1.0,3.0,3.0,1,3376.0,0,0,12.0,1.0,80.0,20.0,3.0,1.3862943611198906,2.833213344056216,2.4849066497880004,2.9444389791664403,9.488502271043805,0.6931471805599453,1.7320508075688772,1.7320508075688772,1.0,0,1,0,0,0,0,1,0,0,0,0,0,0,0,1,0,0,0
32.0,0,2,801.0,1.0,4.0,1.0,2016.0,3.0,0,48.0,3.0,3.0,4.0,1,24032.0,0,0,19.0,3.0,80.0,14.0,3.0,0.6931471805599453,2.3978952727983707,2.0794415416798357,2.70805020110221,9.251770181739323,1.0986122886681096,1.7320508075688772,1.7320508075688772,2.23606797749979,0,0,1,0,0,1,0,0,0,0,0,0,0,0,0,0,1,0
37.0,0,2,161.0,10.0,3.0,1.0,2017.0,3.0,0,42.0,4.0,3.0,4.0,1,15471.0,0,1,25.0,1.0,80.0,16.0,3.0,0.6931471805599453,2.4849066497880004,2.1972245773362196,2.833213344056216,9.528430400599346,0.6931471805599453,1.4142135623730951,2.0,2.449489742783178,0,1,0,0,1,0,0,0,0,0,0,0,0,0,1,0,0,0
25.0,0,2,1382.0,8.0,2.0,1.0,2018.0,1.0,0,85.0,3.0,2.0,3.0,0,13684.0,0,1,22.0,2.0,80.0,6.0,2.0,0.0,1.3862943611198906,1.6094379124341003,1.791759469228055,8.498621805830801,0.6931471805599453,1.7320508075688772,2.0,0.0,0,0,1,0,0,0,0,1,0,0,0,0,0,0,0,0,1,0
52.0,0,0,585.0,29.0,4.0,1.0,2019.0,1.0,1,40.0,3.0,1.0,4.0,0,19788.0,0,0,15.0,2.0,80.0,16.0,2.0,1.0986122886681096,2.1972245773362196,0.0,2.302585092994046,8.155649270366002,1.0986122886681096,1.7320508075688772,1.7320508075688772,0.0,0,0,1,0,1,0,0,0,0,0,0,0,0,0,0,0,0,1
44.0,0,2,1037.0,1.0,3.0,1.0,2020.0,2.0,1,42.0,3.0,1.0,4.0,2,13422.0,0,1,12.0,3.0,80.0,6.0,3.0,1.9459101490553132,1.3862943611198906,1.0986122886681096,1.6094379124341003,7.798523053625206,0.0,1.4142135623730951,1.7320508075688772,1.0,0,1,0,0,0,0,1,0,0,0,0,0,0,0,0,1,0,0
21.0,0,2,501.0,5.0,1.0,1.0,2021.0,3.0,1,58.0,3.0,1.0,1.0,2,25479.0,0,1,11.0,4.0,80.0,2.0,3.0,0.6931471805599453,1.0986122886681096,1.0986122886681096,1.0986122886681096,7.7752758464868625,0.0,2.449489742783178,1.7320508075688772,1.0,0,0,1,0,0,0,1,0,0,0,0,0,0,0,0,0,0,1
39.0,0,0,105.0,9.0,3.0,1.0,2022.0,4.0,1,87.0,3.0,5.0,4.0,2,15302.0,0,0,13.0,3.0,80.0,21.0,2.0,1.0986122886681096,0.0,1.3862943611198906,1.9459101490553132,9.874676470682008,0.0,1.7320508075688772,1.7320508075688772,1.0,0,1,0,0,1,0,0,0,0,0,0,0,1,0,0,0,0,0
23.0,1,1,638.0,9.0,3.0,1.0,2023.0,4.0,1,33.0,3.0,1.0,1.0,1,26956.0,0,0,19.0,1.0,80.0,1.0,2.0,0.6931471805599453,0.0,0.0,0.6931471805599453,7.490529402060711,0.6931471805599453,1.7320508075688772,1.7320508075688772,1.0,0,0,1,0,0,1,0,0,0,0,0,0,0,0,0,0,0,1
36.0,0,1,688.0,4.0,2.0,1.0,2025.0,4.0,0,97.0,3.0,2.0,2.0,0,9192.0,0,0,13.0,2.0,80.0,18.0,3.0,2.0794415416798357,1.0986122886681096,1.0986122886681096,1.6094379124341003,8.543250725735527,1.3862943611198906,1.7320508075688772,1.7320508075688772,0.0,0,1,0,0,1,0,0,0,0,0,0,0,0,1,0,0,0,0
56.0,0,0,667.0,1.0,4.0,1.0,2026.0,3.0,1,57.0,3.0,2.0,3.0,0,26236.0,0,0,21.0,1.0,80.0,13.0,2.0,0.6931471805599453,2.5649493574615367,2.302585092994046,2.639057329615259,8.749415406663651,0.6931471805599453,1.4142135623730951,2.0,1.0,0,1,0,0,1,0,0,0,0,1,0,0,0,0,0,0,0,0
29.0,1,2,1092.0,1.0,4.0,1.0,2027.0,1.0,1,36.0,3.0,1.0,4.0,1,26124.0,0,1,14.0,2.0,80.0,4.0,4.0,2.302585092994046,1.0986122886681096,1.0986122886681096,1.0986122886681096,8.473868066677865,1.3862943611198906,1.7320508075688772,1.7320508075688772,1.4142135623730951,0,1,0,0,0,0,1,0,0,0,0,0,0,0,0,1,0,0
42.0,0,2,300.0,2.0,3.0,1.0,2031.0,1.0,1,56.0,3.0,5.0,3.0,1,17312.0,0,0,11.0,1.0,80.0,24.0,2.0,1.791759469228055,1.9459101490553132,2.70805020110221,3.1354942159291497,9.845911404398532,0.0,1.4142135623730951,1.7320508075688772,2.0,0,1,0,0,1,0,0,0,0,0,0,0,1,0,0,0,0,0
56.0,1,2,310.0,7.0,2.0,1.0,2032.0,4.0,1,72.0,3.0,1.0,3.0,1,3666.0,0,0,11.0,4.0,80.0,14.0,1.0,2.1972245773362196,2.302585092994046,2.1972245773362196,2.3978952727983707,7.757906208351747,0.6931471805599453,2.0,1.7320508075688772,3.0,0,1,0,0,0,0,0,0,1,0,0,1,0,0,0,0,0,0
41.0,0,2,582.0,28.0,4.0,1.0,2034.0,1.0,0,60.0,2.0,4.0,2.0,1,5640.0,0,0,23.0,3.0,80.0,21.0,3.0,0.0,2.0794415416798357,2.3978952727983707,3.044522437723423,9.51569044208137,0.6931471805599453,1.7320508075688772,2.0,0.0,0,1,0,0,1,0,0,0,0,0,0,0,0,1,0,0,0,0
34.0,0,2,704.0,28.0,3.0,1.0,2035.0,4.0,0,95.0,2.0,2.0,3.0,1,8978.0,0,0,21.0,4.0,80.0,8.0,3.0,0.6931471805599453,2.0794415416798357,2.0794415416798357,2.1972245773362196,8.811801223938751,1.0986122886681096,1.4142135623730951,2.0,1.0,0,0,1,0,0,1,0,0,0,0,0,0,0,0,0,0,1,0
36.0,0,0,301.0,15.0,4.0,1.0,2036.0,4.0,1,88.0,1.0,2.0,4.0,0,10436.0,0,0,24.0,1.0,80.0,15.0,2.0,0.6931471805599453,2.5649493574615367,2.4849066497880004,2.772588722239781,8.595449689382004,0.6931471805599453,2.0,2.0,3.3166247903554,0,0,1,0,0,1,0,0,0,0,0,0,0,0,0,0,1,0
41.0,0,2,930.0,3.0,3.0,1.0,2037.0,3.0,1,57.0,2.0,2.0,2.0,0,12227.0,0,0,11.0,3.0,80.0,14.0,3.0,1.0986122886681096,1.6094379124341003,1.6094379124341003,1.791759469228055,9.098179005087852,0.6931471805599453,2.23606797749979,1.7320508075688772,0.0,0,0,1,0,1,0,0,0,0,0,0,0,0,0,0,0,1,0
32.0,0,2,529.0,2.0,3.0,1.0,2038.0,4.0,1,78.0,3.0,1.0,1.0,2,11288.0,0,0,14.0,4.0,80.0,4.0,3.0,0.6931471805599453,1.0986122886681096,1.0986122886681096,1.6094379124341003,7.799753318287247,0.0,2.0,1.7320508075688772,1.0,0,1,0,0,0,0,0,0,1,0,0,0,0,0,0,1,0,0
35.0,0,2,1146.0,26.0,4.0,1.0,2040.0,3.0,0,31.0,3.0,3.0,4.0,2,16642.0,0,1,16.0,3.0,80.0,9.0,3.0,0.6931471805599453,0.0,2.0794415416798357,2.302585092994046,9.086815885690685,0.0,1.4142135623730951,1.7320508075688772,1.0,1,0,0,0,1,0,0,0,0,0,1,0,0,0,0,0,0,0
38.0,0,2,345.0,10.0,2.0,1.0,2041.0,1.0,0,100.0,3.0,2.0,4.0,1,5982.0,0,0,11.0,3.0,80.0,10.0,3.0,0.6931471805599453,2.0794415416798357,2.302585092994046,2.3978952727983707,8.583729715216482,0.6931471805599453,1.0,1.7320508075688772,1.0,0,0,1,0,1,0,0,0,0,0,0,0,0,0,0,0,1,0
50.0,1,1,878.0,1.0,4.0,1.0,2044.0,2.0,1,94.0,3.0,2.0,3.0,0,14255.0,0,0,12.0,4.0,80.0,12.0,3.0,2.0794415416798357,1.3862943611198906,0.6931471805599453,1.9459101490553132,8.814181823188317,1.0986122886681096,1.7320508075688772,1.7320508075688772,0.0,0,0,1,0,1,0,0,0,0,0,0,0,0,0,0,0,1,0
36.0,0,2,1120.0,11.0,4.0,1.0,2045.0,2.0,0,100.0,2.0,2.0,4.0,1,14369.0,0,0,13.0,1.0,80.0,8.0,2.0,1.6094379124341003,1.3862943611198906,0.0,1.9459101490553132,8.802823159741887,0.6931471805599453,1.4142135623730951,1.7320508075688772,0.0,0,0,1,0,0,1,0,0,0,0,0,0,0,0,0,0,1,0
45.0,0,2,374.0,20.0,3.0,1.0,2046.0,4.0,0,50.0,3.0,2.0,3.0,2,23333.0,0,0,15.0,3.0,80.0,8.0,3.0,2.1972245773362196,1.3862943611198906,0.6931471805599453,1.791759469228055,8.486940148245216,0.0,1.7320508075688772,1.7320508075688772,0.0,0,0,1,0,1,0,0,0,0,0,0,0,0,0,0,0,1,0
40.0,0,2,1322.0,2.0,4.0,1.0,2048.0,3.0,1,52.0,2.0,1.0,3.0,2,2725.0,0,0,14.0,4.0,80.0,8.0,3.0,1.0986122886681096,1.0986122886681096,1.0986122886681096,1.0986122886681096,7.940939762327791,0.0,1.4142135623730951,1.7320508075688772,1.4142135623730951,0,1,0,0,1,0,0,0,0,0,0,0,0,0,0,1,0,0
35.0,0,1,1199.0,18.0,4.0,1.0,2049.0,3.0,1,80.0,3.0,2.0,3.0,1,24594.0,0,1,14.0,4.0,80.0,10.0,4.0,0.6931471805599453,1.0986122886681096,1.0986122886681096,2.3978952727983707,8.646465527120377,1.0986122886681096,1.4142135623730951,1.7320508075688772,0.0,0,1,0,0,1,0,0,0,0,1,0,0,0,0,0,0,0,0
40.0,0,2,1194.0,2.0,4.0,1.0,2051.0,3.0,0,98.0,3.0,1.0,3.0,1,12549.0,0,0,14.0,2.0,80.0,20.0,3.0,1.0986122886681096,1.3862943611198906,1.0986122886681096,1.791759469228055,7.601901959875166,1.3862943611198906,1.4142135623730951,1.7320508075688772,0.0,0,1,0,0,0,0,1,0,0,0,0,0,0,0,0,1,0,0
35.0,0,2,287.0,1.0,4.0,1.0,2052.0,3.0,0,62.0,1.0,1.0,4.0,1,8952.0,0,0,12.0,4.0,80.0,4.0,3.0,0.6931471805599453,1.3862943611198906,0.6931471805599453,1.6094379124341003,7.999007213243955,0.6931471805599453,2.23606797749979,1.7320508075688772,1.0,0,1,0,0,1,0,0,0,0,0,0,0,0,0,0,1,0,0
29.0,0,2,1378.0,13.0,2.0,1.0,2053.0,4.0,1,46.0,2.0,2.0,2.0,1,23679.0,0,1,13.0,1.0,80.0,10.0,3.0,1.6094379124341003,1.3862943611198906,1.3862943611198906,1.6094379124341003,8.300528606199737,0.6931471805599453,1.4142135623730951,1.7320508075688772,0.0,0,1,0,0,0,0,0,1,0,0,0,1,0,0,0,0,0,0
29.0,0,2,468.0,28.0,4.0,1.0,2054.0,4.0,0,73.0,2.0,1.0,1.0,2,8489.0,0,0,14.0,2.0,80.0,5.0,1.0,0.6931471805599453,1.6094379124341003,1.6094379124341003,1.791759469228055,8.239065331769268,0.0,1.7320508075688772,1.7320508075688772,0.0,0,1,0,0,0,0,1,0,0,0,0,0,0,0,0,1,0,0
50.0,1,2,410.0,28.0,3.0,1.0,2055.0,4.0,1,39.0,2.0,3.0,1.0,0,16586.0,0,1,13.0,2.0,80.0,20.0,3.0,1.6094379124341003,1.0986122886681096,0.0,1.3862943611198906,9.292381082312392,0.6931471805599453,1.7320508075688772,1.7320508075688772,1.4142135623730951,0,0,1,0,0,1,0,0,0,0,0,0,0,0,0,0,1,0
39.0,0,2,722.0,24.0,1.0,1.0,2056.0,2.0,0,60.0,2.0,4.0,4.0,1,8828.0,0,0,11.0,1.0,80.0,21.0,2.0,0.0,2.302585092994046,1.9459101490553132,3.044522437723423,9.39532504618962,0.6931471805599453,1.4142135623730951,1.7320508075688772,3.0,0,0,1,0,0,1,0,0,0,0,0,0,0,0,0,0,1,0
31.0,0,0,325.0,5.0,3.0,1.0,2057.0,2.0,1,74.0,3.0,2.0,1.0,2,3787.0,0,0,19.0,2.0,80.0,10.0,3.0,0.0,1.6094379124341003,2.0794415416798357,2.302585092994046,9.204020443231363,0.0,1.4142135623730951,1.7320508075688772,1.0,0,1,0,0,0,0,1,0,0,0,0,0,0,1,0,0,0,0
26.0,0,2,1167.0,5.0,3.0,1.0,2060.0,4.0,0,30.0,2.0,1.0,3.0,2,21378.0,0,0,18.0,4.0,80.0,5.0,3.0,0.0,1.0986122886681096,0.0,1.6094379124341003,7.995306620290822,0.0,1.4142135623730951,1.7320508075688772,0.0,0,0,1,0,0,0,0,1,0,0,0,0,0,0,0,0,0,1
36.0,0,1,884.0,23.0,2.0,1.0,2061.0,3.0,1,41.0,4.0,2.0,4.0,1,12290.0,0,0,17.0,3.0,80.0,17.0,3.0,1.6094379124341003,1.0986122886681096,1.3862943611198906,1.791759469228055,7.85243908535751,0.6931471805599453,1.7320508075688772,1.7320508075688772,0.0,0,1,0,0,0,0,1,0,0,0,0,1,0,0,0,0,0,0
39.0,0,2,613.0,6.0,1.0,1.0,2062.0,4.0,1,42.0,2.0,3.0,1.0,1,21457.0,0,0,15.0,1.0,80.0,9.0,3.0,1.6094379124341003,2.0794415416798357,2.0794415416798357,2.0794415416798357,9.209540051805414,0.6931471805599453,2.23606797749979,1.7320508075688772,1.0,0,1,0,0,0,0,1,0,0,1,0,0,0,0,0,0,0,0
27.0,0,2,155.0,4.0,3.0,1.0,2064.0,2.0,1,87.0,4.0,2.0,2.0,1,5174.0,0,1,20.0,2.0,80.0,6.0,3.0,0.6931471805599453,1.0986122886681096,1.3862943611198906,1.9459101490553132,8.723068501163928,0.6931471805599453,0.0,2.0,0.0,0,1,0,0,1,0,0,0,0,0,0,0,0,1,0,0,0,0
49.0,0,1,1023.0,2.0,3.0,1.0,2065.0,4.0,1,63.0,2.0,2.0,2.0,1,13243.0,0,0,14.0,4.0,80.0,17.0,2.0,1.0986122886681096,1.9459101490553132,2.1972245773362196,2.302585092994046,8.592486175451668,0.0,1.7320508075688772,1.7320508075688772,0.0,0,0,1,0,0,0,1,0,0,0,0,0,0,0,0,0,1,0
34.0,0,2,628.0,8.0,3.0,1.0,2068.0,2.0,1,82.0,4.0,2.0,3.0,1,10228.0,0,0,12.0,1.0,80.0,6.0,4.0,1.0986122886681096,1.3862943611198906,1.0986122886681096,1.6094379124341003,8.39049553837028,0.0,1.7320508075688772,1.7320508075688772,1.0,0,1,0,0,0,0,1,0,0,0,0,1,0,0,0,0,0,0
