MonthlyIncome_log,Age,OverTime,DailyRate,DistanceFromHome,TotalWorkingYears,MonthlyRate,EmployeeNumber,HourlyRate,YearsAtCompany_log,PercentSalaryHike,NumCompaniesWorked_log,YearsWithCurrManager_log,EnvironmentSatisfaction,StockOptionLevel_log,YearsInCurrentRole_log,WorkLifeBalance,YearsSinceLastPromotion_sqrt,RelationshipSatisfaction,JobInvolvement,JobSatisfaction,TrainingTimesLastYear_sqrt,MaritalStatus,JobLevel,Education,BusinessTravel,Low_Income_Experience_Ratio,Work_Burden_Score,Career_Stagnation,Job_Hopper,Low_Company_Investment,Overall_Satisfaction,Total_Engagement,Work_Life_Imbalance,Manager_Issues,Promotion_Delay_Ratio,Total_Compensation_Score,Underpaid,Career_Plateau,Young_Talent_Risk,Burnout_Risk,New_Employee,High_Mobility,Age_Satisfaction_Interact,OT_Distance_Interact,Travel_Family_Impact
8.69851424787661,41.0,1,1102.0,1.0,8.0,19479.0,1.0,94.0,1.9459101490553128,11.0,2.19722457733622,1.791759469228055,2.0,0.0,1.6094379124341005,1.0,0.0,1.0,3.0,4.0,0.0,2,2.0,2.0,2,0.9665015830974011,0.1,0.0,1,1,2.3,12.0,5.1,0,0.0,0.7203908647732506,0,0,0,0,0,0,-1.7000000000000002,1.0,0
7.645397699428633,37.0,1,1373.0,2.0,7.0,2396.0,4.0,92.0,0.0,15.0,1.9459101490553128,0.0,4.0,0.0,0.0,3.0,0.0,2.0,2.0,3.0,1.7320508075688772,2,1.0,2.0,2,0.9556747124285792,0.2,0.0,1,0,3.0999999999999996,6.0,3.2,1,0.0,0.4911382895356495,0,0,0,0,1,0,2.700000000000001,2.0,0
7.975908360165538,33.0,1,1392.0,3.0,8.0,23159.0,5.0,56.0,2.19722457733622,11.0,0.6931471805599453,0.0,4.0,0.0,2.079441541679836,3.0,1.7320508075688772,3.0,3.0,3.0,1.7320508075688772,1,1.0,4.0,1,0.886212040018393,0.3,5.5377554111542615,0,0,3.25,9.0,3.3,0,0.5417357353770694,0.6054984089193984,0,0,0,0,0,0,5.25,3.0,1
8.15162164696975,27.0,0,591.0,2.0,6.0,16632.0,7.0,40.0,1.0986122886681096,12.0,2.302585092994046,1.0986122886681096,1.0,0.6931471805599453,1.0986122886681096,3.0,1.4142135623730951,4.0,3.0,2.0,1.7320508075688772,1,1.0,1.0,2,1.1645173781385356,0.0,2.9678859607972816,1,0,2.3,6.0,1.2,0,0.6738803398843289,0.356032760523026,0,0,0,0,0,0,22.1,0.0,2
8.029107054619736,32.0,0,1005.0,2.0,8.0,11864.0,8.0,79.0,2.079441541679836,13.0,0.0,1.9459101490553128,4.0,0.0,2.079441541679836,2.0,1.7320508075688772,3.0,3.0,4.0,1.4142135623730951,2,1.0,2.0,1,0.8921230060688595,0.0,5.333749209127708,0,0,3.3499999999999996,12.0,2.2,0,0.562456141519752,0.5100122120757731,0,0,0,0,0,0,5.200000000000003,0.0,0
7.890208213109961,59.0,1,1324.0,3.0,12.0,9964.0,10.0,81.0,0.6931471805599453,20.0,1.6094379124341005,0.0,3.0,1.3862943611198906,0.0,2.0,0.0,1.0,4.0,1.0,1.7320508075688772,1,1.0,3.0,2,0.6069390933161508,0.3,0.0,1,0,1.75,4.0,4.3,1,0.0,0.5420953187074716,0,0,0,0,1,0,-42.75,3.0,2
7.898782356970309,30.0,0,1358.0,24.0,1.0,13335.0,11.0,67.0,0.6931471805599453,22.0,0.6931471805599453,0.0,4.0,0.6931471805599453,0.0,3.0,0.0,2.0,3.0,3.0,1.4142135623730951,0,1.0,1.0,2,3.9493911784851545,0.0,0.0,0,0,3.0999999999999996,9.0,3.4,1,0.0,0.5328254155530987,0,0,0,0,1,1,9.000000000000004,0.0,4
9.16188515170678,38.0,0,216.0,23.0,10.0,8787.0,12.0,44.0,2.302585092994046,21.0,0.0,2.19722457733622,4.0,0.0,2.079441541679836,3.0,1.0,2.0,2.0,3.0,1.4142135623730951,2,3.0,3.0,1,0.8328986501551618,0.0,3.302585092994046,0,0,3.0999999999999996,6.0,3.3,0,0.30279310656411385,0.31955245182902425,1,0,0,0,0,0,1.8000000000000007,0.0,0
8.563695025067657,36.0,0,1299.0,27.0,17.0,16577.0,13.0,94.0,2.079441541679836,13.0,1.9459101490553128,2.079441541679836,3.0,1.0986122886681096,2.079441541679836,2.0,2.6457513110645907,2.0,3.0,3.0,1.7320508075688772,1,2.0,3.0,2,0.47576083472598096,0.0,8.147436496246192,1,0,2.5999999999999996,9.0,4.7,0,0.8591659478690193,0.7138243899732376,0,1,0,0,0,0,5.600000000000001,0.0,2
7.794411205726601,35.0,0,809.0,16.0,6.0,16479.0,14.0,84.0,1.791759469228055,13.0,0.0,1.3862943611198906,1.0,0.6931471805599453,1.6094379124341005,3.0,0.0,3.0,4.0,2.0,2.23606797749979,1,1.0,3.0,2,1.1134873151038003,0.0,0.0,0,0,2.15,8.0,2.6,0,0.0,0.5170294255185369,0,0,0,0,0,0,9.25,0.0,2
8.341410211461865,29.0,1,153.0,15.0,10.0,12682.0,15.0,49.0,2.302585092994046,12.0,0.0,2.19722457733622,4.0,0.0,1.791759469228055,3.0,0.0,4.0,2.0,3.0,1.7320508075688772,2,2.0,2.0,2,0.7583100192238059,1.5,0.0,0,0,3.4,6.0,4.5,0,0.0,0.28800659501413184,1,0,0,0,0,0,6.600000000000001,15.0,0
7.976595409316577,31.0,0,670.0,26.0,5.0,15170.0,16.0,31.0,1.791759469228055,17.0,0.6931471805599453,1.3862943611198906,1.0,0.6931471805599453,1.0986122886681096,2.0,2.0,4.0,3.0,3.0,1.0,0,1.0,1.0,2,1.3294325682194295,0.0,5.58351893845611,0,0,2.4,9.0,4.6,0,0.7163940955676302,0.30687718307110123,0,0,0,0,0,1,14.4,0.0,4
7.886832998955057,34.0,0,1346.0,19.0,3.0,8758.0,18.0,93.0,1.0986122886681096,11.0,0.0,1.0986122886681096,2.0,0.6931471805599453,1.0986122886681096,3.0,1.0,3.0,3.0,4.0,1.4142135623730951,0,1.0,2.0,2,1.9717082497387644,0.0,2.0986122886681096,0,0,3.0999999999999996,12.0,2.9,0,0.4765053580405044,0.5764657737251826,0,0,0,0,0,1,5.400000000000002,0.0,4
7.615298339825815,28.0,1,103.0,24.0,6.0,12947.0,19.0,50.0,1.6094379124341005,14.0,1.791759469228055,1.3862943611198906,3.0,0.0,1.0986122886681096,3.0,0.0,2.0,2.0,3.0,2.0,2,1.0,3.0,2,1.0878997628322593,2.4,0.0,1,0,2.8499999999999996,6.0,5.4,0,0.0,0.21694491965398774,0,0,1,0,0,0,13.800000000000004,24.0,0
9.208438564686588,29.0,0,1389.0,21.0,10.0,10195.0,20.0,51.0,2.3978952727983707,11.0,0.6931471805599453,2.19722457733622,2.0,0.6931471805599453,2.302585092994046,3.0,2.8284271247461903,3.0,4.0,1.0,1.0,0,3.0,4.0,2,0.8371307786078717,0.0,9.610699156629767,0,0,2.05,4.0,3.1,0,0.8324056210292823,0.5729821135685759,0,0,0,0,0,1,21.450000000000003,0.0,4
8.101374671228582,32.0,1,334.0,5.0,7.0,15053.0,21.0,80.0,1.9459101490553128,12.0,0.0,1.791759469228055,1.0,1.0986122886681096,1.0986122886681096,2.0,0.0,4.0,4.0,2.0,2.23606797749979,0,1.0,2.0,2,1.0126718339035727,0.5,0.0,0,0,2.05,8.0,4.5,0,0.0,0.43231875278832593,0,0,0,0,0,1,15.600000000000001,5.0,4
9.64393931932812,53.0,0,1219.0,2.0,31.0,22021.0,23.0,78.0,3.258096538021482,16.0,1.0986122886681096,2.079441541679836,1.0,0.0,2.19722457733622,3.0,1.7320508075688772,3.0,2.0,4.0,1.7320508075688772,1,4.0,4.0,2,0.3013731037290038,0.0,7.3752395473863475,0,0,2.8499999999999996,8.0,1.2,0,0.4067664488352986,0.7986910744557989,0,0,0,0,0,0,-14.950000000000005,0.0,2
8.280204233279974,38.0,1,371.0,2.0,6.0,4306.0,24.0,45.0,1.3862943611198906,11.0,1.791759469228055,1.0986122886681096,4.0,0.0,1.0986122886681096,3.0,1.0,3.0,3.0,4.0,1.7320508075688772,2,1.0,3.0,2,1.1828863190399963,0.2,2.386294361119891,1,0,3.5999999999999996,12.0,3.2,0,0.41905978419640516,0.22289251907300628,0,0,0,0,0,0,0.8000000000000007,2.0,0
8.297045149081827,24.0,0,673.0,11.0,5.0,8232.0,26.0,96.0,1.6094379124341005,18.0,0.0,1.3862943611198906,1.0,0.6931471805599453,1.0986122886681096,2.0,1.0,4.0,4.0,3.0,2.23606797749979,0,2.0,2.0,0,1.3828408581803044,0.0,2.6094379124341005,0,0,2.4,12.0,3.1,0,0.383224293337255,0.5000746696517567,0,0,0,0,0,1,25.6,0.0,0
8.133880887949207,36.0,0,1218.0,9.0,10.0,6986.0,27.0,82.0,1.791759469228055,23.0,2.079441541679836,1.3862943611198906,3.0,0.0,1.3862943611198906,3.0,0.0,2.0,2.0,1.0,2.0,2,1.0,4.0,2,0.7394437170862915,0.0,0.0,1,0,2.15,2.0,1.9,0,0.0,0.5197396852189445,0,0,0,0,0,0,7.4,0.0,0
9.392245175273796,34.0,0,419.0,7.0,13.0,21293.0,28.0,53.0,2.5649493574615367,11.0,0.0,2.4849066497880004,1.0,0.0,1.9459101490553128,3.0,1.4142135623730951,3.0,3.0,2.0,2.0,2,3.0,4.0,2,0.6708746553766998,0.0,5.041599730495356,0,0,2.15,6.0,1.7,0,0.39669948169477004,0.5352428917356914,0,0,0,0,0,0,11.100000000000001,0.0,0
7.228649665640015,21.0,0,391.0,15.0,1.0,19281.0,30.0,96.0,0.0,14.0,0.6931471805599453,0.0,3.0,0.0,0.0,3.0,0.0,4.0,3.0,4.0,2.449489742783178,2,1.0,2.0,2,3.6143248328200075,0.0,0.0,0,0,3.5,12.0,2.5,0,0.0,0.45995785005620804,0,0,0,0,1,0,9.5,0.0,0
7.993282328101591,34.0,0,699.0,6.0,8.0,17102.0,31.0,83.0,1.6094379124341005,11.0,1.0986122886681096,1.3862943611198906,2.0,0.0,1.0986122886681096,3.0,1.0,3.0,3.0,1.0,1.4142135623730951,2,1.0,1.0,2,0.8881424809001768,0.0,2.6094379124341005,0,0,2.05,3.0,1.6,0,0.383224293337255,0.5187455175619665,0,0,0,0,0,0,11.700000000000001,0.0,0
9.857181799659616,53.0,0,1282.0,5.0,26.0,10735.0,32.0,58.0,2.70805020110221,11.0,1.6094379124341005,2.19722457733622,3.0,0.6931471805599453,2.639057329615259,2.0,2.0,4.0,3.0,3.0,1.7320508075688772,0,5.0,3.0,2,0.3650808073948006,0.0,7.41610040220442,1,0,2.9,9.0,2.5,0,0.5393670235115761,0.6453176614787827,0,0,0,0,0,0,-14.3,0.0,4
8.273846932784508,32.0,1,1125.0,16.0,10.0,4681.0,33.0,72.0,2.3978952727983707,22.0,0.6931471805599453,2.079441541679836,2.0,0.0,1.0986122886681096,3.0,2.449489742783178,2.0,1.0,1.0,2.23606797749979,2,1.0,1.0,1,0.7521679029804098,1.6,8.323109617771056,0,0,1.9000000000000001,1.0,4.6,0,0.7208844140643205,0.457419009446229,0,0,0,1,0,0,16.799999999999997,16.0,0
8.828494129466652,42.0,0,691.0,8.0,10.0,21173.0,35.0,48.0,2.302585092994046,11.0,0.0,1.0986122886681096,3.0,0.6931471805599453,2.079441541679836,3.0,2.0,4.0,3.0,2.0,1.4142135623730951,1,2.0,4.0,2,0.8025903754060593,0.0,6.605170185988092,0,0,2.8000000000000003,6.0,1.8,0,0.6055862131282277,0.5117936926267446,0,0,0,0,0,0,-2.3999999999999995,0.0,2
9.234935418831563,44.0,0,477.0,7.0,24.0,2094.0,36.0,42.0,3.1354942159291497,14.0,1.3862943611198906,2.8903717578961645,1.0,0.6931471805599453,1.9459101490553128,3.0,2.23606797749979,4.0,2.0,4.0,2.0,1,3.0,4.0,2,0.36939741675326254,0.0,9.247246187374772,0,0,3.0,8.0,1.7,0,0.5407015125028768,0.29880739554058366,1,0,0,0,0,0,-4.0,0.0,2
9.849453664043642,46.0,0,705.0,2.0,22.0,22822.0,38.0,83.0,1.0986122886681096,12.0,1.3862943611198906,0.6931471805599453,2.0,0.0,1.0986122886681096,2.0,1.4142135623730951,4.0,3.0,1.0,1.4142135623730951,2,5.0,4.0,2,0.4282371158279844,0.0,2.9678859607972816,0,0,1.9500000000000002,3.0,2.2,0,0.6738803398843289,0.7519500417858749,0,0,0,0,0,0,-12.299999999999999,0.0,0
7.822845290279774,33.0,0,924.0,2.0,7.0,6670.0,39.0,78.0,0.6931471805599453,11.0,1.6094379124341005,0.0,3.0,0.0,0.6931471805599453,3.0,0.0,4.0,3.0,4.0,1.7320508075688772,2,1.0,3.0,2,0.9778556612849717,0.0,0.0,1,0,3.5,12.0,1.2,0,0.0,0.42039286969579676,0,0,0,0,1,0,3.5,0.0,0
8.774312958285378,44.0,1,1459.0,10.0,9.0,19121.0,40.0,41.0,1.6094379124341005,13.0,1.0986122886681096,1.3862943611198906,4.0,0.0,1.0986122886681096,4.0,1.0,4.0,3.0,4.0,2.23606797749979,1,2.0,4.0,2,0.8774312958285378,1.0,2.6094379124341005,0,0,4.0,12.0,3.0,0,0.383224293337255,0.5985329682612353,0,0,0,0,0,0,-0.0,10.0,2
7.699389406256737,30.0,0,125.0,9.0,10.0,16117.0,41.0,83.0,2.3978952727983707,13.0,0.6931471805599453,2.19722457733622,4.0,0.0,0.0,3.0,1.0,1.0,2.0,3.0,2.23606797749979,2,1.0,2.0,2,0.6999444914778852,0.0,3.3978952727983707,0,0,2.9499999999999997,6.0,1.9,0,0.2942998296638024,0.3784750831933474,0,0,0,0,0,0,10.500000000000004,0.0,0
7.643482907077201,39.0,0,895.0,5.0,19.0,3335.0,42.0,56.0,0.6931471805599453,14.0,1.3862943611198906,0.0,4.0,0.6931471805599453,0.0,4.0,0.0,3.0,3.0,4.0,2.449489742783178,1,2.0,3.0,2,0.38217414535386,0.0,0.0,0,0,3.8499999999999996,12.0,0.5,0,0.0,0.2862720049409882,1,0,0,0,1,0,0.15000000000000036,0.0,2
7.738052297689316,24.0,1,813.0,1.0,6.0,3020.0,45.0,61.0,1.0986122886681096,16.0,1.0986122886681096,0.0,2.0,0.6931471805599453,0.0,2.0,1.4142135623730951,1.0,3.0,4.0,1.4142135623730951,1,1.0,3.0,2,1.105436042527045,0.1,2.9678859607972816,0,0,2.55,12.0,4.1,1,0.6738803398843289,0.29519419834268995,0,0,1,0,0,0,23.200000000000003,1.0,2
7.880804344674901,43.0,0,1273.0,2.0,6.0,21923.0,46.0,72.0,1.791759469228055,12.0,0.6931471805599453,1.6094379124341005,4.0,1.0986122886681096,1.3862943611198906,2.0,1.0,4.0,4.0,3.0,1.7320508075688772,0,1.0,2.0,2,1.1258291920964145,0.0,2.791759469228055,0,0,3.15,12.0,2.2,0,0.3581970477838151,0.619986795418185,0,0,0,0,0,0,-2.5500000000000003,0.0,4
7.895063498091573,50.0,1,869.0,3.0,3.0,3810.0,47.0,86.0,1.3862943611198906,14.0,0.6931471805599453,1.0986122886681096,1.0,0.0,1.0986122886681096,3.0,0.0,3.0,2.0,3.0,1.4142135623730951,1,1.0,2.0,2,1.9737658745228932,0.3,0.0,0,0,2.5,6.0,3.3,0,0.0,0.41721024145755803,0,0,0,0,0,0,-15.0,3.0,2
7.608374474380783,35.0,0,890.0,2.0,2.0,9687.0,49.0,97.0,1.0986122886681096,13.0,0.6931471805599453,1.0986122886681096,4.0,0.0,1.0986122886681096,3.0,1.4142135623730951,1.0,3.0,4.0,1.7320508075688772,1,1.0,3.0,2,2.5361248247935944,0.0,2.9678859607972816,0,0,3.3,12.0,1.2,0,0.6738803398843289,0.4922635082986102,0,0,0,0,0,0,3.500000000000001,0.0,2
8.13739583005665,36.0,1,852.0,5.0,6.0,13072.0,51.0,82.0,0.6931471805599453,14.0,2.302585092994046,0.0,2.0,0.6931471805599453,0.6931471805599453,4.0,0.0,4.0,2.0,1.0,1.7320508075688772,1,1.0,4.0,2,1.1624851185795215,0.5,0.0,1,0,2.45,2.0,2.5,0,0.0,0.5156651855905745,0,0,0,0,1,0,6.199999999999999,5.0,2
8.589885876809678,33.0,0,1141.0,1.0,10.0,3193.0,52.0,42.0,1.791759469228055,19.0,1.0986122886681096,1.3862943611198906,3.0,1.0986122886681096,1.3862943611198906,3.0,1.0,1.0,4.0,1.0,1.7320508075688772,1,2.0,3.0,1,0.7808987160736071,0.0,2.791759469228055,0,0,2.0,4.0,1.1,0,0.3581970477838151,0.36794991818029954,1,0,0,0,0,0,14.0,0.0,1
7.576609766973037,35.0,0,464.0,4.0,1.0,10910.0,53.0,75.0,0.6931471805599453,12.0,0.6931471805599453,0.0,3.0,0.6931471805599453,0.0,3.0,0.0,3.0,3.0,4.0,1.7320508075688772,0,1.0,2.0,2,3.7883048834865183,0.0,0.0,0,0,3.3499999999999996,12.0,1.4,0,0.0,0.34674408089223185,0,0,0,0,1,0,3.2500000000000018,0.0,4
7.758760544157663,27.0,0,1240.0,2.0,1.0,19715.0,54.0,33.0,0.6931471805599453,13.0,0.6931471805599453,0.0,4.0,0.6931471805599453,0.0,3.0,0.0,4.0,3.0,1.0,2.449489742783178,0,1.0,4.0,2,3.8793802720788313,0.0,0.0,0,0,2.7,3.0,1.2,0,0.0,0.4411439410723924,0,0,1,0,1,1,16.9,0.0,4
7.738052297689316,26.0,0,1357.0,25.0,1.0,10558.0,55.0,48.0,0.6931471805599453,12.0,0.6931471805599453,0.6931471805599453,1.0,0.0,0.0,2.0,0.0,3.0,1.0,3.0,1.4142135623730951,2,1.0,3.0,2,3.869026148844658,0.0,0.0,0,0,2.25,3.0,4.5,0,0.0,0.4217846309835552,0,0,1,0,1,0,24.5,0.0,0
9.074176947163313,27.0,0,994.0,8.0,9.0,2975.0,56.0,37.0,2.302585092994046,15.0,0.6931471805599453,2.079441541679836,4.0,0.0,2.19722457733622,3.0,1.0,4.0,3.0,3.0,0.0,2,3.0,3.0,1,0.9074176947163313,0.0,3.302585092994046,0,1,3.4,9.0,1.8,0,0.30279310656411385,0.36718211082057095,1,0,0,0,0,0,7.800000000000001,0.0,0
8.297045149081827,30.0,0,721.0,1.0,12.0,10781.0,57.0,58.0,2.5649493574615367,23.0,0.6931471805599453,2.079441541679836,3.0,0.0,2.19722457733622,3.0,1.7320508075688772,4.0,3.0,4.0,1.4142135623730951,2,2.0,2.0,1,0.6382342422370636,0.0,6.174673413533404,0,0,3.5,12.0,1.1,0,0.4858556556893711,0.3985374507785825,1,0,0,0,0,0,5.0,0.0,0
9.880525940898782,41.0,0,1360.0,12.0,23.0,16280.0,58.0,49.0,3.1354942159291497,12.0,0.6931471805599453,2.19722457733622,2.0,0.0,2.772588722239781,3.0,3.605551275463989,4.0,3.0,3.0,0.0,1,5.0,3.0,2,0.4116885808707826,0.0,14.910736444917296,0,1,2.9,9.0,2.2,0,0.8718549917386126,0.6849920738649795,0,0,0,0,0,0,-1.1,0.0,2
8.427049641563272,34.0,0,1065.0,23.0,10.0,10034.0,60.0,72.0,2.302585092994046,20.0,0.0,2.079441541679836,2.0,0.0,1.791759469228055,3.0,2.8284271247461903,3.0,3.0,3.0,1.4142135623730951,2,2.0,4.0,0,0.7660954219602975,0.0,9.341121258806778,0,0,2.75,9.0,3.3,0,0.8564282357921034,0.5148361496394419,0,0,0,0,0,0,7.5,0.0,0
8.014004994779459,37.0,0,408.0,19.0,8.0,10227.0,61.0,73.0,0.6931471805599453,21.0,1.6094379124341005,0.0,2.0,0.0,0.0,3.0,0.0,1.0,3.0,2.0,1.0,1,1.0,2.0,2,0.8904449994199398,0.0,0.0,1,0,2.1,6.0,2.9,1,0.0,0.36389363477705383,0,0,0,0,1,0,5.699999999999999,0.0,2
8.660947155060933,46.0,1,1211.0,5.0,14.0,20445.0,62.0,98.0,2.302585092994046,21.0,1.6094379124341005,2.19722457733622,1.0,0.0,1.9459101490553128,3.0,0.0,3.0,3.0,4.0,2.0,2,2.0,4.0,1,0.5773964770040622,0.5,0.0,1,0,2.8499999999999996,12.0,3.5,0,0.0,0.7603434992486814,0,0,0,0,0,0,-6.900000000000002,5.0,0
7.727535110475448,35.0,0,1229.0,8.0,1.0,4892.0,63.0,36.0,0.6931471805599453,19.0,0.6931471805599453,0.6931471805599453,4.0,0.0,0.0,3.0,0.0,4.0,4.0,4.0,1.4142135623730951,1,1.0,1.0,2,3.863767555237724,0.0,0.0,0,0,3.75,16.0,1.8,0,0.0,0.29815519824567704,0,0,0,0,1,0,1.25,0.0,2
8.590815331286851,48.0,1,626.0,1.0,23.0,19294.0,64.0,98.0,0.6931471805599453,13.0,2.302585092994046,0.0,1.0,0.0,0.0,3.0,0.0,4.0,2.0,3.0,1.4142135623730951,2,3.0,2.0,2,0.3579506388036188,0.1,0.0,1,0,2.65,6.0,3.1,0,0.0,0.6374997999430614,0,0,0,0,1,0,-10.8,1.0,0
8.143807976771484,28.0,1,1434.0,5.0,2.0,11179.0,65.0,50.0,1.0986122886681096,13.0,0.6931471805599453,1.0986122886681096,3.0,0.0,1.0986122886681096,2.0,1.4142135623730951,3.0,3.0,3.0,1.7320508075688772,2,1.0,4.0,2,2.714602658923828,0.5,2.9678859607972816,0,0,2.75,9.0,4.5,0,0.6738803398843289,0.4871325616341915,0,0,1,0,0,0,15.0,5.0,0
8.604287898267172,44.0,1,1488.0,1.0,9.0,4009.0,68.0,75.0,1.6094379124341005,21.0,1.791759469228055,1.3862943611198906,2.0,0.6931471805599453,1.3862943611198906,2.0,1.0,3.0,3.0,1.0,1.4142135623730951,0,2.0,5.0,2,0.8604287898267172,0.1,2.6094379124341005,1,0,1.8,3.0,4.1,0,0.383224293337255,0.5574511327685716,0,0,0,0,0,0,-8.8,1.0,4
9.198773735604718,35.0,1,1097.0,11.0,10.0,8302.0,70.0,79.0,1.6094379124341005,13.0,1.0986122886681096,1.3862943611198906,3.0,0.6931471805599453,0.0,3.0,1.4142135623730951,3.0,2.0,1.0,1.7320508075688772,1,3.0,2.0,0,0.836252157782247,1.1,3.690302485934842,0,0,2.3,2.0,4.1,0,0.5419609930683914,0.6008153688644943,0,0,0,0,0,0,8.5,11.0,0
8.332789468417959,26.0,1,1443.0,23.0,5.0,21436.0,72.0,47.0,1.0986122886681096,19.0,2.079441541679836,0.0,3.0,0.6931471805599453,1.0986122886681096,2.0,0.0,3.0,2.0,4.0,1.4142135623730951,1,2.0,3.0,2,1.3887982447363265,2.3,0.0,1,0,3.0999999999999996,8.0,6.3,0,0.0,0.5987780544484888,0,0,1,0,0,0,12.600000000000005,23.0,2
9.507403306233716,33.0,1,515.0,1.0,15.0,15146.0,73.0,98.0,2.772588722239781,12.0,0.6931471805599453,2.5649493574615367,1.0,0.0,2.70805020110221,3.0,2.8284271247461903,3.0,3.0,4.0,1.0,2,3.0,2.0,1,0.5942127066396072,0.1,10.670492272494569,0,0,2.8499999999999996,12.0,3.1,0,0.749731108528299,0.6622716599351328,0,0,0,0,0,0,8.050000000000002,1.0,0
9.112727543109182,35.0,0,853.0,18.0,9.0,11031.0,74.0,71.0,2.302585092994046,22.0,0.6931471805599453,2.19722457733622,2.0,0.6931471805599453,2.19722457733622,2.0,1.0,4.0,3.0,1.0,1.7320508075688772,1,3.0,5.0,1,0.9112727543109183,0.0,3.302585092994046,0,0,1.9500000000000002,3.0,3.8,0,0.30279310656411385,0.5478739213837682,0,0,0,0,0,0,10.25,0.0,1
8.297792626380861,35.0,1,1142.0,23.0,4.0,16002.0,75.0,30.0,1.0986122886681096,15.0,1.3862943611198906,1.0986122886681096,3.0,0.6931471805599453,1.0986122886681096,3.0,1.4142135623730951,3.0,3.0,1.0,1.7320508075688772,1,1.0,4.0,2,1.6595585252761722,2.3,2.9678859607972816,0,0,2.3,3.0,5.3,0,0.6738803398843289,0.4263569763767091,0,0,0,1,0,0,8.5,23.0,2
8.68541582383069,31.0,0,655.0,7.0,10.0,9528.0,76.0,48.0,2.079441541679836,22.0,1.3862943611198906,2.079441541679836,4.0,0.6931471805599453,2.079441541679836,2.0,1.0,4.0,3.0,4.0,1.7320508075688772,0,2.0,4.0,2,0.7895832567118809,0.0,3.079441541679836,0,0,3.5,12.0,2.7,0,0.32473420471378706,0.37498983573684463,1,0,0,0,0,1,4.5,0.0,4
8.69851424787661,37.0,0,1115.0,1.0,7.0,2689.0,77.0,51.0,2.079441541679836,18.0,0.6931471805599453,2.079441541679836,1.0,0.6931471805599453,1.791759469228055,4.0,0.0,3.0,2.0,3.0,1.4142135623730951,0,2.0,4.0,2,1.0873142809845762,0.0,0.0,0,0,2.75,6.0,0.1,0,0.0,0.40060539622140695,0,0,0,0,0,0,3.75,0.0,4
8.726318950962243,32.0,1,427.0,1.0,9.0,10877.0,78.0,33.0,2.302585092994046,22.0,0.6931471805599453,2.19722457733622,1.0,0.6931471805599453,2.19722457733622,3.0,2.6457513110645907,2.0,3.0,4.0,1.7320508075688772,1,2.0,3.0,2,0.8726318950962243,0.1,8.73781883969137,0,0,2.6999999999999997,12.0,3.1,0,0.8011152586733246,0.2980081641267886,1,0,0,0,0,0,10.400000000000002,1.0,2
7.786136437783072,38.0,0,653.0,29.0,10.0,5456.0,79.0,50.0,2.3978952727983707,11.0,0.6931471805599453,2.302585092994046,4.0,0.0,1.3862943611198906,3.0,3.0,4.0,3.0,4.0,1.4142135623730951,2,2.0,5.0,1,0.7078305852530066,0.0,10.193685818395112,0,0,3.75,12.0,3.9,0,0.8828994889914074,0.25625455270564257,1,1,0,0,0,0,0.5,0.0,0
9.83846891616168,50.0,1,989.0,7.0,29.0,16701.0,80.0,43.0,3.332204510175204,12.0,1.791759469228055,2.19722457733622,2.0,0.6931471805599453,1.3862943611198906,2.0,3.605551275463989,4.0,2.0,3.0,1.4142135623730951,0,5.0,2.0,2,0.327948963872056,0.7,15.619985497233055,1,0,2.65,6.0,4.7,0,0.8322670979625965,0.597438664013026,0,0,0,0,0,0,-13.5,7.0,4
8.940891067785461,59.0,0,1435.0,25.0,28.0,2354.0,81.0,99.0,3.091042453358316,11.0,2.079441541679836,2.302585092994046,1.0,0.0,2.833213344056216,2.0,2.6457513110645907,4.0,3.0,1.0,1.7320508075688772,2,3.0,3.0,2,0.30830658854432624,0.0,10.823880934593664,1,0,1.7000000000000002,3.0,4.5,0,0.6467181265480897,0.6487505388487232,0,0,0,0,0,0,-43.699999999999996,0.0,0
9.21999362900432,36.0,0,1223.0,8.0,17.0,8202.0,83.0,59.0,2.8903717578961645,13.0,0.6931471805599453,2.19722457733622,3.0,1.3862943611198906,2.70805020110221,3.0,3.4641016151377544,2.0,3.0,3.0,1.4142135623730951,0,3.0,3.0,2,0.5122218682780177,0.0,13.476643090014408,0,0,2.8499999999999996,9.0,1.8,0,0.890429457829262,0.5529286287034029,0,0,0,0,0,0,4.600000000000001,0.0,4
9.59947282546345,55.0,1,836.0,8.0,21.0,19730.0,84.0,33.0,1.791759469228055,14.0,1.0986122886681096,1.0986122886681096,4.0,1.3862943611198906,0.0,3.0,0.0,3.0,3.0,3.0,1.4142135623730951,0,4.0,3.0,2,0.43633967388470224,0.8,0.0,0,0,3.25,9.0,3.8,0,0.0,0.5422542504681412,0,0,0,0,0,0,-11.25,8.0,4
8.779557455883728,36.0,0,1195.0,11.0,6.0,22656.0,85.0,95.0,1.9459101490553128,13.0,0.6931471805599453,1.3862943611198906,2.0,0.0,1.791759469228055,3.0,0.0,3.0,2.0,2.0,1.7320508075688772,2,2.0,3.0,1,1.2542224936976754,0.0,0.0,0,0,2.4,4.0,2.1,0,0.0,0.7801244987202657,0,0,0,0,0,0,6.4,0.0,0
9.182455168486648,45.0,0,1339.0,7.0,25.0,18787.0,86.0,59.0,0.6931471805599453,17.0,1.0986122886681096,0.0,2.0,0.6931471805599453,0.0,3.0,0.0,3.0,3.0,1.0,1.4142135623730951,0,3.0,3.0,2,0.3531713526341018,0.0,0.0,0,0,2.05,3.0,1.7,0,0.0,0.6764078445209746,0,0,0,0,1,0,-9.75,0.0,4
7.693937325509272,35.0,0,664.0,1.0,5.0,5868.0,88.0,79.0,1.3862943611198906,13.0,1.6094379124341005,1.0986122886681096,2.0,0.6931471805599453,1.0986122886681096,2.0,1.0,4.0,3.0,1.0,1.4142135623730951,1,1.0,3.0,1,1.2823228875848787,0.0,2.386294361119891,1,0,1.9500000000000002,3.0,2.1,0,0.41905978419640516,0.35725193571373903,0,0,0,0,0,0,10.25,0.0,1
8.128290171607052,36.0,1,318.0,9.0,2.0,21777.0,90.0,79.0,0.6931471805599453,17.0,0.0,0.0,4.0,0.6931471805599453,0.0,2.0,0.0,1.0,2.0,3.0,0.0,1,1.0,3.0,2,2.7094300572023506,0.9,0.0,0,0,2.6999999999999997,6.0,4.9,1,0.0,0.49591396082671857,0,0,0,0,1,0,5.200000000000001,9.0,2
8.607764889600624,59.0,0,1225.0,1.0,20.0,24668.0,91.0,57.0,1.6094379124341005,11.0,2.079441541679836,1.3862943611198906,1.0,0.0,1.3862943611198906,2.0,1.0,4.0,2.0,3.0,1.4142135623730951,2,2.0,1.0,1,0.4098935661714583,0.0,2.6094379124341005,1,0,2.4,6.0,2.1,0,0.383224293337255,0.6538055881428255,0,0,0,0,0,0,-30.400000000000002,0.0,0
7.902487437162855,29.0,0,1328.0,2.0,6.0,4956.0,94.0,76.0,1.791759469228055,23.0,0.0,1.6094379124341005,3.0,0.6931471805599453,1.6094379124341005,3.0,0.0,4.0,3.0,2.0,1.7320508075688772,1,1.0,3.0,2,1.1289267767375508,0.0,0.0,0,0,2.8000000000000003,6.0,1.2,0,0.0,0.47583875068079184,0,0,1,0,0,0,13.199999999999998,0.0,2
7.824845691026857,31.0,0,1082.0,1.0,1.0,18775.0,95.0,87.0,0.6931471805599453,17.0,0.6931471805599453,0.0,3.0,0.0,0.6931471805599453,3.0,1.0,2.0,3.0,2.0,2.0,2,1.0,4.0,2,3.9124228455134284,0.0,1.6931471805599454,0,0,2.5,6.0,1.1,1,0.5906161091496412,0.6025106344360183,0,0,1,0,1,0,13.5,0.0,0
8.019283792916793,36.0,0,132.0,6.0,5.0,22002.0,97.0,55.0,0.6931471805599453,12.0,1.3862943611198906,0.0,2.0,0.0,0.0,3.0,0.0,2.0,4.0,4.0,1.7320508075688772,1,1.0,3.0,2,1.3365472988194655,0.0,0.0,0,0,2.9499999999999997,16.0,1.6,1,0.0,0.3689123921946326,0,0,0,0,1,0,4.200000000000001,0.0,2
8.39502555744203,31.0,0,746.0,8.0,11.0,20682.0,98.0,61.0,2.4849066497880004,23.0,0.6931471805599453,2.19722457733622,3.0,0.0,2.079441541679836,3.0,1.0,4.0,3.0,4.0,1.4142135623730951,2,2.0,4.0,2,0.6995854631201692,0.0,3.4849066497880004,0,0,3.5,12.0,1.8,0,0.28695173228265203,0.5223357134401283,0,0,0,0,0,0,4.5,0.0,0
8.369388996647842,35.0,0,776.0,1.0,16.0,23016.0,100.0,32.0,2.772588722239781,14.0,0.0,2.19722457733622,3.0,0.0,2.639057329615259,3.0,1.4142135623730951,2.0,2.0,1.0,1.4142135623730951,2,2.0,4.0,2,0.49231699980281424,0.0,5.335246136247284,0,0,2.15,2.0,1.1,0,0.3748655542641495,0.4451489143886417,0,0,0,0,0,0,9.25,0.0,0
9.491450899044924,45.0,1,193.0,6.0,17.0,15067.0,101.0,52.0,0.0,14.0,1.6094379124341005,0.0,4.0,0.0,0.0,4.0,0.0,2.0,3.0,1.0,1.7320508075688772,1,3.0,4.0,2,0.527302827724718,0.6,0.0,1,0,2.65,3.0,2.6,1,0.0,0.43806792887435864,0,0,0,0,1,0,-6.75,6.0,2
9.522593098362169,37.0,0,397.0,7.0,16.0,25258.0,102.0,30.0,1.791759469228055,13.0,1.6094379124341005,1.0986122886681096,1.0,0.0,1.0986122886681096,4.0,0.0,1.0,3.0,3.0,1.7320508075688772,2,3.0,4.0,2,0.5601525351977746,0.0,0.0,1,0,2.4499999999999997,9.0,0.7,0,0.0,0.5012333033250167,0,0,0,0,0,0,4.65,0.0,0
8.52158353971753,46.0,1,945.0,5.0,16.0,10425.0,103.0,80.0,1.6094379124341005,22.0,2.19722457733622,1.0986122886681096,2.0,0.6931471805599453,1.0986122886681096,3.0,0.0,4.0,3.0,2.0,1.4142135623730951,0,2.0,2.0,2,0.5012696199833842,0.5,0.0,1,0,2.55,6.0,3.5,0,0.0,0.5347559320261092,0,0,0,0,0,0,-8.700000000000001,5.0,4
8.5422759717837,30.0,1,852.0,1.0,10.0,15998.0,104.0,55.0,2.3978952727983707,12.0,0.6931471805599453,0.0,4.0,1.0986122886681096,2.19722457733622,2.0,1.7320508075688772,3.0,2.0,4.0,1.0,1,2.0,1.0,2,0.7765705428894273,0.1,5.885327251284888,0,0,3.3499999999999996,8.0,4.1,0,0.509742257636572,0.4867176740430077,0,0,0,0,0,0,6.5000000000000036,1.0,2
7.958576903813898,35.0,0,1214.0,1.0,6.0,26278.0,105.0,30.0,1.9459101490553128,18.0,0.6931471805599453,1.6094379124341005,2.0,0.0,1.6094379124341005,3.0,0.0,1.0,2.0,3.0,1.7320508075688772,2,1.0,3.0,2,1.1369395576876997,0.0,0.0,0,0,2.4499999999999997,6.0,1.1,0,0.0,0.5104649395662655,0,0,0,0,0,0,7.750000000000002,0.0,0
9.2340568985935,55.0,0,111.0,1.0,24.0,18092.0,106.0,70.0,0.6931471805599453,14.0,1.3862943611198906,0.0,1.0,0.6931471805599453,0.0,3.0,1.0,4.0,3.0,4.0,2.0,1,3.0,2.0,2,0.36936227594374005,0.0,1.6931471805599454,0,0,3.0,12.0,1.1,0,0.5906161091496412,0.4938174528883686,0,0,0,0,1,0,-15.0,0.0,2
8.58110651715989,38.0,1,573.0,6.0,17.0,15717.0,107.0,79.0,2.639057329615259,12.0,2.079441541679836,2.302585092994046,2.0,1.3862943611198906,2.4849066497880004,3.0,1.0,4.0,1.0,4.0,1.7320508075688772,0,2.0,3.0,0,0.4767281398422161,0.6,3.639057329615259,1,0,3.25,4.0,3.6,0,0.2747964402379243,0.5233377580850352,0,0,0,0,0,0,1.5,6.0,0
8.372398606513004,34.0,0,1153.0,1.0,5.0,17736.0,110.0,94.0,1.791759469228055,15.0,0.6931471805599453,1.3862943611198906,1.0,0.0,1.0986122886681096,3.0,1.0,3.0,3.0,2.0,1.4142135623730951,1,2.0,2.0,2,1.3953997677521672,0.0,2.791759469228055,0,0,2.15,6.0,1.1,0,0.3581970477838151,0.6813253593499898,0,0,0,0,0,0,11.100000000000001,0.0,2
8.890272839380247,56.0,0,1400.0,7.0,34.46000000000004,21698.0,112.0,49.0,1.9459101490553128,11.0,1.6094379124341005,1.0986122886681096,4.0,0.0,1.6094379124341005,2.0,0.0,1.0,1.0,4.0,1.7320508075688772,2,3.0,3.0,2,0.2507127140265154,0.0,0.0,1,0,3.05,4.0,2.7,0,0.0,0.6533291107854543,0,0,0,0,0,0,-15.200000000000003,0.0,0
7.750614732770409,23.0,0,541.0,2.0,3.0,9518.0,113.0,62.0,0.0,13.0,1.3862943611198906,0.0,3.0,0.6931471805599453,0.0,3.0,0.0,3.0,3.0,1.0,1.7320508075688772,0,1.0,1.0,2,1.9376536831926023,0.0,0.0,0,0,2.3,3.0,1.2,0,0.0,0.31650020153114267,0,0,0,0,1,1,28.900000000000002,0.0,4
7.638198244285779,51.0,0,432.0,9.0,10.0,18725.0,116.0,96.0,1.6094379124341005,23.0,1.3862943611198906,1.3862943611198906,4.0,1.0986122886681096,1.0986122886681096,3.0,0.0,2.0,3.0,4.0,2.0,1,1.0,4.0,2,0.6943816585714345,0.0,0.0,0,0,3.4499999999999997,12.0,1.9,0,0.0,0.500262658085341,0,0,0,0,0,0,-6.0500000000000025,0.0,2
8.331586243630754,30.0,0,288.0,2.0,11.0,15830.0,117.0,99.0,2.4849066497880004,19.0,0.6931471805599453,2.19722457733622,3.0,1.3862943611198906,2.3978952727983707,3.0,3.1622776601683795,1.0,2.0,4.0,1.7320508075688772,1,2.0,3.0,2,0.6942988536358962,0.0,11.020242446396825,0,0,3.05,8.0,1.2,0,0.907421052544048,0.5214123323392933,0,0,0,0,0,0,9.500000000000002,0.0,2
9.171599543659752,46.0,0,669.0,9.0,9.0,13596.0,118.0,64.0,2.302585092994046,16.0,0.6931471805599453,2.079441541679836,3.0,0.0,2.19722457733622,3.0,2.0,4.0,2.0,4.0,1.7320508075688772,2,3.0,2.0,2,0.9171599543659752,0.0,6.605170185988092,0,0,3.5,8.0,1.9,0,0.6055862131282277,0.5212354031979333,0,0,0,0,0,0,-3.0,0.0,0
9.510741216835738,40.0,0,530.0,1.0,22.0,14115.0,119.0,78.0,3.1354942159291497,22.0,0.6931471805599453,2.4849066497880004,3.0,0.6931471805599453,1.3862943611198906,2.0,3.3166247903554,4.0,2.0,2.0,1.7320508075688772,1,4.0,4.0,1,0.41351048768851034,0.0,13.715882636921984,0,0,2.55,4.0,2.1,0,0.8019899477988343,0.5834922663089701,0,0,0,0,0,0,0.0,0.0,1
8.558335134747413,30.0,1,1334.0,4.0,11.0,19760.0,121.0,63.0,2.4849066497880004,12.0,0.6931471805599453,2.079441541679836,3.0,1.3862943611198906,2.19722457733622,2.0,1.4142135623730951,2.0,2.0,2.0,2.0,0,2.0,2.0,2,0.7131945945622844,0.4,4.928402247734376,0,0,2.25,4.0,4.4,0,0.40581103154058,0.6408204401964828,0,0,0,0,0,1,17.5,4.0,4
9.27556615689389,46.0,1,638.0,1.0,21.0,3142.0,124.0,40.0,2.3978952727983707,13.0,1.0986122886681096,1.791759469228055,3.0,0.6931471805599453,2.302585092994046,2.0,3.0,3.0,2.0,1.0,2.23606797749979,1,3.0,3.0,1,0.4216166434951768,0.1,10.193685818395112,0,0,2.05,2.0,4.1,0,0.8828994889914074,0.33482063244624966,1,0,0,0,0,0,-11.700000000000001,1.0,1
8.519390774959724,32.0,0,1093.0,6.0,12.0,24301.0,125.0,87.0,2.4849066497880004,16.0,0.6931471805599453,2.079441541679836,2.0,0.0,2.19722457733622,3.0,2.23606797749979,1.0,3.0,3.0,0.0,2,2.0,4.0,2,0.6553377519199788,0.0,7.792488164167022,0,1,2.4499999999999997,9.0,1.6,0,0.6416435796453308,0.7253241625131934,0,0,0,0,0,0,12.400000000000002,0.0,0
9.514141826307847,54.0,0,1217.0,2.0,16.0,24001.0,126.0,60.0,1.6094379124341005,12.0,2.302585092994046,1.3862943611198906,1.0,0.6931471805599453,1.3862943611198906,1.0,0.0,1.0,3.0,3.0,2.23606797749979,1,3.0,4.0,2,0.5596554015475205,0.0,0.0,1,0,1.6999999999999997,9.0,3.2,0,0.0,0.7417057548618523,0,0,0,0,0,0,-32.2,0.0,2
8.517193191416238,24.0,0,1353.0,3.0,4.0,17519.0,128.0,33.0,1.3862943611198906,21.0,0.0,1.0986122886681096,1.0,0.6931471805599453,1.0986122886681096,2.0,0.0,1.0,3.0,3.0,1.4142135623730951,1,2.0,2.0,2,1.7034386382832476,0.0,0.0,0,0,1.9499999999999997,9.0,2.3,0,0.0,0.5107097473566005,0,0,0,0,0,0,32.800000000000004,0.0,2
8.348064228408266,28.0,0,120.0,4.0,5.0,8863.0,129.0,43.0,1.791759469228055,15.0,0.6931471805599453,1.6094379124341005,2.0,0.0,1.6094379124341005,4.0,0.0,2.0,3.0,3.0,1.7320508075688772,1,2.0,3.0,0,1.3913440380680442,0.0,0.0,0,0,2.8499999999999996,9.0,0.4,0,0.0,0.22296314726847138,1,0,1,0,0,0,13.800000000000004,0.0,0
9.537699784080726,58.0,0,682.0,10.0,34.46000000000004,24409.0,131.0,37.0,3.4657359027997265,13.0,0.0,2.19722457733622,4.0,0.0,2.3978952727983707,2.0,1.0,3.0,3.0,3.0,1.0,2,4.0,4.0,2,0.26897066508969864,0.0,4.465735902799727,0,0,3.0,9.0,3.0,0,0.22392725897047894,0.5701349864097514,0,0,0,0,0,0,-18.0,0.0,0
7.622174594817622,44.0,0,489.0,23.0,17.0,25043.0,132.0,67.0,1.3862943611198906,12.0,1.6094379124341005,1.0986122886681096,2.0,0.6931471805599453,1.0986122886681096,4.0,1.0,3.0,3.0,2.0,1.7320508075688772,1,2.0,3.0,0,0.42345414415653454,0.0,2.386294361119891,1,0,2.6500000000000004,6.0,2.3,0,0.41905978419640516,0.46880442866637534,0,0,0,0,0,0,-5.399999999999999,0.0,0
7.637234388789473,37.0,1,807.0,6.0,7.0,23648.0,133.0,63.0,1.3862943611198906,22.0,1.6094379124341005,1.0986122886681096,3.0,0.0,1.0986122886681096,3.0,0.0,4.0,3.0,1.0,1.7320508075688772,0,1.0,4.0,2,0.9546542985986841,0.6,0.0,1,0,2.45,3.0,3.6,0,0.0,0.4988406684355237,0,0,0,0,0,0,4.6499999999999995,6.0,4
7.991930519852477,32.0,0,827.0,1.0,1.0,15178.0,134.0,71.0,0.6931471805599453,13.0,0.6931471805599453,0.0,4.0,0.0,0.0,3.0,0.0,4.0,3.0,1.0,1.4142135623730951,2,1.0,1.0,2,3.9959652599262383,0.0,0.0,0,0,2.7,3.0,1.1,0,0.0,0.4793539721500295,0,0,0,0,1,0,10.399999999999999,0.0,0
7.981733286691885,20.0,1,871.0,6.0,1.0,19783.0,137.0,66.0,0.6931471805599453,18.0,0.6931471805599453,0.0,4.0,0.0,0.0,3.0,1.0,2.0,2.0,4.0,2.23606797749979,2,1.0,3.0,1,3.9908666433459423,0.6,1.6931471805599454,0,0,3.4499999999999997,8.0,3.6,1,0.5906161091496412,0.514636685338399,0,0,1,0,1,0,11.000000000000005,6.0,0
8.478452363099807,34.0,0,665.0,6.0,16.0,12482.0,138.0,41.0,2.833213344056216,14.0,0.6931471805599453,2.3978952727983707,1.0,0.0,2.639057329615259,3.0,1.4142135623730951,3.0,3.0,3.0,1.7320508075688772,2,2.0,4.0,2,0.4987324919470475,0.0,5.4209822986338265,0,0,2.5,9.0,1.6,0,0.3689368254354994,0.36195157583992155,1,0,0,0,0,0,9.0,0.0,0
8.549466751966532,37.0,0,1040.0,2.0,17.0,15850.0,139.0,100.0,0.6931471805599453,14.0,1.791759469228055,0.0,3.0,0.6931471805599453,0.0,4.0,0.0,4.0,2.0,4.0,1.4142135623730951,0,2.0,2.0,0,0.4749703751092518,0.0,0.0,1,0,3.75,8.0,0.2,0,0.0,0.6802666701762164,0,0,0,0,1,0,0.75,0.0,0
9.844002905701236,59.0,0,1420.0,2.0,30.0,21922.0,140.0,32.0,1.3862943611198906,21.0,2.302585092994046,1.0986122886681096,3.0,0.6931471805599453,1.0986122886681096,3.0,1.4142135623730951,4.0,2.0,4.0,1.7320508075688772,1,5.0,4.0,0,0.31754848082907217,0.0,3.37472984931019,1,0,3.5,8.0,1.2,0,0.5926400302556987,0.6882125560581183,0,0,0,0,0,0,-9.5,0.0,0
9.80769225508126,50.0,1,1115.0,1.0,28.0,9755.0,141.0,73.0,2.19722457733622,19.0,1.3862943611198906,2.079441541679836,1.0,0.0,1.3862943611198906,2.0,0.0,1.0,3.0,2.0,1.0,1,5.0,3.0,1,0.3381962846579745,0.1,0.0,0,0,1.5999999999999999,6.0,4.1,0,0.0,0.6545080229902314,0,0,0,0,0,0,-24.000000000000004,1.0,1
8.656085190282855,25.0,1,240.0,5.0,6.0,26959.0,142.0,46.0,1.9459101490553128,11.0,0.6931471805599453,1.3862943611198906,3.0,0.0,1.6094379124341005,3.0,0.0,4.0,2.0,3.0,1.0,2,2.0,3.0,2,1.2365835986118365,0.5,0.0,0,0,3.15,6.0,3.5,0,0.0,0.4657948448886136,0,0,1,0,0,0,12.750000000000002,5.0,0
7.969011781106478,25.0,0,1280.0,7.0,2.0,26897.0,143.0,64.0,1.0986122886681096,11.0,0.6931471805599453,0.6931471805599453,4.0,1.0986122886681096,1.0986122886681096,3.0,1.4142135623730951,3.0,2.0,4.0,1.4142135623730951,1,1.0,1.0,2,2.6563372603688262,0.0,2.9678859607972816,0,0,3.5999999999999996,8.0,1.7,0,0.6738803398843289,0.6509003318576605,0,0,0,0,0,0,6.000000000000005,0.0,2
7.962763930168115,22.0,0,534.0,15.0,1.0,23785.0,144.0,59.0,0.0,15.0,0.6931471805599453,0.0,2.0,0.0,0.0,3.0,0.0,3.0,3.0,4.0,2.23606797749979,2,1.0,3.0,2,3.9813819650840574,0.0,0.0,0,0,3.0999999999999996,12.0,2.5,0,0.0,0.4677160434229438,0,0,1,0,1,0,16.200000000000006,0.0,0
8.920656296853728,51.0,0,1456.0,1.0,23.0,25796.0,145.0,30.0,2.639057329615259,20.0,1.3862943611198906,2.19722457733622,1.0,0.0,2.5649493574615367,2.0,3.4641016151377544,3.0,2.0,1.0,1.0,2,3.0,4.0,1,0.37169401236890537,0.0,12.606064373099102,0,0,1.55,2.0,2.1,0,0.951922792462299,0.6394896112954529,0,0,0,0,0,0,-26.950000000000003,0.0,0
8.711937268208748,34.0,1,658.0,7.0,9.0,22887.0,147.0,66.0,2.302585092994046,24.0,0.6931471805599453,1.9459101490553128,1.0,0.0,2.079441541679836,3.0,0.0,4.0,1.0,3.0,1.7320508075688772,2,2.0,3.0,1,0.8711937268208748,0.7,0.0,0,0,2.65,3.0,3.7,0,0.0,0.5764083309222856,0,0,0,0,0,0,8.100000000000001,7.0,0
9.760136677640244,54.0,1,142.0,26.0,23.0,13871.0,148.0,30.0,1.791759469228055,12.0,1.0986122886681096,1.6094379124341005,4.0,0.0,1.3862943611198906,3.0,2.0,3.0,4.0,4.0,1.7320508075688772,2,4.0,3.0,0,0.40667236156834347,2.6,5.58351893845611,0,0,3.5999999999999996,16.0,5.6,0,0.7163940955676302,0.36365429707205266,1,0,0,0,0,0,-5.600000000000005,26.0,0
7.928406026180535,24.0,0,1127.0,18.0,6.0,13257.0,150.0,52.0,1.791759469228055,12.0,0.0,1.0986122886681096,2.0,0.6931471805599453,1.3862943611198906,3.0,1.0,3.0,3.0,3.0,1.4142135623730951,1,1.0,1.0,2,1.132629432311505,0.0,2.791759469228055,0,0,2.75,9.0,2.8,0,0.3581970477838151,0.43992076450242584,0,0,0,0,0,0,20.0,0.0,2
8.41316512099219,34.0,0,1031.0,6.0,12.0,15000.0,151.0,45.0,0.6931471805599453,15.0,1.9459101490553128,0.0,3.0,0.6931471805599453,0.0,3.0,0.0,3.0,2.0,2.0,1.7320508075688772,0,2.0,4.0,2,0.64716654776863,0.0,0.0,1,0,2.6500000000000004,4.0,1.6,0,0.0,0.46086565524277695,0,0,0,0,1,1,8.099999999999998,0.0,4
8.913146539151807,37.0,0,1189.0,3.0,12.0,14506.0,152.0,87.0,1.791759469228055,12.0,1.0986122886681096,1.3862943611198906,3.0,0.0,1.3862943611198906,3.0,1.0,1.0,3.0,4.0,1.7320508075688772,2,3.0,3.0,2,0.6856266568578313,0.0,2.791759469228055,0,0,3.05,12.0,1.3,0,0.3581970477838151,0.6812425662935289,0,0,0,0,0,0,2.8500000000000005,0.0,0
9.3615151997733,34.0,0,1354.0,5.0,14.0,5615.0,153.0,45.0,2.4849066497880004,12.0,1.0986122886681096,2.19722457733622,3.0,0.0,2.3978952727983707,3.0,2.23606797749979,4.0,2.0,1.0,2.449489742783178,2,3.0,3.0,2,0.6241010133182201,0.0,7.792488164167022,0,0,2.45,2.0,1.5,0,0.6416435796453308,0.5137237944021222,0,0,0,0,0,0,9.299999999999999,0.0,0
9.1838937219612,36.0,0,1467.0,11.0,10.0,22952.0,154.0,92.0,2.302585092994046,14.0,0.0,2.19722457733622,2.0,0.6931471805599453,2.079441541679836,3.0,1.4142135623730951,3.0,3.0,4.0,2.449489742783178,1,3.0,2.0,1,0.8348994292691999,0.0,4.670560629403389,0,0,3.0999999999999996,12.0,2.1,0,0.4282141178960517,0.8591154929456729,0,0,0,0,0,0,3.6000000000000014,0.0,1
7.950149887652018,36.0,0,922.0,3.0,7.0,2561.0,155.0,39.0,0.6931471805599453,22.0,1.791759469228055,0.0,1.0,0.6931471805599453,0.0,3.0,0.0,1.0,3.0,4.0,1.4142135623730951,0,1.0,2.0,2,0.9937687359565023,0.0,0.0,1,0,2.55,12.0,1.3,1,0.0,0.25148508605881076,0,0,0,0,1,0,5.800000000000001,0.0,4
9.738612909345894,43.0,1,394.0,26.0,25.0,19494.0,158.0,92.0,3.258096538021482,12.0,0.6931471805599453,2.5649493574615367,3.0,1.0986122886681096,2.5649493574615367,4.0,2.0,4.0,3.0,4.0,1.7320508075688772,1,4.0,2.0,1,0.3745620349748421,2.6,8.516193076042963,0,0,3.75,12.0,4.6,0,0.46969343746473563,0.6845980629653754,0,0,0,0,0,0,-0.75,26.0,1
7.868636894184167,30.0,0,1312.0,23.0,10.0,22310.0,159.0,96.0,2.3978952727983707,25.0,0.6931471805599453,2.302585092994046,1.0,1.3862943611198906,2.079441541679836,2.0,0.0,3.0,1.0,3.0,1.4142135623730951,0,1.0,3.0,1,0.7153306267440152,0.0,0.0,0,0,2.25,3.0,4.3,0,0.0,0.7154198200443311,0,0,0,0,0,1,17.5,0.0,2
8.72371943690701,33.0,0,750.0,22.0,8.0,15480.0,160.0,95.0,2.079441541679836,13.0,0.0,2.079441541679836,3.0,0.6931471805599453,2.079441541679836,4.0,0.0,1.0,3.0,2.0,1.4142135623730951,1,2.0,2.0,0,0.9693021596563344,0.0,0.0,0,0,2.6,6.0,2.2,0,0.0,0.6232000706197988,0,0,0,0,0,0,9.799999999999999,0.0,0
8.509967146324497,56.0,1,441.0,14.0,7.0,4510.0,161.0,72.0,1.791759469228055,18.0,2.302585092994046,1.3862943611198906,2.0,1.3862943611198906,1.6094379124341005,3.0,2.0,1.0,3.0,2.0,1.4142135623730951,1,1.0,4.0,2,1.0637458932905621,1.4,5.58351893845611,1,0,2.1,6.0,4.4,0,0.7163940955676302,0.3555222087511073,0,0,0,0,0,0,-30.4,14.0,2
9.880116566212887,51.0,0,684.0,6.0,23.0,6462.0,162.0,51.0,3.044522437723423,13.0,2.079441541679836,2.772588722239781,1.0,0.0,2.9444389791664403,3.0,3.605551275463989,3.0,3.0,3.0,2.23606797749979,2,5.0,3.0,2,0.41167152359220366,0.0,14.582733033976409,1,0,2.5,9.0,1.6,0,0.8914652671561093,0.47256837670856794,0,0,0,0,0,0,-16.5,0.0,0
8.727940222393896,31.0,1,249.0,6.0,12.0,20739.0,163.0,76.0,2.079441541679836,18.0,1.6094379124341005,2.079441541679836,2.0,0.0,2.079441541679836,2.0,2.6457513110645907,2.0,1.0,3.0,1.7320508075688772,1,2.0,4.0,2,0.6713800171072227,0.6,8.147436496246192,1,0,2.3499999999999996,3.0,4.6,0,0.8591659478690193,0.5188744079958965,0,0,0,0,0,0,14.850000000000003,6.0,2
7.7702232041587855,26.0,0,841.0,6.0,5.0,23300.0,164.0,46.0,1.791759469228055,19.0,0.6931471805599453,1.3862943611198906,3.0,0.0,1.6094379124341005,2.0,2.0,3.0,2.0,2.0,1.7320508075688772,1,1.0,3.0,2,1.295037200693131,0.0,5.58351893845611,0,0,2.4,4.0,2.6,0,0.7163940955676302,0.45323518153597264,0,0,1,0,0,0,22.400000000000002,0.0,2
9.24116051431607,58.0,0,147.0,23.0,34.46000000000004,3465.0,165.0,94.0,3.4657359027997265,12.0,0.6931471805599453,1.9459101490553128,4.0,0.6931471805599453,2.3978952727983707,2.0,3.605551275463989,4.0,3.0,4.0,1.7320508075688772,1,3.0,4.0,2,0.26060802352837165,0.0,16.101439780224883,0,0,3.5,12.0,4.3,0,0.8073812141921654,0.43981479859007194,0,0,0,0,0,0,-9.0,0.0,2
7.424165281042028,19.0,1,528.0,22.0,1.0,26820.0,167.0,50.0,0.0,19.0,0.6931471805599453,0.0,4.0,0.0,0.0,2.0,0.0,4.0,3.0,3.0,1.4142135623730951,2,1.0,1.0,2,3.712082640521014,2.2,0.0,0,0,3.15,9.0,6.2,0,0.0,0.41426949003698443,0,0,0,0,1,0,17.85,22.0,0
7.833600223661103,22.0,0,594.0,2.0,3.0,19299.0,169.0,100.0,1.0986122886681096,14.0,0.0,0.6931471805599453,3.0,0.6931471805599453,0.6931471805599453,3.0,1.4142135623730951,3.0,3.0,4.0,1.4142135623730951,1,1.0,1.0,2,1.9584000559152757,0.0,2.9678859607972816,0,0,3.3499999999999996,12.0,1.2,0,0.6738803398843289,0.5676932236189236,0,0,0,0,0,0,11.700000000000006,0.0,2
8.789964651132264,49.0,0,470.0,20.0,16.0,5549.0,170.0,96.0,2.772588722239781,14.0,0.6931471805599453,2.4849066497880004,3.0,0.0,2.4849066497880004,2.0,2.23606797749979,3.0,3.0,1.0,1.4142135623730951,1,2.0,4.0,2,0.5170567441842508,0.0,8.435764834077224,0,0,2.05,3.0,4.0,0,0.5927144839080787,0.4832106566156679,0,1,0,0,0,0,-17.55,0.0,2
8.463792414689122,43.0,0,957.0,28.0,18.0,16090.0,171.0,72.0,1.3862943611198906,12.0,1.6094379124341005,1.0986122886681096,2.0,0.0,1.0986122886681096,3.0,1.0,4.0,4.0,3.0,1.4142135623730951,2,1.0,3.0,1,0.4454627586678485,0.0,2.386294361119891,1,0,2.9,12.0,3.8,0,0.41905978419640516,0.55975844889431,0,0,0,0,0,0,-3.3000000000000003,0.0,0
9.127936545721369,50.0,0,809.0,12.0,16.0,6645.0,174.0,77.0,1.0986122886681096,11.0,1.6094379124341005,0.6931471805599453,3.0,0.0,1.0986122886681096,3.0,1.4142135623730951,4.0,3.0,4.0,1.7320508075688772,2,3.0,3.0,1,0.5369374438659629,0.0,2.9678859607972816,1,0,3.5,12.0,2.2,0,0.6738803398843289,0.518832724603176,0,0,0,0,0,0,-5.0,0.0,0
8.425077902508432,31.0,1,542.0,20.0,4.0,24788.0,175.0,71.0,1.0986122886681096,11.0,1.3862943611198906,1.0986122886681096,2.0,0.6931471805599453,1.0986122886681096,3.0,1.4142135623730951,3.0,1.0,3.0,1.4142135623730951,1,2.0,3.0,2,1.6850155805016864,2.0,2.9678859607972816,0,0,2.75,3.0,5.0,0,0.6738803398843289,0.5655885067657234,0,0,1,0,0,0,11.25,20.0,2
9.010669176847117,41.0,1,802.0,9.0,12.0,21196.0,176.0,96.0,2.302585092994046,13.0,1.3862943611198906,2.079441541679836,3.0,0.6931471805599453,2.079441541679836,3.0,0.0,3.0,3.0,3.0,1.4142135623730951,0,3.0,1.0,2,0.693128398219009,0.9,0.0,0,0,3.0,9.0,3.9,0,0.0,0.7204644089785842,0,0,0,0,0,0,-1.0,9.0,4
7.987184748233473,26.0,0,1355.0,25.0,8.0,8916.0,177.0,61.0,2.19722457733622,23.0,0.6931471805599453,2.079441541679836,3.0,0.6931471805599453,2.079441541679836,3.0,2.23606797749979,4.0,3.0,3.0,1.7320508075688772,1,1.0,1.0,2,0.8874649720259414,0.0,7.1492114942568215,0,0,3.15,9.0,3.5,0,0.6993778270536061,0.4748223147526005,0,0,0,0,0,0,11.900000000000002,0.0,2
8.505525386548555,36.0,0,216.0,6.0,7.0,2819.0,178.0,84.0,1.3862943611198906,20.0,1.9459101490553128,0.6931471805599453,2.0,1.0986122886681096,1.0986122886681096,3.0,0.0,4.0,3.0,2.0,0.0,0,2.0,2.0,2,1.0631906733185694,0.0,0.0,1,0,2.55,6.0,1.6,0,0.0,0.3407219134550464,1,0,0,0,0,0,5.800000000000001,0.0,4
9.273409063443166,51.0,0,1150.0,8.0,18.0,25150.0,179.0,53.0,1.6094379124341005,15.0,1.0986122886681096,1.3862943611198906,1.0,0.0,1.0986122886681096,3.0,0.0,4.0,1.0,4.0,1.4142135623730951,2,3.0,4.0,1,0.48807416123385083,0.0,0.0,0,0,3.0,4.0,1.8,0,0.0,0.6935905714975199,0,0,0,0,0,0,-11.0,0.0,0
8.683215975240689,39.0,0,1329.0,4.0,17.0,14590.0,182.0,47.0,2.772588722239781,14.0,1.6094379124341005,2.302585092994046,4.0,0.6931471805599453,2.4849066497880004,4.0,2.23606797749979,3.0,2.0,3.0,1.0,1,2.0,4.0,2,0.4824008875133716,0.0,8.435764834077224,1,0,3.5,6.0,0.4,0,0.5927144839080787,0.5426400404581507,0,1,0,0,0,0,0.5,0.0,2
9.0641578617981,25.0,0,959.0,28.0,6.0,24835.0,183.0,41.0,1.0986122886681096,18.0,1.0986122886681096,1.0986122886681096,1.0,0.0,1.0986122886681096,3.0,1.4142135623730951,4.0,2.0,3.0,1.7320508075688772,1,2.0,3.0,2,1.2948796945425856,0.0,2.9678859607972816,0,0,2.65,6.0,3.8,0,0.6738803398843289,0.5936952031194764,0,0,1,0,0,0,20.25,0.0,2
8.7558950816463,30.0,1,1240.0,9.0,12.0,13982.0,184.0,48.0,2.4849066497880004,19.0,0.0,2.079441541679836,3.0,0.0,2.302585092994046,1.0,2.0,4.0,3.0,4.0,1.4142135623730951,1,2.0,3.0,2,0.6735303908958692,0.9,6.969813299576001,0,0,3.0,12.0,5.9,0,0.5739034645653041,0.5310222301337592,0,0,0,0,0,0,10.0,9.0,2
8.343077871169383,32.0,0,1033.0,9.0,10.0,10224.0,190.0,41.0,1.791759469228055,22.0,2.079441541679836,1.6094379124341005,1.0,0.0,1.6094379124341005,4.0,0.0,1.0,3.0,1.0,1.4142135623730951,2,1.0,3.0,2,0.758461624651762,0.0,0.0,1,0,1.75,3.0,0.9,0,0.0,0.39239869001427885,0,0,0,0,0,0,18.0,0.0,0
8.146998697389993,45.0,0,1316.0,29.0,9.0,9752.0,192.0,83.0,1.9459101490553128,13.0,1.791759469228055,1.3862943611198906,3.0,0.0,1.791759469228055,2.0,0.0,2.0,3.0,4.0,1.4142135623730951,2,1.0,3.0,2,0.8146998697389993,0.0,0.0,1,0,2.9499999999999997,12.0,4.9,0,0.0,0.5698489204506051,0,0,0,0,0,0,-5.250000000000002,0.0,0
8.370547611074752,38.0,1,364.0,3.0,19.0,2302.0,193.0,32.0,1.3862943611198906,20.0,1.3862943611198906,1.0986122886681096,4.0,0.0,1.0986122886681096,3.0,1.4142135623730951,2.0,3.0,3.0,1.4142135623730951,2,2.0,5.0,2,0.4185273805537376,0.3,3.37472984931019,0,0,3.0999999999999996,9.0,3.3,0,0.5926400302556987,0.16359841457311514,1,0,0,0,0,0,1.8000000000000007,3.0,0
7.87587915949631,30.0,0,438.0,18.0,5.0,23910.0,194.0,75.0,1.791759469228055,14.0,0.6931471805599453,1.6094379124341005,1.0,0.0,1.6094379124341005,2.0,0.0,3.0,3.0,3.0,2.0,2,1.0,3.0,2,1.3126465265827183,0.0,0.0,0,0,2.25,9.0,3.8,0,0.0,0.5007559465154074,0,0,1,0,0,0,17.5,0.0,0
8.448700194970938,32.0,0,689.0,9.0,9.0,22812.0,195.0,35.0,2.19722457733622,17.0,0.0,2.079441541679836,4.0,1.3862943611198906,2.079441541679836,4.0,0.0,4.0,1.0,4.0,1.4142135623730951,0,2.0,2.0,1,0.8448700194970937,0.0,0.0,0,0,4.0,4.0,0.9,0,0.0,0.44571152893605326,0,0,0,0,0,1,0.0,0.0,2
8.07246736935477,30.0,0,201.0,5.0,8.0,10415.0,197.0,84.0,1.3862943611198906,14.0,1.791759469228055,1.0986122886681096,4.0,0.6931471805599453,1.0986122886681096,3.0,1.4142135623730951,4.0,3.0,1.0,1.7320508075688772,0,1.0,3.0,2,0.8969408188171967,0.0,3.37472984931019,1,0,2.7,3.0,1.5,0,0.5926400302556987,0.3735256414009104,0,0,0,0,0,1,12.999999999999998,0.0,4
7.908754738783246,30.0,0,1427.0,2.0,6.0,11162.0,198.0,35.0,1.791759469228055,13.0,0.0,1.0986122886681096,2.0,0.0,1.3862943611198906,3.0,1.0,4.0,2.0,4.0,1.7320508075688772,2,1.0,1.0,2,1.1298221055404638,0.0,2.791759469228055,0,0,3.25,8.0,1.2,0,0.3581970477838151,0.4100133536313362,0,0,0,0,0,0,7.5,0.0,0
9.751617603198,41.0,0,857.0,10.0,21.0,12888.0,199.0,91.0,2.079441541679836,13.0,1.6094379124341005,2.079441541679836,4.0,0.6931471805599453,1.9459101490553128,2.0,2.6457513110645907,2.0,2.0,1.0,1.4142135623730951,0,4.0,3.0,1,0.4432553455999091,0.0,8.147436496246192,1,0,2.15,2.0,3.0,0,0.8591659478690193,0.698794839269191,0,0,0,0,0,0,-1.85,0.0,2
7.713784616598755,41.0,0,933.0,9.0,7.0,6961.0,200.0,94.0,1.791759469228055,21.0,1.0986122886681096,1.6094379124341005,3.0,0.6931471805599453,0.0,3.0,1.0,4.0,3.0,1.0,1.4142135623730951,1,1.0,4.0,2,0.9642230770748443,0.0,2.791759469228055,0,0,2.45,3.0,1.9,0,0.3581970477838151,0.4718020571136484,0,0,0,0,0,0,-1.5499999999999998,0.0,2
7.302496423727326,19.0,0,1181.0,3.0,1.0,16102.0,201.0,79.0,0.6931471805599453,14.0,0.6931471805599453,0.0,2.0,0.0,0.0,3.0,0.0,4.0,3.0,2.0,1.7320508075688772,2,1.0,1.0,2,3.651248211863663,0.0,0.0,0,0,2.55,6.0,1.3,0,0.0,0.5156575203504941,0,0,0,0,1,0,30.450000000000003,0.0,0
8.631592731724734,40.0,0,1395.0,26.0,20.0,8504.0,202.0,54.0,3.044522437723423,11.0,0.6931471805599453,2.639057329615259,2.0,0.6931471805599453,2.079441541679836,3.0,1.4142135623730951,1.0,3.0,2.0,1.4142135623730951,0,2.0,3.0,1,0.4110282253202254,0.0,5.719818484750756,0,0,2.1,6.0,3.6,0,0.34966144560916973,0.5134998628004502,0,0,0,0,0,0,0.0,0.0,2
8.895081531754167,35.0,0,662.0,1.0,10.0,11439.0,204.0,94.0,2.3978952727983707,13.0,0.6931471805599453,1.9459101490553128,3.0,1.0986122886681096,2.19722457733622,3.0,0.0,1.0,3.0,2.0,1.7320508075688772,1,3.0,5.0,2,0.8086437756140152,0.0,0.0,0,0,2.35,6.0,1.1,0,0.0,0.5794459681762694,0,0,0,0,0,0,8.25,0.0,2
7.7437032581737535,53.0,1,1436.0,6.0,13.0,16047.0,205.0,34.0,2.079441541679836,20.0,1.0986122886681096,1.791759469228055,2.0,0.6931471805599453,2.079441541679836,1.0,2.0,4.0,3.0,3.0,1.7320508075688772,1,2.0,2.0,2,0.5531216612981252,0.6,6.158883083359672,0,0,2.4,9.0,5.6,0,0.6494684094275741,0.4415533440972805,0,0,0,0,0,0,-20.8,6.0,2
7.761744984658913,45.0,0,194.0,9.0,20.0,10901.0,206.0,60.0,2.8903717578961645,18.0,2.19722457733622,2.772588722239781,2.0,0.6931471805599453,2.302585092994046,1.0,0.0,3.0,3.0,2.0,1.4142135623730951,0,2.0,3.0,2,0.3696069040313768,0.0,0.0,1,0,1.9,6.0,3.9,0,0.0,0.2621903852172248,1,0,0,0,0,0,-10.5,0.0,4
9.104868739033948,32.0,0,967.0,8.0,9.0,15589.0,207.0,43.0,2.302585092994046,14.0,0.6931471805599453,2.079441541679836,2.0,0.0,2.19722457733622,3.0,1.7320508075688772,4.0,3.0,4.0,1.4142135623730951,2,3.0,3.0,1,0.9104868739033949,0.0,5.720245177385273,0,0,3.25,12.0,1.8,0,0.5244530447506625,0.5132889330928159,0,0,0,0,0,0,6.0,0.0,0
8.371010681238156,29.0,0,1496.0,1.0,10.0,26283.0,208.0,41.0,2.3978952727983707,13.0,0.6931471805599453,2.302585092994046,4.0,0.6931471805599453,2.079441541679836,3.0,0.0,1.0,3.0,3.0,1.0,1,2.0,1.0,0,0.7610009710216505,0.0,0.0,0,0,2.9499999999999997,9.0,1.1,0,0.0,0.6390865629884196,0,0,0,0,0,0,11.550000000000002,0.0,0
8.721439305625983,51.0,0,1169.0,7.0,10.0,13983.0,211.0,34.0,0.6931471805599453,17.0,1.0986122886681096,0.0,2.0,0.0,0.0,3.0,0.0,3.0,2.0,3.0,1.4142135623730951,1,2.0,4.0,2,0.7928581186932712,0.0,0.0,0,0,2.75,6.0,1.7,0,0.0,0.4650833113361008,0,0,0,0,1,0,-13.75,0.0,2
8.115819701211327,58.0,1,1145.0,9.0,9.0,11873.0,214.0,75.0,0.6931471805599453,20.0,1.6094379124341005,0.0,2.0,0.6931471805599453,0.0,2.0,0.0,2.0,2.0,2.0,1.7320508075688772,1,1.0,3.0,2,0.8115819701211328,0.9,0.0,1,0,2.0,4.0,4.9,1,0.0,0.5290323777884534,0,0,0,0,1,0,-36.0,9.0,2
9.292473201514705,40.0,0,630.0,4.0,15.0,8552.0,215.0,67.0,2.5649493574615367,11.0,2.079441541679836,2.4849066497880004,3.0,0.6931471805599453,2.4849066497880004,2.0,1.4142135623730951,1.0,2.0,4.0,1.4142135623730951,1,3.0,4.0,2,0.580779575094669,0.0,5.041599730495356,1,0,2.8,8.0,2.4,0,0.39669948169477004,0.4857153087669107,0,0,0,0,0,0,0.0,0.0,2
7.751045117971802,22.0,0,1256.0,19.0,2.0,11992.0,217.0,80.0,1.0986122886681096,24.0,0.6931471805599453,1.0986122886681096,3.0,1.0986122886681096,1.0986122886681096,3.0,1.4142135623730951,1.0,3.0,4.0,2.449489742783178,1,1.0,1.0,2,2.5836817059906005,0.0,2.9678859607972816,0,0,3.05,12.0,2.9,0,0.6738803398843289,0.5336135524487537,0,0,0,0,0,0,17.1,0.0,2
7.613324979540639,27.0,0,691.0,9.0,6.0,5970.0,218.0,57.0,1.0986122886681096,18.0,1.9459101490553128,1.0986122886681096,4.0,0.6931471805599453,1.0986122886681096,1.0,1.4142135623730951,4.0,3.0,2.0,1.0,0,1.0,3.0,0,1.0876178542200914,0.0,2.9678859607972816,1,0,2.55,6.0,3.9,0,0.6738803398843289,0.2769485224646502,0,0,1,0,0,1,18.85,0.0,0
7.906178840394815,28.0,0,440.0,21.0,5.0,6672.0,221.0,42.0,1.791759469228055,11.0,0.6931471805599453,1.0986122886681096,3.0,0.6931471805599453,1.0986122886681096,1.0,0.0,3.0,3.0,4.0,1.4142135623730951,1,1.0,3.0,2,1.3176964733991359,0.0,0.0,0,0,2.8499999999999996,12.0,5.1,0,0.0,0.21307113608145822,0,0,1,0,0,0,13.800000000000004,0.0,2
9.152711259139547,57.0,1,334.0,24.0,12.0,23402.0,223.0,83.0,1.791759469228055,16.0,1.3862943611198906,1.6094379124341005,3.0,0.6931471805599453,1.3862943611198906,1.0,1.0,2.0,4.0,4.0,1.4142135623730951,0,3.0,2.0,2,0.7040547122415036,2.4,2.791759469228055,0,0,2.6999999999999997,16.0,7.4,0,0.3581970477838151,0.6257988381641121,0,0,0,0,0,0,-22.100000000000005,24.0,4
7.85049318087114,27.0,1,1450.0,3.0,1.0,25326.0,224.0,79.0,0.6931471805599453,15.0,0.6931471805599453,0.6931471805599453,3.0,0.6931471805599453,0.6931471805599453,2.0,0.0,4.0,2.0,3.0,1.4142135623730951,0,1.0,3.0,0,3.92524659043557,0.3,0.0,0,0,2.9,6.0,4.3,0,0.0,0.7079685744712927,0,0,1,0,1,1,14.3,3.0,0
9.884684885113384,50.0,0,1452.0,11.0,21.0,17053.0,226.0,53.0,1.791759469228055,15.0,1.3862943611198906,1.6094379124341005,3.0,0.0,1.6094379124341005,3.0,2.0,2.0,3.0,2.0,2.23606797749979,2,5.0,3.0,2,0.4493038584142447,0.0,5.58351893845611,0,0,2.5,6.0,2.1,0,0.7163940955676302,0.7238925870039455,0,0,0,0,0,0,-15.0,0.0,0
7.804659297056102,41.0,0,465.0,14.0,13.0,4609.0,227.0,56.0,2.302585092994046,12.0,1.6094379124341005,2.19722457733622,1.0,0.6931471805599453,2.19722457733622,3.0,1.0,1.0,3.0,3.0,1.4142135623730951,0,1.0,3.0,2,0.5574756640754359,0.0,3.302585092994046,1,0,2.1999999999999997,9.0,2.4,0,0.30279310656411385,0.23728076243432622,0,0,0,0,0,0,-1.8000000000000003,0.0,4
9.150590367570407,30.0,0,1339.0,5.0,12.0,8053.0,228.0,41.0,2.3978952727983707,12.0,1.0986122886681096,1.6094379124341005,2.0,0.6931471805599453,2.302585092994046,3.0,2.6457513110645907,3.0,3.0,4.0,1.4142135623730951,1,3.0,3.0,2,0.7038915667361851,0.0,8.989985872866464,0,0,3.0999999999999996,12.0,1.5,0,0.778644160179091,0.5013733997293521,0,0,0,0,0,0,9.000000000000004,0.0,2
9.06958293425992,38.0,0,702.0,1.0,12.0,12930.0,230.0,59.0,2.19722457733622,22.0,1.6094379124341005,2.079441541679836,1.0,0.0,1.3862943611198906,4.0,0.0,3.0,2.0,4.0,1.4142135623730951,2,2.0,4.0,2,0.6976602257123015,0.0,0.0,1,0,3.0999999999999996,8.0,0.1,0,0.0,0.49299602794566755,0,0,0,0,0,0,1.8000000000000007,0.0,0
8.019283792916793,32.0,0,120.0,6.0,8.0,12430.0,231.0,43.0,1.791759469228055,20.0,1.3862943611198906,1.6094379124341005,3.0,0.0,1.6094379124341005,3.0,1.0,1.0,3.0,3.0,1.4142135623730951,2,1.0,5.0,2,0.8910315325463104,0.0,2.791759469228055,0,0,2.6999999999999997,9.0,1.6,0,0.3581970477838151,0.22782266702793458,0,0,0,0,0,0,10.400000000000002,0.0,0
8.025843344150903,27.0,1,1157.0,17.0,6.0,13364.0,233.0,51.0,1.791759469228055,16.0,0.0,0.6931471805599453,3.0,0.6931471805599453,1.0986122886681096,2.0,1.0,4.0,3.0,2.0,1.7320508075688772,1,1.0,3.0,2,1.1465490491644148,1.7,2.791759469228055,0,0,2.55,6.0,5.7,0,0.3581970477838151,0.4519633772238144,0,0,1,0,0,0,18.85,17.0,2
7.75190533307861,19.0,0,602.0,1.0,1.0,20989.0,235.0,100.0,0.0,21.0,0.0,0.0,3.0,0.0,0.0,4.0,0.0,1.0,1.0,1.0,2.23606797749979,2,1.0,1.0,1,3.875952666539305,0.0,0.0,0,0,2.25,1.0,0.1,1,0.0,0.5783997751682741,0,0,0,0,1,0,36.75,0.0,0
7.644440761556566,36.0,0,1480.0,3.0,13.0,15062.0,238.0,30.0,2.19722457733622,12.0,1.6094379124341005,1.0986122886681096,4.0,0.0,2.079441541679836,2.0,2.6457513110645907,3.0,3.0,2.0,1.7320508075688772,2,1.0,2.0,1,0.5460314829683262,0.0,8.459061117255237,1,0,2.6500000000000004,6.0,2.3,0,0.8275150046759958,0.4159109646900686,0,1,0,0,0,0,5.399999999999999,0.0,0
8.030409562130485,30.0,0,111.0,9.0,12.0,11012.0,239.0,66.0,2.5649493574615367,11.0,0.6931471805599453,2.3978952727983707,3.0,1.0986122886681096,2.302585092994046,3.0,2.449489742783178,3.0,3.0,1.0,2.0,0,2.0,3.0,0,0.6177238124715758,0.0,8.732306884643515,0,0,2.3,3.0,1.9,0,0.6871036576315814,0.295168056396732,1,0,0,0,0,1,17.0,0.0,0
8.518592212329946,45.0,1,1268.0,4.0,9.0,6319.0,240.0,30.0,1.791759469228055,11.0,1.6094379124341005,1.3862943611198906,3.0,0.6931471805599453,1.6094379124341005,4.0,0.0,1.0,3.0,1.0,1.7320508075688772,0,2.0,2.0,2,0.8518592212329945,0.4,0.0,1,0,2.25,3.0,2.4,0,0.0,0.37248875461153547,1,0,0,0,0,0,-8.75,4.0,4
8.356554845453426,56.0,1,713.0,8.0,19.0,13939.0,241.0,67.0,1.0986122886681096,18.0,1.6094379124341005,1.0986122886681096,3.0,0.6931471805599453,1.0986122886681096,3.0,1.4142135623730951,3.0,3.0,1.0,1.7320508075688772,0,1.0,3.0,2,0.4178277422726713,0.8,2.9678859607972816,1,0,2.3,3.0,3.8,0,0.6738803398843289,0.46655049596717296,0,0,0,0,0,0,-27.200000000000003,8.0,4
7.824445930877619,33.0,0,134.0,2.0,4.0,10515.0,242.0,90.0,1.3862943611198906,14.0,0.0,1.0986122886681096,3.0,0.0,0.6931471805599453,4.0,0.0,1.0,3.0,4.0,1.4142135623730951,2,1.0,3.0,2,1.5648891861755239,0.0,0.0,0,0,3.3,12.0,0.2,0,0.0,0.3606229669400405,0,0,0,0,0,0,4.900000000000001,0.0,0
7.228649665640015,19.0,0,303.0,2.0,1.0,9241.0,243.0,47.0,0.6931471805599453,22.0,0.6931471805599453,0.0,2.0,0.0,0.0,2.0,1.0,3.0,2.0,4.0,1.7320508075688772,2,1.0,3.0,2,3.6143248328200075,0.0,1.6931471805599454,0,0,2.8499999999999996,8.0,2.2,0,0.5906161091496412,0.16842684325398166,0,0,1,0,1,0,24.150000000000006,0.0,0
9.254739959272866,46.0,0,526.0,1.0,24.0,2137.0,244.0,92.0,3.218875824868201,25.0,0.6931471805599453,2.079441541679836,2.0,1.3862943611198906,2.639057329615259,3.0,3.605551275463989,3.0,3.0,1.0,1.4142135623730951,0,3.0,2.0,2,0.37018959837091464,0.0,15.211373111377732,0,0,2.05,3.0,1.1,0,0.8546237019376193,0.48844336208619704,0,0,0,0,0,0,-11.700000000000001,0.0,4
7.735870319952567,38.0,0,1380.0,9.0,2.0,6319.0,245.0,75.0,1.0986122886681096,12.0,0.6931471805599453,0.6931471805599453,3.0,0.0,1.0986122886681096,3.0,1.4142135623730951,3.0,3.0,4.0,1.7320508075688772,2,1.0,2.0,2,2.578623439984189,0.0,2.9678859607972816,0,0,3.3499999999999996,12.0,1.9,0,0.6738803398843289,0.4795720895258265,0,0,0,0,0,0,1.3000000000000007,0.0,0
8.276394704863307,31.0,1,140.0,12.0,7.0,6984.0,246.0,95.0,1.6094379124341005,23.0,2.19722457733622,1.0986122886681096,3.0,0.6931471805599453,1.0986122886681096,3.0,0.0,3.0,3.0,4.0,0.0,1,1.0,1.0,2,1.0345493381079134,1.2,0.0,1,0,3.3499999999999996,12.0,4.2,0,0.0,0.38664894430088587,0,0,0,0,0,0,5.850000000000003,12.0,2
7.7458682297922685,34.0,0,629.0,27.0,9.0,5711.0,247.0,95.0,1.3862943611198906,15.0,1.0986122886681096,1.0986122886681096,4.0,0.0,1.0986122886681096,3.0,1.0,4.0,3.0,2.0,1.7320508075688772,2,1.0,2.0,2,0.7745868229792269,0.0,2.386294361119891,0,0,3.0500000000000003,6.0,3.7,0,0.41905978419640516,0.411443392239706,0,0,0,0,0,0,5.699999999999998,0.0,0
8.213652703029998,50.0,0,328.0,1.0,5.0,3425.0,249.0,86.0,1.3862943611198906,15.0,1.0986122886681096,1.0986122886681096,3.0,0.6931471805599453,1.0986122886681096,2.0,0.0,4.0,2.0,3.0,1.4142135623730951,1,1.0,3.0,2,1.3689421171716665,0.0,0.0,0,0,2.9,6.0,2.1,0,0.0,0.34651824400743725,0,0,0,0,0,0,-11.0,0.0,2
8.400884069015854,53.0,0,1084.0,13.0,5.0,26250.0,250.0,57.0,1.6094379124341005,11.0,0.6931471805599453,1.3862943611198906,4.0,1.0986122886681096,1.0986122886681096,3.0,1.0,3.0,4.0,1.0,1.7320508075688772,0,2.0,2.0,2,1.4001473448359756,0.0,2.6094379124341005,0,0,2.55,4.0,2.3,0,0.383224293337255,0.6249805814904347,0,0,0,0,0,0,-18.85,0.0,4
7.921898411023797,33.0,0,931.0,14.0,8.0,4673.0,252.0,72.0,2.19722457733622,13.0,0.6931471805599453,1.9459101490553128,4.0,0.6931471805599453,2.079441541679836,3.0,1.0,4.0,3.0,2.0,2.23606797749979,1,1.0,3.0,2,0.8802109345581997,0.0,3.19722457733622,0,0,3.0500000000000003,6.0,2.4,0,0.3127712726495909,0.3894942076589225,0,0,0,0,0,0,6.649999999999999,0.0,2
9.85398213263229,40.0,0,989.0,4.0,21.0,6499.0,253.0,46.0,3.044522437723423,14.0,0.6931471805599453,2.302585092994046,4.0,0.6931471805599453,2.19722457733622,3.0,3.0,2.0,3.0,3.0,1.4142135623730951,1,5.0,1.0,2,0.44790827875601313,0.0,12.133567313170268,0,0,3.0999999999999996,9.0,1.4,0,0.7417439379292052,0.5072039804401286,0,0,0,0,0,0,0.0,0.0,2
9.837507993602152,55.0,0,692.0,14.0,34.46000000000004,13339.0,254.0,61.0,3.218875824868201,11.0,2.19722457733622,2.772588722239781,3.0,0.0,2.772588722239781,3.0,1.4142135623730951,4.0,4.0,2.0,1.7320508075688772,2,5.0,4.0,2,0.27742549333339367,0.0,5.966391409496588,1,0,2.8000000000000003,8.0,2.4,0,0.33521099484298655,0.5747360815911654,0,0,0,0,0,0,-17.999999999999996,0.0,0
9.16408698745872,34.0,0,1069.0,2.0,10.0,14074.0,256.0,45.0,2.3978952727983707,17.0,0.6931471805599453,2.302585092994046,4.0,0.0,2.302585092994046,2.0,1.0,3.0,2.0,3.0,1.4142135623730951,1,2.0,1.0,1,0.8330988170417019,0.0,3.3978952727983707,0,0,3.0,6.0,2.2,0,0.2942998296638024,0.5290513336831786,0,0,0,0,0,0,6.0,0.0,1
9.527702598529377,51.0,0,313.0,3.0,21.0,7192.0,258.0,98.0,2.079441541679836,18.0,1.3862943611198906,0.0,4.0,0.0,2.079441541679836,3.0,1.0,3.0,3.0,2.0,2.449489742783178,2,4.0,3.0,2,0.4330773908422444,0.0,3.079441541679836,0,0,2.9000000000000004,6.0,1.3,0,0.32473420471378706,0.5481900406390964,0,0,0,0,0,0,-12.099999999999996,0.0,0
9.884684885113384,52.0,0,699.0,1.0,34.0,5678.0,259.0,65.0,3.4657359027997265,14.0,0.0,2.302585092994046,3.0,0.6931471805599453,2.9444389791664403,3.0,3.3166247903554,1.0,2.0,3.0,2.23606797749979,1,5.0,4.0,2,0.28241956814609664,0.0,14.811170402405727,0,0,2.6999999999999997,6.0,1.1,0,0.742682698337824,0.5178127888122324,0,0,0,0,0,0,-15.600000000000003,0.0,2
7.731930721948486,27.0,0,894.0,9.0,7.0,11781.0,260.0,99.0,2.079441541679836,16.0,0.6931471805599453,1.3862943611198906,4.0,0.0,2.079441541679836,2.0,0.0,4.0,3.0,2.0,1.4142135623730951,2,1.0,3.0,2,0.9664913402435608,0.0,0.0,0,0,2.8000000000000003,6.0,2.9,0,0.0,0.532771824248258,0,0,1,0,0,0,15.599999999999996,0.0,0
8.685584842676693,35.0,1,556.0,23.0,8.0,15497.0,261.0,50.0,0.6931471805599453,13.0,1.3862943611198906,0.6931471805599453,2.0,0.0,0.0,3.0,0.0,1.0,2.0,3.0,1.0,1,2.0,2.0,2,0.9650649825196326,2.3,0.0,0,0,2.4499999999999997,6.0,5.3,1,0.0,0.4243497536005028,0,0,0,1,1,0,7.750000000000002,23.0,2
7.644919344958857,43.0,0,1344.0,7.0,7.0,5228.0,262.0,37.0,1.791759469228055,14.0,1.6094379124341005,1.0986122886681096,4.0,1.3862943611198906,1.6094379124341005,4.0,1.4142135623730951,4.0,4.0,4.0,1.7320508075688772,0,1.0,3.0,0,0.9556149181198571,0.0,3.948144104265829,1,0,4.0,16.0,0.7,0,0.506567122977875,0.31790302717238367,0,0,0,0,0,0,-0.0,0.0,0
9.728717411895008,45.0,0,1195.0,2.0,22.0,20462.0,264.0,65.0,3.044522437723423,23.0,2.302585092994046,2.19722457733622,1.0,0.6931471805599453,2.19722457733622,3.0,3.3166247903554,4.0,2.0,4.0,1.0,1,4.0,2.0,0,0.4229877135606525,0.0,13.414163382102156,1,0,3.0,8.0,1.2,0,0.8200287775439463,0.7402978771945145,0,0,0,0,0,0,-5.0,0.0,0
8.178919332848396,37.0,1,290.0,21.0,8.0,22977.0,267.0,65.0,2.19722457733622,12.0,0.6931471805599453,2.079441541679836,2.0,0.6931471805599453,2.079441541679836,2.0,1.0,1.0,4.0,1.0,1.7320508075688772,1,1.0,3.0,2,0.908768814760933,2.1,3.19722457733622,0,0,1.5,4.0,6.1,0,0.3127712726495909,0.4577144803321293,0,0,0,1,0,0,7.5,21.0,2
8.395251520610994,35.0,0,138.0,2.0,10.0,15986.0,269.0,37.0,1.9459101490553128,11.0,1.791759469228055,1.0986122886681096,2.0,0.0,1.0986122886681096,3.0,1.0,4.0,3.0,2.0,2.23606797749979,2,2.0,3.0,1,0.7632046836919085,0.0,2.9459101490553126,1,0,2.55,6.0,1.2,0,0.3394536660667256,0.28069898663285076,1,0,0,0,0,0,7.250000000000001,0.0,0
8.569026340056254,42.0,0,926.0,21.0,11.0,16439.0,270.0,36.0,1.791759469228055,16.0,1.0986122886681096,1.0986122886681096,3.0,0.6931471805599453,1.3862943611198906,3.0,0.0,2.0,3.0,3.0,2.23606797749979,0,2.0,2.0,0,0.7140855283380212,0.0,0.0,0,0,2.8499999999999996,9.0,3.1,0,0.0,0.43904790127046367,0,0,0,0,0,0,-2.3000000000000007,0.0,0
8.787830829258759,38.0,0,1261.0,2.0,14.0,7259.0,271.0,88.0,0.6931471805599453,14.0,2.302585092994046,0.0,4.0,0.0,0.0,3.0,0.0,2.0,3.0,3.0,1.7320508075688772,1,2.0,4.0,2,0.5858553886172506,0.0,0.0,1,0,3.0999999999999996,9.0,1.2,1,0.0,0.6131569379371955,0,0,0,0,1,0,1.8000000000000007,0.0,2
8.742254901886351,38.0,0,1084.0,29.0,9.0,4185.0,273.0,54.0,2.079441541679836,18.0,1.3862943611198906,2.079441541679836,4.0,0.6931471805599453,2.079441541679836,1.0,1.0,1.0,3.0,4.0,1.7320508075688772,1,2.0,3.0,2,0.8742254901886352,0.0,3.079441541679836,0,0,2.8,12.0,5.9,0,0.32473420471378706,0.4249062451167937,0,0,0,0,0,0,2.4000000000000004,0.0,2
8.366137716496281,27.0,0,472.0,1.0,6.0,9679.0,274.0,60.0,1.0986122886681096,19.0,1.791759469228055,0.0,3.0,0.6931471805599453,1.0986122886681096,3.0,1.4142135623730951,3.0,2.0,1.0,1.0,1,2.0,1.0,1,1.1951625309280403,0.0,2.9678859607972816,1,0,2.3,2.0,1.1,0,0.6738803398843289,0.35656185697414344,1,0,0,0,0,0,22.1,0.0,1
8.825412915085566,49.0,1,1002.0,18.0,7.0,23793.0,275.0,92.0,2.079441541679836,15.0,0.6931471805599453,2.079441541679836,4.0,1.0986122886681096,2.079441541679836,3.0,1.0,1.0,3.0,4.0,0.0,0,2.0,4.0,0,1.1031766143856958,1.8,3.079441541679836,0,0,3.3,12.0,4.8,0,0.32473420471378706,0.7506014443888089,0,0,0,0,0,0,-6.300000000000002,18.0,0
8.246958032568177,34.0,1,878.0,10.0,5.0,5972.0,277.0,43.0,1.791759469228055,17.0,0.6931471805599453,0.0,4.0,0.6931471805599453,1.3862943611198906,4.0,1.4142135623730951,4.0,3.0,3.0,2.0,0,1.0,4.0,1,1.3744930054280295,1.0,3.948144104265829,0,0,3.65,9.0,3.0,0,0.506567122977875,0.32007404020804286,0,0,0,0,0,1,2.1000000000000005,10.0,2
7.91644286012226,40.0,1,905.0,19.0,15.0,16523.0,281.0,99.0,2.079441541679836,15.0,2.19722457733622,2.079441541679836,3.0,0.6931471805599453,1.0986122886681096,4.0,1.7320508075688772,3.0,3.0,4.0,1.4142135623730951,1,2.0,2.0,2,0.4947776787576412,1.9,5.333749209127708,1,0,3.5999999999999996,12.0,3.9,0,0.562456141519752,0.5997084641316124,0,0,0,0,0,0,0.0,19.0,2
8.80597465931132,38.0,1,1180.0,29.0,17.0,11354.0,282.0,70.0,0.6931471805599453,19.0,2.079441541679836,0.0,2.0,0.0,0.0,3.0,0.0,2.0,3.0,1.0,1.4142135623730951,1,2.0,1.0,2,0.4892208144061844,2.9,0.0,1,0,1.9000000000000001,3.0,5.9,1,0.0,0.5771898727353726,0,0,0,1,1,0,4.199999999999999,29.0,2
8.941152882160566,29.0,0,121.0,27.0,10.0,24525.0,283.0,35.0,2.3978952727983707,22.0,0.6931471805599453,2.302585092994046,2.0,1.3862943611198906,1.6094379124341005,2.0,1.0,4.0,3.0,4.0,1.7320508075688772,1,3.0,3.0,2,0.8128320801964151,0.0,3.3978952727983707,0,0,3.0,12.0,4.7,0,0.2942998296638024,0.4076127223065893,0,0,0,0,0,0,11.0,0.0,2
7.753194269884341,22.0,1,1136.0,5.0,4.0,12392.0,284.0,60.0,1.6094379124341005,16.0,0.6931471805599453,1.0986122886681096,4.0,0.6931471805599453,1.0986122886681096,2.0,1.4142135623730951,1.0,4.0,2.0,1.4142135623730951,0,1.0,3.0,2,1.5506388539768683,0.5,3.690302485934842,0,0,2.35,8.0,4.5,0,0.5419609930683914,0.44492794007479963,0,0,1,0,0,1,29.7,5.0,4
7.675081857716334,36.0,0,635.0,18.0,8.0,7703.0,286.0,73.0,2.19722457733622,13.0,0.6931471805599453,2.079441541679836,2.0,0.0,0.6931471805599453,3.0,1.0,1.0,3.0,4.0,1.4142135623730951,2,1.0,1.0,1,0.8527868730795927,0.0,3.19722457733622,0,0,2.8,12.0,2.8,0,0.3127712726495909,0.3472788923036813,0,0,0,0,0,0,4.800000000000001,0.0,0
8.492285555710053,40.0,0,1151.0,9.0,5.0,14242.0,287.0,63.0,1.3862943611198906,14.0,2.302585092994046,1.0986122886681096,4.0,0.6931471805599453,1.0986122886681096,1.0,0.0,4.0,2.0,4.0,2.23606797749979,1,2.0,5.0,0,1.4153809259516754,0.0,0.0,1,0,3.25,8.0,3.9,0,0.0,0.5464642753817489,0,0,0,0,0,0,0.0,0.0,0
9.148145768383063,46.0,0,644.0,1.0,17.0,12368.0,288.0,97.0,1.6094379124341005,16.0,2.079441541679836,1.3862943611198906,4.0,0.6931471805599453,1.0986122886681096,3.0,0.0,3.0,3.0,1.0,1.7320508075688772,0,3.0,4.0,2,0.5082303204657257,0.0,0.0,1,0,2.55,3.0,1.1,0,0.0,0.6200842388249375,0,0,0,0,0,0,-8.700000000000001,0.0,4
9.249657234353132,32.0,0,1045.0,4.0,14.0,25812.0,291.0,32.0,2.70805020110221,11.0,0.6931471805599453,2.19722457733622,4.0,0.0,2.19722457733622,2.0,3.0,3.0,1.0,4.0,1.4142135623730951,1,3.0,4.0,2,0.6166438156235421,0.0,11.12415060330663,0,0,3.3499999999999996,4.0,2.4,0,0.809050535267364,0.6042099115632233,0,0,0,0,0,0,5.200000000000003,0.0,2
9.044875932248653,30.0,0,829.0,1.0,12.0,20925.0,292.0,88.0,2.4849066497880004,22.0,0.6931471805599453,2.19722457733622,3.0,0.0,2.19722457733622,3.0,2.23606797749979,3.0,2.0,3.0,1.4142135623730951,2,3.0,1.0,0,0.6957596870960502,0.0,7.792488164167022,0,0,3.0,6.0,1.1,0,0.6416435796453308,0.6972241451901001,0,0,0,0,0,0,10.0,0.0,0
9.208538750029554,27.0,0,1242.0,20.0,7.0,12916.0,293.0,90.0,2.079441541679836,14.0,0.6931471805599453,2.079441541679836,4.0,0.0,2.079441541679836,3.0,0.0,4.0,3.0,3.0,1.4142135623730951,2,2.0,3.0,1,1.1510673437536942,0.0,0.0,0,0,3.4,9.0,3.0,0,0.0,0.7132846794421364,0,0,1,0,0,0,7.800000000000001,0.0,0
9.43276366396591,51.0,0,1469.0,8.0,16.0,15736.0,296.0,81.0,2.3978952727983707,16.0,1.791759469228055,2.079441541679836,2.0,1.0986122886681096,2.302585092994046,1.0,2.0,4.0,2.0,2.0,2.23606797749979,1,3.0,4.0,2,0.554868450821524,0.0,6.795790545596741,1,0,2.05,4.0,3.8,0,0.5885996593276048,0.7711773819740837,0,0,0,0,0,0,-21.450000000000003,0.0,2
7.88532923927319,30.0,1,1005.0,3.0,8.0,8556.0,297.0,88.0,1.791759469228055,11.0,1.791759469228055,1.6094379124341005,4.0,0.0,1.0986122886681096,3.0,0.0,3.0,3.0,1.0,2.23606797749979,2,1.0,3.0,2,0.8761476932525767,0.3,0.0,1,0,2.55,3.0,3.3,0,0.0,0.49541576177286994,0,0,0,0,0,0,14.500000000000002,3.0,0
9.517236663351769,41.0,1,896.0,6.0,16.0,14674.0,298.0,75.0,0.6931471805599453,18.0,1.3862943611198906,0.0,4.0,0.0,0.0,3.0,0.0,3.0,3.0,4.0,1.7320508075688772,2,3.0,3.0,2,0.5598374507853981,0.6,0.0,0,0,3.5999999999999996,12.0,3.6,0,0.0,0.6444981838319791,0,0,0,0,1,0,-0.40000000000000036,6.0,0
8.80941494391005,30.0,0,334.0,26.0,9.0,22967.0,299.0,52.0,1.9459101490553128,15.0,1.791759469228055,0.6931471805599453,3.0,0.0,1.3862943611198906,2.0,0.0,3.0,2.0,1.0,2.23606797749979,2,2.0,4.0,1,0.8809414943910051,0.0,0.0,1,0,2.05,2.0,4.6,0,0.0,0.4784051051922822,0,0,0,0,0,0,19.5,0.0,0
7.629975707027789,29.0,0,992.0,1.0,7.0,19757.0,300.0,85.0,1.9459101490553128,14.0,0.0,1.791759469228055,3.0,0.0,1.0986122886681096,2.0,1.0,4.0,3.0,3.0,1.0,2,1.0,3.0,2,0.9537469633784736,0.0,2.9459101490553126,0,0,2.9,9.0,2.1,0,0.3394536660667256,0.5707771068329779,0,0,1,0,0,0,12.100000000000001,0.0,0
9.089979015305,45.0,0,1052.0,6.0,23.0,16840.0,302.0,57.0,2.995732273553991,12.0,1.9459101490553128,2.19722457733622,4.0,0.0,2.079441541679836,3.0,3.4641016151377544,4.0,2.0,4.0,1.4142135623730951,2,3.0,3.0,0,0.3787491256377083,0.0,13.84162262247643,1,0,3.75,8.0,1.6,0,0.8669503805510524,0.5896563201263427,0,0,0,0,0,0,-1.25,0.0,0
8.689632748355741,54.0,0,1147.0,3.0,16.0,17011.0,303.0,52.0,1.9459101490553128,14.0,1.0986122886681096,1.791759469228055,4.0,0.6931471805599453,1.0986122886681096,3.0,0.0,4.0,3.0,1.0,2.0,1,2.0,3.0,2,0.5111548675503377,0.0,0.0,0,0,2.7,3.0,1.3,0,0.0,0.552833720253181,0,0,0,0,0,0,-18.199999999999996,0.0,2
8.685246776412487,36.0,0,1396.0,5.0,16.0,9945.0,304.0,62.0,2.639057329615259,16.0,2.19722457733622,2.079441541679836,4.0,0.0,2.4849066497880004,4.0,1.7320508075688772,4.0,3.0,2.0,1.7320508075688772,2,2.0,2.0,2,0.5108968692007345,0.0,6.303032186549551,1,0,3.3000000000000003,6.0,0.5,0,0.4759613962311495,0.5617654139424846,0,0,0,0,0,0,2.799999999999999,0.0,0
7.872073979866873,33.0,0,147.0,4.0,7.0,13248.0,305.0,47.0,1.3862943611198906,21.0,1.9459101490553128,0.6931471805599453,3.0,0.0,1.0986122886681096,3.0,1.0,4.0,2.0,2.0,1.7320508075688772,1,1.0,4.0,2,0.9840092474833592,0.0,2.386294361119891,1,0,2.8000000000000003,4.0,1.4,0,0.41905978419640516,0.24129520465687018,0,0,0,0,0,0,8.399999999999999,0.0,2
9.40804303080844,37.0,1,663.0,11.0,10.0,10056.0,306.0,47.0,2.3978952727983707,14.0,0.6931471805599453,2.079441541679836,2.0,1.3862943611198906,2.19722457733622,3.0,0.0,3.0,3.0,4.0,1.0,0,3.0,3.0,1,0.8552766391644036,1.1,0.0,0,0,3.0999999999999996,12.0,4.1,0,0.0,0.44616765914205525,0,0,0,0,0,0,2.700000000000001,11.0,2
9.26955223160803,38.0,0,119.0,3.0,17.0,9647.0,307.0,76.0,2.833213344056216,12.0,0.0,2.639057329615259,1.0,1.0986122886681096,2.3978952727983707,2.0,2.23606797749979,3.0,3.0,3.0,2.449489742783178,0,3.0,3.0,2,0.5149751239782239,0.0,8.571325609568989,0,0,2.25,9.0,2.3,0,0.5833403405440605,0.43524653680815095,0,0,0,0,0,0,3.5,0.0,4
8.377011160816375,31.0,0,979.0,1.0,6.0,4381.0,308.0,90.0,1.791759469228055,12.0,0.0,1.6094379124341005,3.0,0.6931471805599453,1.6094379124341005,3.0,1.0,4.0,1.0,3.0,1.4142135623730951,1,2.0,4.0,0,1.1967158801166249,0.0,2.791759469228055,0,0,3.15,3.0,1.1,0,0.3581970477838151,0.5022762239241095,0,0,1,0,0,0,7.65,0.0,0
7.686162303492906,59.0,0,142.0,3.0,7.0,8456.0,309.0,70.0,0.6931471805599453,17.0,1.3862943611198906,0.0,3.0,0.6931471805599453,0.0,3.0,0.0,1.0,2.0,4.0,2.449489742783178,1,1.0,3.0,2,0.9607702879366132,0.0,0.0,0,0,3.05,8.0,1.3,1,0.0,0.2569415121949971,0,0,0,0,1,0,-18.050000000000004,0.0,2
7.935229539816907,37.0,0,319.0,4.0,13.0,2539.0,311.0,41.0,2.302585092994046,17.0,1.6094379124341005,2.19722457733622,1.0,0.6931471805599453,2.19722457733622,3.0,2.23606797749979,3.0,3.0,4.0,1.4142135623730951,0,1.0,4.0,1,0.5668021099869219,0.0,7.384804769412152,1,0,2.8499999999999996,12.0,1.4,0,0.6770659693956964,0.14909291569624525,0,1,0,0,0,0,3.450000000000001,0.0,2
8.977020214210413,29.0,0,1413.0,1.0,11.0,6599.0,312.0,42.0,2.4849066497880004,14.0,0.6931471805599453,0.6931471805599453,2.0,0.6931471805599453,2.3978952727983707,3.0,2.0,4.0,3.0,4.0,2.23606797749979,1,3.0,1.0,1,0.7480850178508677,0.0,6.969813299576001,0,0,3.25,12.0,1.1,0,0.5739034645653041,0.4872546929441039,0,0,0,0,0,0,8.25,0.0,1
9.081369990679224,35.0,0,944.0,1.0,10.0,9096.0,314.0,92.0,2.3978952727983707,14.0,0.6931471805599453,2.19722457733622,3.0,0.0,2.079441541679836,4.0,0.0,1.0,3.0,3.0,1.7320508075688772,2,3.0,3.0,1,0.8255790900617477,0.0,0.0,0,0,2.9499999999999997,9.0,0.1,0,0.0,0.6167834694008066,0,0,0,0,0,0,5.250000000000002,0.0,0
7.779048644925556,29.0,1,896.0,18.0,4.0,14961.0,315.0,86.0,1.6094379124341005,13.0,0.6931471805599453,0.6931471805599453,3.0,0.0,1.3862943611198906,2.0,0.0,3.0,2.0,4.0,1.7320508075688772,2,1.0,1.0,2,1.5558097289851112,1.8,0.0,0,0,3.0999999999999996,8.0,5.8,0,0.0,0.5230574502214967,0,0,0,0,0,0,9.900000000000004,18.0,0
8.074960359115858,52.0,0,1323.0,2.0,6.0,3300.0,316.0,89.0,1.0986122886681096,15.0,2.079441541679836,1.0986122886681096,3.0,0.0,1.0986122886681096,2.0,1.4142135623730951,2.0,2.0,4.0,1.7320508075688772,2,1.0,3.0,2,1.1535657655879796,0.0,2.9678859607972816,1,0,2.9499999999999997,8.0,2.2,0,0.6738803398843289,0.5209834378120026,0,0,0,0,0,0,-12.600000000000003,0.0,0
9.864382832655368,42.0,0,532.0,4.0,22.0,4933.0,319.0,58.0,3.1354942159291497,11.0,0.6931471805599453,2.772588722239781,3.0,0.0,2.8903717578961645,3.0,3.3166247903554,4.0,3.0,4.0,1.7320508075688772,1,5.0,2.0,2,0.42888621011545075,0.0,13.715882636921984,0,0,3.5,12.0,1.4,0,0.8019899477988343,0.45353796603870644,0,0,0,0,0,0,-1.0,0.0,2
7.726653664847642,59.0,0,818.0,6.0,7.0,25657.0,321.0,52.0,1.0986122886681096,17.0,2.19722457733622,1.0986122886681096,2.0,0.0,1.0986122886681096,2.0,1.4142135623730951,4.0,3.0,3.0,1.4142135623730951,1,1.0,2.0,2,0.9658317081059552,0.0,2.9678859607972816,1,0,2.65,9.0,2.6,0,0.6738803398843289,0.4901067037123853,0,0,0,0,0,0,-25.650000000000002,0.0,2
9.879092395701406,50.0,0,854.0,1.0,32.0,24118.0,323.0,68.0,2.079441541679836,11.0,1.3862943611198906,1.9459101490553128,4.0,0.6931471805599453,0.0,2.0,0.0,3.0,3.0,4.0,1.7320508075688772,0,5.0,4.0,2,0.29936643623337594,0.0,0.0,0,0,3.3499999999999996,12.0,2.1,0,0.0,0.740842082932832,0,0,0,0,0,0,-6.5000000000000036,0.0,4
7.798523053625206,33.0,1,813.0,14.0,8.0,22149.0,325.0,58.0,1.791759469228055,13.0,1.791759469228055,1.6094379124341005,3.0,0.6931471805599453,1.6094379124341005,1.0,0.0,3.0,3.0,4.0,1.4142135623730951,1,1.0,3.0,2,0.8665025615139118,1.4,0.0,1,0,2.8499999999999996,12.0,6.4,0,0.0,0.4821914128898256,0,0,0,0,0,0,8.050000000000002,14.0,2
9.68439827154996,43.0,1,1034.0,16.0,22.0,7744.0,327.0,80.0,2.8903717578961645,22.0,1.791759469228055,2.302585092994046,4.0,0.6931471805599453,2.639057329615259,3.0,1.0,3.0,3.0,4.0,1.7320508075688772,1,4.0,3.0,2,0.4210607944152156,1.6,3.8903717578961645,1,0,3.5999999999999996,12.0,4.6,0,0.25704484358604845,0.6332208883253647,0,0,0,0,0,0,-1.200000000000001,16.0,2
7.903965634032166,33.0,0,465.0,2.0,13.0,21509.0,328.0,39.0,2.302585092994046,20.0,2.079441541679836,2.079441541679836,1.0,0.0,2.079441541679836,4.0,1.0,1.0,3.0,1.0,1.7320508075688772,1,1.0,2.0,2,0.5645689738594404,0.0,3.302585092994046,1,0,1.75,3.0,0.2,0,0.30279310656411385,0.3555583609668451,0,0,0,0,0,0,15.75,0.0,2
9.855819258834629,52.0,1,771.0,2.0,33.0,21030.0,329.0,79.0,3.4657359027997265,18.0,0.6931471805599453,2.5649493574615367,1.0,0.0,2.079441541679836,4.0,3.605551275463989,4.0,2.0,3.0,1.4142135623730951,2,5.0,4.0,0,0.2898770370245479,0.2,16.101439780224883,0,0,2.9,6.0,2.2,0,0.8073812141921654,0.7320861586216808,0,0,0,0,0,0,-13.200000000000001,2.0,0
8.276903481267057,32.0,0,1401.0,4.0,6.0,20990.0,330.0,56.0,1.6094379124341005,11.0,1.0986122886681096,1.0986122886681096,3.0,0.6931471805599453,1.3862943611198906,3.0,1.0,1.0,3.0,2.0,2.23606797749979,1,1.0,2.0,2,1.182414783038151,0.0,2.6094379124341005,0,0,2.35,6.0,1.4,0,0.383224293337255,0.6136675100489194,0,0,0,0,0,0,13.2,0.0,2
8.224431573221159,32.0,1,515.0,1.0,4.0,9571.0,331.0,62.0,1.3862943611198906,14.0,0.0,1.0986122886681096,4.0,0.0,1.0986122886681096,1.0,1.0,4.0,2.0,3.0,1.4142135623730951,2,1.0,3.0,2,1.6448863146442316,0.1,2.386294361119891,0,0,2.9,6.0,5.1,0,0.41905978419640516,0.35697752802649724,0,0,0,0,0,0,8.8,1.0,0
7.711101251840158,39.0,0,1431.0,1.0,7.0,15417.0,332.0,96.0,1.3862943611198906,14.0,2.079441541679836,1.0986122886681096,3.0,1.3862943611198906,1.0986122886681096,3.0,1.0,3.0,3.0,3.0,1.0,0,1.0,4.0,2,0.9638876564800197,0.0,2.386294361119891,1,0,3.0,9.0,1.1,0,0.41905978419640516,0.6526944374361106,0,0,0,0,0,0,1.0,0.0,4
8.404248432400102,32.0,0,976.0,26.0,4.0,12069.0,333.0,100.0,1.3862943611198906,18.0,0.0,1.0986122886681096,3.0,0.0,1.0986122886681096,3.0,1.4142135623730951,1.0,3.0,4.0,1.4142135623730951,1,2.0,4.0,0,1.6808496864800204,0.0,3.37472984931019,0,0,3.05,12.0,3.6,0,0.5926400302556987,0.6171906185222136,0,0,0,0,0,0,7.600000000000001,0.0,0
8.030409562130485,41.0,0,1411.0,19.0,17.0,19877.0,334.0,36.0,0.6931471805599453,16.0,1.0986122886681096,0.0,3.0,1.0986122886681096,0.0,2.0,0.0,1.0,3.0,1.0,1.4142135623730951,0,2.0,2.0,2,0.44613386456280474,0.0,0.0,0,0,1.75,3.0,3.9,1,0.0,0.5096547286164907,0,0,0,0,1,0,-2.25,0.0,4
8.107720061910534,40.0,0,1300.0,24.0,9.0,24447.0,335.0,62.0,2.302585092994046,17.0,0.6931471805599453,2.079441541679836,1.0,1.0986122886681096,2.19722457733622,3.0,2.0,1.0,3.0,4.0,1.7320508075688772,0,2.0,2.0,2,0.8107720061910534,0.0,6.605170185988092,0,0,2.55,12.0,3.4,0,0.6055862131282277,0.6357990703548706,0,0,0,0,0,0,0.0,0.0,4
9.862821795810111,45.0,0,252.0,1.0,25.0,15970.0,336.0,70.0,3.218875824868201,11.0,0.0,2.079441541679836,3.0,0.6931471805599453,0.0,3.0,1.0,3.0,4.0,4.0,1.4142135623730951,1,5.0,3.0,2,0.37933929983885045,0.0,4.218875824868201,0,0,3.3499999999999996,16.0,1.1,0,0.2370299675817646,0.5569318087803179,0,0,0,0,0,0,-3.2500000000000018,0.0,2
9.523397750759193,31.0,0,1327.0,3.0,9.0,13523.0,337.0,73.0,1.0986122886681096,12.0,2.302585092994046,1.0986122886681096,2.0,0.6931471805599453,1.0986122886681096,3.0,1.4142135623730951,1.0,3.0,3.0,1.7320508075688772,0,3.0,4.0,1,0.9523397750759193,0.0,2.9678859607972816,1,0,2.4499999999999997,9.0,1.3,0,0.6738803398843289,0.7035108991418835,0,0,0,0,0,1,13.950000000000003,0.0,2
7.976595409316577,33.0,0,832.0,5.0,2.0,14776.0,338.0,63.0,1.0986122886681096,13.0,0.6931471805599453,1.0986122886681096,3.0,0.6931471805599453,1.0986122886681096,2.0,0.0,3.0,2.0,4.0,1.4142135623730951,1,1.0,4.0,2,2.658865136438859,0.0,0.0,0,0,3.0999999999999996,8.0,2.5,0,0.0,0.44619856259122026,0,0,0,0,0,0,6.3000000000000025,0.0,2
8.692490133273228,34.0,0,470.0,2.0,13.0,23687.0,339.0,84.0,2.4849066497880004,13.0,1.9459101490553128,2.302585092994046,4.0,0.6931471805599453,2.302585092994046,3.0,2.23606797749979,2.0,2.0,1.0,1.7320508075688772,1,2.0,4.0,2,0.6208921523766592,0.0,7.792488164167022,1,0,2.4,2.0,1.2,0,0.6416435796453308,0.6132505727451089,0,0,0,0,0,0,9.600000000000001,0.0,2
8.27410200229233,37.0,0,1017.0,1.0,17.0,18697.0,340.0,83.0,1.3862943611198906,14.0,1.0986122886681096,1.0986122886681096,3.0,0.6931471805599453,0.6931471805599453,2.0,0.0,1.0,2.0,1.0,1.4142135623730951,1,1.0,2.0,2,0.45967233346068503,0.0,0.0,0,0,1.75,2.0,2.1,0,0.0,0.6180962422823936,0,0,0,0,0,0,6.75,0.0,2
8.769507120030227,45.0,0,1199.0,7.0,9.0,5118.0,341.0,77.0,1.3862943611198906,17.0,1.6094379124341005,1.0986122886681096,1.0,0.6931471805599453,1.0986122886681096,3.0,0.0,4.0,4.0,3.0,1.0,1,2.0,4.0,1,0.8769507120030227,0.0,0.0,1,0,2.65,12.0,1.7,0,0.0,0.5395596274465487,0,0,0,0,0,0,-6.75,0.0,1
9.21522840604896,37.0,0,504.0,10.0,17.0,22573.0,342.0,61.0,0.6931471805599453,11.0,1.9459101490553128,0.0,1.0,1.0986122886681096,0.0,3.0,0.0,2.0,3.0,3.0,2.23606797749979,0,3.0,3.0,1,0.5119571336693867,0.0,0.0,1,0,2.3499999999999996,9.0,2.0,1,0.0,0.5752125635758453,0,0,0,0,1,0,4.950000000000001,0.0,2
9.30008966411979,39.0,0,505.0,2.0,20.0,6420.0,343.0,64.0,2.995732273553991,25.0,0.0,2.19722457733622,3.0,0.0,1.9459101490553128,3.0,3.3166247903554,4.0,3.0,3.0,1.0,2,3.0,4.0,1,0.44286141257713285,0.0,13.25234471409231,0,0,3.15,9.0,1.2,0,0.8300417954192508,0.43194723660386686,0,0,0,0,0,0,0.8500000000000001,0.0,0
7.75833346749091,29.0,0,665.0,15.0,6.0,22673.0,346.0,60.0,1.9459101490553128,19.0,0.6931471805599453,1.791759469228055,3.0,0.0,1.791759469228055,3.0,1.0,1.0,3.0,4.0,1.0,2,1.0,3.0,2,1.1083333524987016,0.0,2.9459101490553126,0,0,3.05,12.0,2.5,0,0.3394536660667256,0.4643260771295692,0,0,1,0,0,0,10.450000000000003,0.0,0
8.786609455061125,42.0,1,916.0,17.0,10.0,23016.0,347.0,82.0,1.3862943611198906,13.0,1.3862943611198906,1.0986122886681096,4.0,0.0,1.0986122886681096,3.0,0.0,3.0,4.0,1.0,1.0,2,2.0,2.0,2,0.7987826777328295,1.7,0.0,0,0,2.55,4.0,4.7,0,0.0,0.6880450126765509,0,0,0,0,0,0,-2.9000000000000004,17.0,0
8.843903650835497,29.0,0,1247.0,20.0,10.0,10732.0,349.0,45.0,1.3862943611198906,14.0,1.0986122886681096,1.0986122886681096,4.0,0.6931471805599453,1.0986122886681096,3.0,0.0,4.0,3.0,4.0,1.4142135623730951,0,2.0,2.0,2,0.8039912409850452,0.0,0.0,0,0,3.75,12.0,3.0,0,0.0,0.49722048692441556,0,0,0,0,0,1,2.75,0.0,4
8.496786381638575,25.0,0,685.0,1.0,5.0,7505.0,350.0,62.0,1.6094379124341005,12.0,0.0,1.0986122886681096,1.0,1.0986122886681096,1.0986122886681096,3.0,1.0,4.0,3.0,3.0,1.7320508075688772,1,2.0,3.0,2,1.4161310636064293,0.0,2.6094379124341005,0,0,2.65,9.0,1.1,0,0.383224293337255,0.3922965207101482,1,0,1,0,0,0,20.25,0.0,2
7.860956364876389,42.0,1,269.0,2.0,10.0,8007.0,351.0,56.0,2.302585092994046,11.0,0.0,2.19722457733622,4.0,0.6931471805599453,1.9459101490553128,3.0,2.6457513110645907,3.0,2.0,1.0,2.0,0,1.0,3.0,2,0.7146323968069445,0.2,8.73781883969137,0,0,2.55,2.0,3.2,0,0.8011152586733246,0.24161419394485692,0,1,0,0,0,0,-2.9000000000000004,2.0,4
9.874933745118067,40.0,0,1416.0,2.0,22.0,5949.0,352.0,49.0,3.091042453358316,19.0,0.0,2.302585092994046,1.0,0.6931471805599453,2.079441541679836,3.0,1.7320508075688772,4.0,3.0,3.0,2.23606797749979,0,5.0,2.0,2,0.42934494543991597,0.0,7.085893385137832,0,0,2.65,9.0,1.2,0,0.42337639545809297,0.5907831060964976,0,0,0,0,0,0,0.0,0.0,4
7.909856667269403,51.0,0,833.0,1.0,1.0,23231.0,353.0,96.0,0.6931471805599453,11.0,0.6931471805599453,0.0,3.0,0.0,0.0,2.0,0.0,2.0,3.0,4.0,0.0,1,1.0,3.0,2,3.9549283336347014,0.0,0.0,0,1,2.9499999999999997,12.0,2.1,1,0.0,0.6428253746043537,0,0,0,0,1,0,-11.550000000000002,0.0,2
8.15478757276852,31.0,0,307.0,29.0,6.0,11652.0,355.0,71.0,1.791759469228055,11.0,0.0,1.6094379124341005,3.0,0.0,1.6094379124341005,4.0,1.0,2.0,2.0,2.0,1.4142135623730951,2,1.0,2.0,1,1.1649696532526457,0.0,2.791759469228055,0,0,2.75,4.0,2.9,0,0.3581970477838151,0.3662318854090589,0,0,0,0,0,0,11.25,0.0,0
7.9355873855892,32.0,0,1311.0,7.0,5.0,26062.0,359.0,100.0,1.791759469228055,20.0,0.6931471805599453,1.3862943611198906,2.0,0.0,0.6931471805599453,1.0,0.0,3.0,4.0,2.0,1.7320508075688772,1,1.0,3.0,1,1.3225978975982,0.0,0.0,0,0,1.9,8.0,3.7,0,0.0,0.7734914315515469,0,0,0,0,0,0,16.8,0.0,1
8.565983355585669,38.0,0,1327.0,2.0,13.0,19682.0,361.0,39.0,2.19722457733622,18.0,1.3862943611198906,1.791759469228055,4.0,0.6931471805599453,2.079441541679836,3.0,2.6457513110645907,4.0,2.0,4.0,0.0,1,2.0,2.0,0,0.6118559539704049,0.0,8.459061117255237,0,0,3.75,8.0,1.2,0,0.8275150046759958,0.5537903856112899,0,1,0,0,0,0,0.5,0.0,0
7.685703061234547,32.0,0,128.0,2.0,9.0,19737.0,362.0,84.0,1.9459101490553128,13.0,1.6094379124341005,1.6094379124341005,4.0,0.0,1.0986122886681096,3.0,0.0,4.0,2.0,1.0,2.23606797749979,2,2.0,1.0,2,0.7685703061234548,0.0,0.0,1,0,2.7,2.0,1.2,0,0.0,0.4176332304420163,0,0,0,0,0,0,10.399999999999999,0.0,0
9.733469990198335,46.0,1,488.0,2.0,28.0,14977.0,363.0,75.0,2.079441541679836,12.0,1.3862943611198906,2.079441541679836,3.0,0.6931471805599453,2.079441541679836,2.0,2.6457513110645907,2.0,1.0,2.0,1.4142135623730951,1,4.0,3.0,2,0.3356368962137357,0.2,8.147436496246192,0,0,2.25,2.0,4.2,0,0.8591659478690193,0.5948791588334404,0,0,0,0,0,0,-10.5,2.0,2
8.156510226079966,28.0,0,529.0,2.0,5.0,14935.0,364.0,79.0,0.0,11.0,1.0986122886681096,0.0,1.0,0.0,0.0,1.0,0.0,3.0,3.0,3.0,2.23606797749979,2,1.0,4.0,2,1.3594183710133276,0.0,0.0,0,0,1.9999999999999998,9.0,3.2,0,0.0,0.4676486775880894,0,0,1,0,1,0,24.0,0.0,0
8.801619971147346,29.0,0,1210.0,2.0,10.0,3687.0,366.0,78.0,0.0,19.0,1.0986122886681096,0.0,1.0,1.0986122886681096,0.0,3.0,0.0,2.0,2.0,2.0,1.4142135623730951,1,2.0,3.0,2,0.8001472701043042,0.0,0.0,0,0,2.0,4.0,1.2,1,0.0,0.5337576049233799,0,0,0,0,1,0,22.0,0.0,2
8.62748154531036,31.0,0,1463.0,23.0,10.0,14408.0,367.0,64.0,2.302585092994046,21.0,0.0,2.19722457733622,2.0,0.6931471805599453,0.0,3.0,2.6457513110645907,2.0,2.0,4.0,1.4142135623730951,1,2.0,3.0,2,0.7843165041191237,0.0,8.73781883969137,0,0,2.9499999999999997,8.0,3.3,0,0.8011152586733246,0.6202613232516223,0,0,0,0,0,0,9.450000000000003,0.0,2
8.294299608857235,25.0,0,675.0,5.0,6.0,18384.0,369.0,85.0,1.9459101490553128,12.0,0.6931471805599453,1.791759469228055,2.0,1.0986122886681096,1.3862943611198906,3.0,1.0,4.0,4.0,1.0,1.4142135623730951,0,2.0,2.0,0,1.1848999441224621,0.0,2.9459101490553126,0,0,2.2,4.0,1.5,0,0.3394536660667256,0.5627956880317364,0,0,0,0,0,1,26.999999999999996,0.0,0
9.510222717509285,45.0,1,1385.0,20.0,21.0,7501.0,372.0,79.0,3.044522437723423,14.0,0.0,2.3978952727983707,3.0,0.0,2.079441541679836,3.0,2.0,2.0,3.0,4.0,1.4142135623730951,1,4.0,2.0,2,0.4322828507958766,2.0,8.089044875446845,0,0,3.1999999999999997,12.0,5.0,0,0.4944959586194701,0.6736290426694234,0,0,0,0,0,0,-4.000000000000002,20.0,2
8.074337694089515,36.0,0,1403.0,6.0,16.0,20251.0,373.0,47.0,2.772588722239781,11.0,0.0,2.4849066497880004,4.0,0.6931471805599453,2.639057329615259,3.0,3.1622776601683795,3.0,3.0,4.0,2.0,1,1.0,3.0,2,0.474961040828795,0.0,11.929973037342032,0,0,3.5999999999999996,12.0,1.6,0,0.8382248617577744,0.5553978166361994,0,1,0,0,0,0,1.6000000000000014,0.0,2
9.854612384753992,55.0,1,452.0,1.0,34.46000000000004,18938.0,374.0,81.0,3.4657359027997265,14.0,0.0,2.639057329615259,4.0,0.0,2.3978952727983707,3.0,2.0,3.0,3.0,1.0,1.4142135623730951,2,5.0,3.0,2,0.277907850669881,0.1,8.931471805599454,0,0,2.55,3.0,3.1,0,0.4478545179409579,0.6610290050201268,0,0,0,0,0,0,-21.750000000000004,1.0,0
9.380083146563278,47.0,1,666.0,29.0,10.0,10268.0,376.0,88.0,2.3978952727983707,12.0,0.6931471805599453,2.302585092994046,1.0,0.6931471805599453,2.079441541679836,2.0,3.0,4.0,3.0,2.0,1.4142135623730951,1,3.0,4.0,0,0.8527348315057526,2.9,10.193685818395112,0,0,2.05,6.0,6.9,0,0.8828994889914074,0.5926294506951191,0,0,0,1,0,0,-13.650000000000002,29.0,0
7.635786861395585,28.0,0,1158.0,9.0,5.0,2613.0,377.0,94.0,1.791759469228055,23.0,0.6931471805599453,1.6094379124341005,4.0,0.6931471805599453,1.0986122886681096,2.0,0.0,4.0,3.0,4.0,1.7320508075688772,1,1.0,3.0,2,1.2726311435659308,0.0,0.0,0,0,3.5,12.0,2.9,0,0.0,0.4610794973010899,0,0,1,0,0,0,6.0,0.0,2
8.780018887869153,37.0,0,228.0,6.0,7.0,22825.0,378.0,98.0,1.791759469228055,14.0,1.6094379124341005,0.6931471805599453,3.0,0.6931471805599453,1.6094379124341005,4.0,0.0,2.0,3.0,4.0,2.23606797749979,1,2.0,4.0,2,1.097502360983644,0.0,0.0,1,0,3.4499999999999997,12.0,0.6,1,0.0,0.6195292717825374,0,0,0,0,0,0,1.6500000000000008,0.0,2
8.080546965824498,21.0,0,996.0,3.0,3.0,10531.0,379.0,100.0,1.3862943611198906,17.0,0.6931471805599453,0.0,4.0,0.0,1.0986122886681096,4.0,1.0,1.0,2.0,3.0,2.0,2,1.0,2.0,2,2.0201367414561244,0.0,2.386294361119891,0,0,3.1999999999999997,6.0,0.3,1,0.41905978419640516,0.5748625656340884,0,0,0,0,0,0,15.200000000000005,0.0,0
9.518119146127086,37.0,1,728.0,1.0,15.0,11677.0,380.0,80.0,1.791759469228055,18.0,1.0986122886681096,1.0986122886681096,1.0,1.0986122886681096,1.0986122886681096,3.0,0.0,1.0,3.0,4.0,1.4142135623730951,0,3.0,4.0,0,0.5948824466329429,0.1,0.0,0,0,2.55,12.0,3.1,0,0.0,0.602289646425135,0,0,0,0,0,0,4.3500000000000005,1.0,0
9.392411897514927,35.0,0,1315.0,22.0,10.0,19100.0,381.0,71.0,2.079441541679836,18.0,2.079441541679836,1.0986122886681096,2.0,0.6931471805599453,2.079441541679836,2.0,2.449489742783178,2.0,4.0,2.0,2.449489742783178,0,3.0,3.0,2,0.8538556270468116,0.0,7.543060469845175,1,0,2.0,8.0,4.2,0,0.7954331035772741,0.7378742403326748,0,0,0,0,0,0,10.0,0.0,4
8.631592731724734,38.0,1,322.0,7.0,8.0,19191.0,382.0,44.0,2.19722457733622,24.0,0.6931471805599453,2.079441541679836,1.0,0.6931471805599453,0.0,3.0,2.6457513110645907,3.0,4.0,1.0,1.7320508075688772,0,2.0,2.0,2,0.959065859080526,0.7,8.459061117255237,0,0,1.8,4.0,3.7,0,0.8275150046759958,0.39304462086555414,1,1,0,0,0,0,4.4,7.0,4
8.763740720509464,26.0,0,1479.0,1.0,6.0,26767.0,384.0,84.0,1.9459101490553128,20.0,0.6931471805599453,1.6094379124341005,3.0,0.6931471805599453,1.791759469228055,1.0,1.0,1.0,3.0,2.0,2.449489742783178,0,2.0,3.0,1,1.2519629600727806,0.0,2.9459101490553126,0,0,1.8499999999999999,6.0,3.1,0,0.3394536660667256,0.8314400365867268,0,0,1,0,0,1,30.100000000000005,0.0,2
9.859796863911397,50.0,0,797.0,4.0,28.0,15815.0,385.0,96.0,2.3978952727983707,14.0,1.3862943611198906,1.9459101490553128,1.0,1.0986122886681096,1.6094379124341005,2.0,1.0,1.0,3.0,2.0,2.0,0,5.0,1.0,2,0.33999299530728955,0.0,3.3978952727983707,0,0,1.5999999999999999,6.0,2.4,0,0.2942998296638024,0.7454787390085881,0,0,0,0,0,0,-24.000000000000004,0.0,4
9.774801544908083,53.0,1,1070.0,3.0,21.0,21016.0,386.0,45.0,1.791759469228055,16.0,1.3862943611198906,1.3862943611198906,3.0,1.3862943611198906,1.3862943611198906,2.0,1.0,4.0,3.0,3.0,2.23606797749979,1,4.0,4.0,2,0.4443091611321856,0.3,2.791759469228055,0,0,2.9,9.0,4.3,0,0.3581970477838151,0.6563987560526795,0,0,0,0,0,0,-14.3,3.0,2
8.498621805830801,42.0,0,635.0,1.0,20.0,24532.0,387.0,99.0,3.044522437723423,25.0,0.6931471805599453,1.9459101490553128,2.0,0.0,2.833213344056216,3.0,3.3166247903554,3.0,3.0,3.0,1.7320508075688772,1,2.0,1.0,2,0.4046962764681334,0.0,13.414163382102156,0,0,2.75,9.0,1.1,0,0.8200287775439463,0.6865838865377145,0,1,0,0,0,0,-2.5,0.0,2
8.423980809694058,29.0,0,442.0,2.0,10.0,20260.0,388.0,44.0,2.3978952727983707,18.0,0.6931471805599453,2.302585092994046,2.0,0.0,2.079441541679836,2.0,0.0,1.0,3.0,4.0,1.7320508075688772,2,2.0,2.0,1,0.7658164372449143,0.0,0.0,0,0,2.55,12.0,2.2,0,0.0,0.4057084605193519,0,0,0,0,0,0,15.950000000000003,0.0,0
8.59711281459211,55.0,1,147.0,20.0,12.0,15972.0,389.0,37.0,2.3978952727983707,19.0,1.3862943611198906,2.19722457733622,2.0,0.6931471805599453,2.079441541679836,3.0,0.0,4.0,3.0,4.0,2.0,1,2.0,2.0,2,0.6613163703532392,2.0,0.0,0,0,3.25,12.0,5.0,0,0.0,0.30116929308796325,1,0,0,0,0,0,-11.25,20.0,2
8.464214266625351,26.0,1,496.0,11.0,5.0,22722.0,390.0,60.0,1.791759469228055,13.0,0.6931471805599453,1.3862943611198906,1.0,0.6931471805599453,1.3862943611198906,3.0,1.7320508075688772,3.0,3.0,1.0,1.7320508075688772,1,2.0,2.0,1,1.4107023777708918,1.1,4.835469243214512,0,0,1.8,3.0,4.1,0,0.6204154858827448,0.5010157798222825,0,0,0,0,0,0,30.800000000000004,11.0,1
7.65728279297819,37.0,0,1372.0,1.0,17.0,15881.0,391.0,42.0,2.8903717578961645,12.0,0.6931471805599453,2.079441541679836,4.0,0.0,2.5649493574615367,3.0,2.23606797749979,2.0,3.0,4.0,1.7320508075688772,2,1.0,3.0,2,0.42540459960989946,0.0,8.699135708401178,0,0,3.4499999999999997,12.0,1.1,0,0.5747697435242052,0.44887097821797955,0,1,0,0,0,0,1.6500000000000008,0.0,0
8.058960017769417,44.0,1,920.0,24.0,19.0,19920.0,392.0,43.0,0.6931471805599453,22.0,1.3862943611198906,0.0,4.0,0.6931471805599453,0.0,1.0,0.0,4.0,3.0,3.0,0.0,0,1.0,3.0,1,0.4029480008884708,2.4,0.0,0,0,2.9,9.0,7.4,0,0.0,0.4499068302973933,0,0,0,0,1,0,-4.4,24.0,2
8.656259239539235,38.0,0,688.0,23.0,10.0,18899.0,393.0,82.0,1.0986122886681096,14.0,2.302585092994046,1.0986122886681096,4.0,0.6931471805599453,1.0986122886681096,3.0,1.0,2.0,3.0,4.0,1.4142135623730951,0,2.0,4.0,2,0.7869326581399304,0.0,2.0986122886681096,1,0,3.4499999999999997,12.0,3.3,0,0.4765053580405044,0.5936470042948608,0,0,0,0,0,0,1.1000000000000005,0.0,4
7.772331575169614,26.0,1,1449.0,16.0,5.0,14180.0,394.0,45.0,1.3862943611198906,13.0,1.0986122886681096,1.0986122886681096,1.0,0.6931471805599453,1.0986122886681096,3.0,0.0,4.0,3.0,2.0,1.4142135623730951,0,1.0,4.0,2,1.2953885958616023,1.6,0.0,0,0,2.3,6.0,4.6,0,0.0,0.4671189032237784,0,0,1,1,0,1,23.800000000000004,16.0,4
8.105005537547246,28.0,0,1117.0,8.0,5.0,4488.0,395.0,66.0,1.791759469228055,21.0,0.6931471805599453,1.0986122886681096,4.0,0.0,1.3862943611198906,3.0,0.0,4.0,3.0,4.0,1.7320508075688772,2,1.0,2.0,2,1.3508342562578743,0.0,0.0,0,0,3.75,12.0,1.8,0,0.0,0.41672919694588473,0,0,0,0,0,0,3.0,0.0,0
9.834458966125691,49.0,1,636.0,10.0,22.0,25594.0,396.0,35.0,1.3862943611198906,11.0,2.302585092994046,1.0986122886681096,3.0,0.0,1.0986122886681096,3.0,1.0,4.0,3.0,1.0,2.0,2,5.0,4.0,1,0.42758517244024746,1.0,2.386294361119891,1,0,2.45,3.0,4.0,0,0.41905978419640516,0.5945879400202951,0,0,0,0,0,0,-13.95,10.0,0
8.408716715080153,36.0,0,506.0,3.0,10.0,26285.0,397.0,30.0,2.19722457733622,12.0,1.6094379124341005,2.079441541679836,3.0,0.0,0.0,3.0,2.6457513110645907,4.0,3.0,2.0,1.4142135623730951,2,2.0,3.0,2,0.7644287922800139,0.0,8.459061117255237,1,0,2.8000000000000003,6.0,1.3,0,0.8275150046759958,0.4262046608213158,0,1,0,0,0,0,4.799999999999999,0.0,0
7.933796874815411,31.0,0,444.0,5.0,2.0,3909.0,399.0,84.0,1.0986122886681096,11.0,0.6931471805599453,1.0986122886681096,4.0,0.6931471805599453,1.0986122886681096,2.0,1.4142135623730951,3.0,3.0,2.0,2.23606797749979,0,1.0,3.0,1,2.644598958271804,0.0,2.9678859607972816,0,0,2.6500000000000004,6.0,2.5,0,0.6738803398843289,0.3386511158080948,0,0,1,0,0,1,12.149999999999997,0.0,2
8.67060073804555,26.0,1,950.0,4.0,8.0,8450.0,401.0,48.0,2.19722457733622,12.0,0.6931471805599453,1.6094379124341005,4.0,0.0,2.079441541679836,3.0,2.6457513110645907,2.0,2.0,4.0,0.0,2,2.0,4.0,2,0.9634000820050611,0.4,8.459061117255237,0,1,3.4499999999999997,8.0,3.4,0,0.8275150046759958,0.4155659382021514,0,0,0,0,0,0,7.700000000000004,4.0,0
7.752335163302292,37.0,1,889.0,9.0,4.0,11411.0,403.0,53.0,1.6094379124341005,12.0,0.6931471805599453,1.0986122886681096,2.0,1.3862943611198906,1.0986122886681096,2.0,1.0,3.0,3.0,4.0,1.7320508075688772,1,1.0,3.0,1,1.5504670326604584,0.9,2.6094379124341005,0,0,2.8499999999999996,12.0,4.9,0,0.383224293337255,0.3657977951184659,0,0,0,0,0,0,3.450000000000001,9.0,1
9.512369038134883,42.0,0,555.0,26.0,23.0,14864.0,404.0,77.0,3.044522437723423,14.0,1.791759469228055,2.19722457733622,3.0,0.6931471805599453,1.6094379124341005,4.0,2.0,4.0,3.0,2.0,1.4142135623730951,1,4.0,3.0,1,0.3963487099222868,0.0,8.089044875446845,1,0,3.0500000000000003,6.0,2.6,0,0.4944959586194701,0.5920664999893915,0,0,0,0,0,0,-1.8999999999999995,0.0,1
8.989818381366925,35.0,0,1232.0,16.0,12.0,5100.0,406.0,96.0,2.4849066497880004,15.0,0.0,2.302585092994046,3.0,1.0986122886681096,2.302585092994046,2.0,2.449489742783178,3.0,3.0,2.0,1.7320508075688772,1,3.0,3.0,2,0.6915244908743788,0.0,8.536243093212596,0,0,2.4,6.0,3.6,0,0.7028853249002206,0.6338784497951667,0,0,0,0,0,0,8.0,0.0,2
8.213110697596676,36.0,0,566.0,18.0,4.0,7122.0,407.0,81.0,0.6931471805599453,18.0,1.6094379124341005,0.0,3.0,1.0986122886681096,0.0,3.0,0.0,4.0,4.0,4.0,1.4142135623730951,1,1.0,4.0,1,1.6426221395193352,0.0,0.0,1,0,3.5,16.0,2.8,0,0.0,0.40831237363297657,0,0,0,0,1,0,2.0,0.0,1
8.609407675404048,51.0,0,1302.0,2.0,13.0,16321.0,408.0,84.0,1.6094379124341005,18.0,1.791759469228055,1.0986122886681096,4.0,0.6931471805599453,0.6931471805599453,3.0,1.0,4.0,1.0,2.0,1.7320508075688772,0,2.0,3.0,2,0.6149576911002892,0.0,2.6094379124341005,1,0,3.0500000000000003,2.0,1.2,0,0.383224293337255,0.680379918863422,0,0,0,0,0,0,-10.449999999999998,0.0,4
9.681343501555002,41.0,0,334.0,2.0,22.0,15896.0,410.0,88.0,3.1354942159291497,19.0,0.6931471805599453,1.6094379124341005,4.0,0.0,2.3978952727983707,3.0,0.0,2.0,3.0,2.0,1.4142135623730951,2,4.0,4.0,2,0.42092797832847834,0.0,0.0,0,0,2.75,6.0,1.2,0,0.0,0.6180673111672028,0,0,0,0,0,0,-1.25,0.0,0
7.228649665640015,18.0,0,812.0,10.0,1.0,9724.0,411.0,69.0,0.0,12.0,0.6931471805599453,0.0,4.0,0.0,0.0,3.0,0.0,1.0,2.0,3.0,1.4142135623730951,2,1.0,3.0,2,3.6143248328200075,0.0,0.0,0,0,2.9499999999999997,6.0,2.0,1,0.0,0.3429347416491082,0,0,1,0,1,0,23.100000000000005,0.0,0
8.641532465671846,28.0,0,1476.0,16.0,9.0,4824.0,412.0,68.0,2.19722457733622,19.0,0.0,2.079441541679836,2.0,0.0,1.3862943611198906,3.0,0.0,3.0,4.0,1.0,1.4142135623730951,2,2.0,2.0,2,0.8641532465671846,0.0,0.0,0,0,2.05,4.0,2.6,0,0.0,0.5419904165751086,0,0,0,0,0,0,23.400000000000002,0.0,0
8.84361509218395,31.0,0,218.0,7.0,10.0,12241.0,416.0,100.0,2.19722457733622,11.0,1.6094379124341005,2.079441541679836,2.0,0.6931471805599453,2.079441541679836,2.0,2.6457513110645907,2.0,4.0,4.0,1.7320508075688772,1,2.0,3.0,2,0.803965008380359,0.0,8.459061117255237,1,0,2.6999999999999997,16.0,2.7,0,0.8275150046759958,0.5246248628643521,0,0,0,0,0,0,11.700000000000003,0.0,2
9.170975648453906,39.0,0,1132.0,1.0,19.0,10942.0,417.0,48.0,2.9444389791664403,17.0,0.0,2.079441541679836,3.0,1.3862943611198906,2.3978952727983707,2.0,1.7320508075688772,1.0,4.0,4.0,2.23606797749979,0,3.0,3.0,2,0.4585487824226953,0.0,6.831968719271391,0,0,2.8,16.0,2.1,0,0.4391120807590496,0.5202487053161662,0,0,0,0,0,0,1.2000000000000002,0.0,4
8.643825842349603,36.0,0,1105.0,24.0,11.0,6927.0,419.0,47.0,2.302585092994046,15.0,2.079441541679836,2.19722457733622,2.0,0.6931471805599453,2.19722457733622,3.0,0.0,3.0,3.0,2.0,1.7320508075688772,1,2.0,4.0,0,0.7203188201958003,0.0,0.0,1,0,2.4,6.0,3.4,0,0.0,0.42192423092972847,0,0,0,0,0,0,6.4,0.0,0
8.609772372709331,32.0,0,906.0,7.0,13.0,16985.0,420.0,91.0,2.639057329615259,14.0,0.6931471805599453,2.19722457733622,4.0,0.6931471805599453,2.19722457733622,2.0,2.0,3.0,2.0,3.0,1.7320508075688772,1,2.0,3.0,2,0.6149837409078094,0.0,7.278114659230518,0,0,3.0,6.0,2.7,0,0.5495928804758486,0.6412134326063903,0,0,0,0,0,0,8.0,0.0,2
9.397815294010933,38.0,0,849.0,25.0,19.0,26707.0,421.0,81.0,2.3978952727983707,17.0,1.3862943611198906,0.6931471805599453,1.0,0.6931471805599453,2.19722457733622,3.0,0.0,3.0,2.0,2.0,1.4142135623730951,1,3.0,2.0,2,0.46989076470054664,0.0,0.0,0,0,2.15,4.0,3.5,0,0.0,0.7670643058086803,0,0,0,0,0,0,3.7,0.0,2
8.64135583403666,58.0,1,390.0,1.0,12.0,17056.0,422.0,32.0,1.791759469228055,13.0,1.0986122886681096,1.0986122886681096,4.0,0.6931471805599453,1.3862943611198906,3.0,1.0,4.0,1.0,3.0,1.4142135623730951,0,2.0,4.0,0,0.6647196795412815,0.1,2.791759469228055,0,0,3.4,3.0,3.1,0,0.3581970477838151,0.3418439264901256,1,0,0,0,0,0,-10.8,1.0,0
8.480944058741116,31.0,1,691.0,5.0,6.0,10077.0,423.0,86.0,1.791759469228055,12.0,0.0,1.3862943611198906,3.0,0.6931471805599453,1.0986122886681096,3.0,0.0,3.0,3.0,4.0,2.0,1,1.0,4.0,2,1.2115634369630166,0.5,0.0,0,0,3.3499999999999996,12.0,3.5,0,0.0,0.5034114819297985,0,0,1,0,0,0,5.850000000000003,5.0,2
8.765770543987257,31.0,0,106.0,2.0,9.0,17822.0,424.0,62.0,1.0986122886681096,12.0,1.3862943611198906,0.0,1.0,0.0,1.0986122886681096,3.0,1.0,4.0,2.0,1.0,1.0,1,2.0,3.0,2,0.8765770543987257,0.0,2.0986122886681096,0,0,1.9500000000000002,2.0,1.2,0,0.4765053580405044,0.41756337676933963,0,0,0,0,0,0,18.45,0.0,2
8.558527054909215,45.0,0,1249.0,7.0,24.0,20308.0,425.0,97.0,3.218875824868201,18.0,0.6931471805599453,2.4849066497880004,1.0,0.6931471805599453,2.302585092994046,3.0,3.0,1.0,3.0,1.0,1.4142135623730951,0,3.0,3.0,1,0.3423410821963686,0.0,12.656627474604603,0,0,1.5,3.0,1.7,0,0.7110899027452937,0.7525568128068539,0,0,0,0,0,0,-12.5,0.0,2
7.899524472032198,31.0,1,192.0,2.0,3.0,7747.0,426.0,32.0,1.0986122886681096,18.0,0.0,1.0986122886681096,3.0,0.6931471805599453,1.0986122886681096,1.0,1.4142135623730951,2.0,3.0,4.0,1.4142135623730951,0,1.0,4.0,2,1.9748811180080494,0.2,2.9678859607972816,0,0,2.6999999999999997,12.0,5.2,0,0.6738803398843289,0.1431406960167054,0,0,1,0,0,1,11.700000000000003,2.0,4
9.38252741428954,33.0,0,553.0,5.0,12.0,23364.0,428.0,74.0,2.3978952727983707,11.0,1.9459101490553128,2.19722457733622,4.0,1.0986122886681096,1.9459101490553128,3.0,2.8284271247461903,2.0,3.0,2.0,1.4142135623730951,1,3.0,4.0,1,0.7217328780222723,0.0,9.610699156629767,1,0,2.75,6.0,1.5,0,0.8324056210292823,0.654097160220884,0,0,0,0,0,0,8.75,0.0,1
9.745019231764331,39.0,1,117.0,10.0,21.0,5355.0,429.0,99.0,3.091042453358316,14.0,0.6931471805599453,2.3978952727983707,3.0,0.0,2.302585092994046,3.0,3.3166247903554,4.0,3.0,1.0,1.7320508075688772,1,4.0,1.0,2,0.44295541962565144,1.0,13.568452819204566,0,0,2.45,3.0,4.0,0,0.8107040755914912,0.5187012200236705,0,0,0,0,0,0,1.5499999999999998,10.0,2
7.806289289267033,43.0,0,185.0,10.0,9.0,10675.0,430.0,33.0,2.19722457733622,19.0,0.0,2.079441541679836,3.0,0.0,2.079441541679836,3.0,1.0,1.0,3.0,4.0,2.23606797749979,2,1.0,4.0,1,0.7806289289267033,0.0,3.19722457733622,0,0,3.05,12.0,2.0,0,0.3127712726495909,0.1660753430582965,0,0,0,0,0,0,-2.8500000000000005,0.0,0
9.544309478379278,49.0,1,1091.0,1.0,25.0,17810.0,431.0,90.0,2.079441541679836,12.0,2.079441541679836,2.079441541679836,3.0,0.0,0.6931471805599453,3.0,0.0,4.0,2.0,3.0,1.4142135623730951,2,4.0,2.0,2,0.36708882609151067,0.1,0.0,1,0,3.15,6.0,3.1,0,0.0,0.7669936768215008,0,0,0,0,0,0,-7.65,1.0,0
8.505525386548555,52.0,0,723.0,8.0,11.0,17747.0,433.0,85.0,2.19722457733622,15.0,1.0986122886681096,2.079441541679836,3.0,0.0,1.0986122886681096,2.0,2.6457513110645907,1.0,2.0,2.0,1.7320508075688772,1,2.0,4.0,2,0.7087937822123797,0.0,8.459061117255237,0,0,2.1,4.0,2.8,0,0.8275150046759958,0.5848729058579393,0,1,0,0,0,0,-22.799999999999997,0.0,2
7.8156105320351905,27.0,1,1220.0,5.0,4.0,20938.0,434.0,85.0,1.6094379124341005,12.0,0.6931471805599453,1.0986122886681096,3.0,0.0,1.3862943611198906,2.0,1.0,2.0,3.0,2.0,1.4142135623730951,2,1.0,3.0,2,1.5631221064070382,0.5,2.6094379124341005,0,0,2.25,6.0,4.5,0,0.383224293337255,0.640906799764297,0,0,1,0,0,0,22.75,5.0,0
8.56197533418813,32.0,1,588.0,8.0,13.0,24624.0,436.0,65.0,2.639057329615259,11.0,0.6931471805599453,2.302585092994046,3.0,0.0,2.5649493574615367,3.0,3.3166247903554,4.0,2.0,2.0,1.4142135623730951,1,2.0,2.0,2,0.6115696667277236,0.8,12.069387752926488,0,0,2.8000000000000003,4.0,3.8,0,0.911396685994516,0.5636311111814196,0,0,0,0,0,0,9.599999999999998,8.0,2
8.4071550862073,27.0,1,1377.0,2.0,5.0,5242.0,437.0,74.0,1.791759469228055,11.0,0.6931471805599453,1.6094379124341005,4.0,0.0,1.6094379124341005,3.0,0.0,1.0,3.0,3.0,1.7320508075688772,2,2.0,3.0,2,1.4011925143678834,0.2,0.0,0,0,2.9499999999999997,9.0,3.2,0,0.0,0.5278375658741769,0,0,1,0,0,0,13.650000000000004,2.0,0
8.92903790648844,31.0,0,691.0,7.0,13.0,7143.0,438.0,73.0,2.079441541679836,12.0,1.6094379124341005,2.079441541679836,4.0,1.3862943611198906,2.079441541679836,3.0,1.0,4.0,3.0,4.0,1.7320508075688772,0,2.0,3.0,2,0.6377884218920314,0.0,3.079441541679836,1,0,3.75,12.0,1.7,0,0.32473420471378706,0.46970794219404305,0,0,0,0,0,1,2.25,0.0,4
8.528330935826693,32.0,0,1018.0,2.0,10.0,10557.0,439.0,74.0,2.079441541679836,16.0,2.079441541679836,2.079441541679836,1.0,0.0,2.079441541679836,2.0,0.0,3.0,4.0,4.0,0.0,2,2.0,4.0,2,0.7753028123478812,0.0,0.0,1,1,2.5999999999999996,16.0,2.2,0,0.0,0.5283512040755091,0,0,0,0,0,0,11.200000000000003,0.0,0
8.150467911624004,28.0,1,1157.0,2.0,5.0,24737.0,440.0,84.0,1.3862943611198906,13.0,1.791759469228055,1.0986122886681096,1.0,0.0,1.0986122886681096,2.0,1.4142135623730951,4.0,1.0,4.0,2.0,1,1.0,4.0,2,1.3584113186040006,0.2,3.37472984931019,1,0,2.75,4.0,4.2,0,0.5926400302556987,0.6957146621594905,0,0,1,0,0,0,15.0,2.0,2
8.661466680572662,30.0,0,1275.0,28.0,11.0,11934.0,441.0,64.0,2.3978952727983707,13.0,0.6931471805599453,2.302585092994046,4.0,1.0986122886681096,2.19722457733622,3.0,1.0,4.0,3.0,4.0,1.4142135623730951,1,2.0,2.0,2,0.7217888900477218,0.0,3.3978952727983707,0,0,3.75,12.0,3.8,0,0.2942998296638024,0.5649822904318307,0,0,0,0,0,0,2.5,0.0,2
9.09873819539488,31.0,0,798.0,7.0,10.0,14034.0,442.0,48.0,2.3978952727983707,24.0,0.6931471805599453,2.302585092994046,3.0,0.6931471805599453,2.302585092994046,3.0,2.8284271247461903,1.0,2.0,3.0,1.4142135623730951,1,3.0,2.0,1,0.8271580177631709,0.0,9.610699156629767,0,0,2.6999999999999997,6.0,1.7,0,0.8324056210292823,0.48471634288183063,0,0,0,0,0,0,11.700000000000003,0.0,1
9.866460431699052,39.0,0,672.0,7.0,21.0,21141.0,444.0,54.0,3.091042453358316,15.0,0.6931471805599453,1.3862943611198906,3.0,0.6931471805599453,2.302585092994046,3.0,3.605551275463989,1.0,2.0,4.0,1.4142135623730951,1,5.0,2.0,1,0.4484754741681387,0.0,14.750463335683405,0,0,3.05,8.0,1.7,0,0.8813282474016397,0.6271997461325604,0,0,0,0,0,0,0.9500000000000002,0.0,1
8.56388591940822,39.0,1,1162.0,3.0,12.0,17778.0,445.0,41.0,0.6931471805599453,18.0,1.6094379124341005,0.0,4.0,0.0,0.0,2.0,0.0,1.0,3.0,3.0,1.7320508075688772,1,2.0,2.0,2,0.6587604553390938,0.3,0.0,1,0,2.6999999999999997,9.0,4.3,1,0.0,0.512095633991569,0,0,0,0,1,0,1.3000000000000003,3.0,2
8.451694209183541,33.0,0,508.0,10.0,9.0,4317.0,446.0,46.0,2.079441541679836,14.0,1.3862943611198906,0.6931471805599453,2.0,0.0,2.079441541679836,2.0,0.0,3.0,2.0,4.0,2.449489742783178,2,2.0,3.0,1,0.8451694209183541,0.0,0.0,0,0,2.8499999999999996,8.0,3.0,0,0.0,0.26723272720742186,1,0,0,0,0,0,8.050000000000002,0.0,0
9.814710982145282,47.0,0,1482.0,5.0,21.0,16375.0,447.0,42.0,1.3862943611198906,11.0,1.6094379124341005,0.6931471805599453,4.0,0.6931471805599453,1.0986122886681096,3.0,1.0,2.0,3.0,3.0,1.4142135623730951,1,5.0,5.0,2,0.4461232264611492,0.0,2.386294361119891,1,0,3.0999999999999996,9.0,1.5,1,0.41905978419640516,0.6765833458800117,0,0,0,0,0,0,-6.3000000000000025,0.0,2
8.567506005289827,43.0,0,559.0,10.0,9.0,6227.0,448.0,82.0,2.302585092994046,11.0,0.6931471805599453,0.0,3.0,0.6931471805599453,2.079441541679836,4.0,0.0,2.0,2.0,3.0,1.7320508075688772,0,2.0,4.0,1,0.8567506005289827,0.0,0.0,0,0,3.0999999999999996,6.0,1.0,1,0.0,0.4350045278817872,0,0,0,0,0,0,-2.700000000000001,0.0,2
8.756210091886738,27.0,1,210.0,1.0,6.0,22107.0,449.0,73.0,1.791759469228055,13.0,0.0,1.6094379124341005,3.0,0.6931471805599453,1.6094379124341005,3.0,1.0,4.0,3.0,2.0,0.0,1,2.0,1.0,0,1.2508871559838197,0.1,2.791759469228055,0,0,2.8000000000000003,6.0,3.1,0,0.3581970477838151,0.5175739720996666,0,0,0,0,0,0,15.599999999999996,1.0,0
8.490849216076635,54.0,0,928.0,20.0,20.0,16885.0,450.0,31.0,1.6094379124341005,12.0,1.3862943611198906,1.3862943611198906,4.0,0.0,1.3862943611198906,2.0,0.0,4.0,3.0,3.0,2.0,2,2.0,4.0,1,0.40432615314650644,0.0,0.0,0,0,3.15,9.0,4.0,0,0.0,0.4186672389123688,0,0,0,0,0,0,-11.900000000000002,0.0,0
9.208939391060554,43.0,0,1001.0,7.0,10.0,9262.0,451.0,43.0,0.6931471805599453,16.0,2.19722457733622,0.0,3.0,0.6931471805599453,0.0,2.0,0.0,1.0,3.0,1.0,1.0,1,3.0,3.0,2,0.8371763082782322,0.0,0.0,1,0,1.75,3.0,2.7,1,0.0,0.4656577336642781,0,0,0,0,1,0,-6.75,0.0,2
8.21554741194707,45.0,0,549.0,8.0,12.0,9278.0,452.0,75.0,2.3978952727983707,14.0,2.302585092994046,2.19722457733622,4.0,1.0986122886681096,2.302585092994046,3.0,3.0,1.0,3.0,4.0,1.7320508075688772,1,2.0,4.0,2,0.63196518553439,0.0,10.193685818395112,1,0,3.3,12.0,1.8,0,0.8828994889914074,0.40571316572780125,0,1,0,0,0,0,-3.500000000000001,0.0,2
8.917042560738766,40.0,1,1124.0,1.0,6.0,13273.0,453.0,57.0,1.6094379124341005,22.0,1.0986122886681096,1.0986122886681096,2.0,1.3862943611198906,1.3862943611198906,2.0,0.0,3.0,1.0,4.0,1.4142135623730951,1,2.0,2.0,2,1.273863222962681,0.1,0.0,0,0,2.8499999999999996,4.0,4.1,0,0.0,0.550457321744257,0,0,0,0,0,0,0.0,1.0,2
7.659171367666058,29.0,1,318.0,8.0,7.0,4759.0,454.0,77.0,2.079441541679836,11.0,0.6931471805599453,2.079441541679836,2.0,0.0,2.079441541679836,2.0,0.0,4.0,1.0,1.0,2.0,1,1.0,4.0,2,0.9573964209582573,0.8,0.0,0,0,1.9500000000000002,1.0,4.8,0,0.0,0.2737860245085508,0,0,1,0,0,0,22.549999999999997,8.0,2
8.290041618704489,29.0,0,738.0,9.0,4.0,7621.0,455.0,30.0,1.3862943611198906,17.0,0.0,1.0986122886681096,2.0,0.0,1.0986122886681096,3.0,1.4142135623730951,3.0,2.0,4.0,1.4142135623730951,2,1.0,5.0,2,1.6580083237408978,0.0,3.37472984931019,0,0,3.0999999999999996,8.0,1.9,0,0.5926400302556987,0.2691999369882941,0,0,1,0,0,0,9.900000000000004,0.0,0
8.71915396346254,30.0,0,570.0,5.0,10.0,5431.0,456.0,30.0,2.3978952727983707,13.0,0.6931471805599453,1.0986122886681096,4.0,1.3862943611198906,2.302585092994046,3.0,1.0,3.0,2.0,3.0,1.4142135623730951,0,2.0,3.0,2,0.7926503603147764,0.0,3.3978952727983707,0,0,3.25,6.0,1.5,0,0.2942998296638024,0.2575422858952833,1,0,0,0,0,1,7.5,0.0,4
8.734721003944811,27.0,0,1130.0,8.0,8.0,3415.0,458.0,56.0,2.19722457733622,18.0,0.6931471805599453,2.079441541679836,2.0,0.6931471805599453,2.079441541679836,3.0,0.0,1.0,3.0,2.0,1.7320508075688772,1,2.0,4.0,2,0.9705245559938679,0.0,0.0,0,0,2.1,6.0,1.8,0,0.0,0.4318425261156145,0,0,0,0,0,0,24.7,0.0,2
8.7558950816463,37.0,0,1192.0,5.0,8.0,23177.0,460.0,61.0,1.9459101490553128,16.0,2.079441541679836,1.6094379124341005,4.0,1.0986122886681096,1.0986122886681096,2.0,0.0,3.0,3.0,4.0,1.4142135623730951,0,2.0,2.0,2,0.9728772312940333,0.0,0.0,1,0,3.3499999999999996,12.0,2.5,0,0.0,0.661161709023568,0,0,0,0,0,0,1.950000000000001,0.0,4
9.351058378915065,38.0,1,343.0,15.0,12.0,15682.0,461.0,92.0,2.4849066497880004,14.0,0.0,2.302585092994046,3.0,0.6931471805599453,2.3978952727983707,3.0,1.4142135623730951,2.0,2.0,4.0,1.7320508075688772,0,3.0,2.0,2,0.7193121829934666,1.5,4.928402247734376,0,0,3.1999999999999997,8.0,4.5,0,0.40581103154058,0.6007272842177409,0,0,0,0,0,0,1.6000000000000005,15.0,4
8.874028122556336,31.0,1,1232.0,7.0,11.0,25713.0,462.0,39.0,2.4849066497880004,14.0,0.6931471805599453,2.3978952727983707,3.0,0.0,2.302585092994046,2.0,2.0,3.0,3.0,4.0,1.4142135623730951,2,3.0,4.0,2,0.7395023435463614,0.7,6.969813299576001,0,0,3.0999999999999996,12.0,4.7,0,0.5739034645653041,0.6263245151230581,0,0,0,0,0,0,8.100000000000003,7.0,0
9.020268861722167,29.0,1,144.0,10.0,7.0,11866.0,463.0,39.0,2.079441541679836,14.0,0.6931471805599453,2.079441541679836,4.0,1.0986122886681096,2.079441541679836,3.0,1.0,1.0,2.0,2.0,1.4142135623730951,0,2.0,1.0,2,1.127533607715271,1.0,3.079441541679836,0,0,2.6,4.0,4.0,0,0.32473420471378706,0.3063883344168603,1,0,0,0,0,1,15.399999999999999,10.0,4
8.999125391527247,35.0,0,1296.0,5.0,17.0,18264.0,464.0,62.0,2.833213344056216,13.0,0.0,2.639057329615259,3.0,0.0,1.9459101490553128,3.0,0.0,4.0,3.0,2.0,2.23606797749979,2,3.0,4.0,2,0.4999514106404026,0.0,0.0,0,0,2.8000000000000003,6.0,1.5,0,0.0,0.65692115704595,0,0,0,0,0,0,5.999999999999998,0.0,0
7.974188669286011,23.0,0,1309.0,26.0,4.0,16092.0,465.0,83.0,1.6094379124341005,12.0,0.6931471805599453,1.0986122886681096,3.0,1.0986122886681096,1.0986122886681096,2.0,0.0,3.0,3.0,4.0,1.4142135623730951,0,1.0,1.0,2,1.5948377338572022,0.0,0.0,0,0,3.0999999999999996,12.0,4.6,0,0.0,0.6159722866538047,0,0,0,0,0,1,15.300000000000006,0.0,4
8.704999678440762,41.0,1,483.0,6.0,8.0,10110.0,466.0,95.0,1.791759469228055,15.0,1.9459101490553128,1.0986122886681096,4.0,0.0,1.6094379124341005,3.0,1.0,4.0,2.0,2.0,1.7320508075688772,2,2.0,3.0,2,0.9672221864934181,0.6,2.791759469228055,1,0,3.0500000000000003,4.0,3.6,0,0.3581970477838151,0.5197522709423613,0,0,0,0,0,0,-0.9499999999999997,6.0,0
7.998671361015776,47.0,0,1309.0,4.0,5.0,25751.0,467.0,99.0,0.0,19.0,1.3862943611198906,0.0,2.0,0.0,0.0,3.0,0.0,1.0,3.0,3.0,1.7320508075688772,2,2.0,1.0,1,1.3331118935026294,0.0,0.0,0,0,2.4499999999999997,9.0,1.4,1,0.0,0.7723780255494906,0,0,0,0,1,0,-10.850000000000001,0.0,0
9.67990640549087,42.0,0,810.0,23.0,16.0,15901.0,468.0,44.0,0.6931471805599453,14.0,1.0986122886681096,0.0,1.0,0.0,0.0,3.0,0.0,2.0,3.0,4.0,1.4142135623730951,2,4.0,5.0,2,0.5694062591465218,0.0,0.0,0,0,2.6999999999999997,12.0,3.3,1,0.0,0.5460219117128811,0,0,0,0,1,0,-2.6000000000000005,0.0,0
8.444622498581403,29.0,0,746.0,2.0,4.0,16928.0,469.0,61.0,1.6094379124341005,14.0,0.6931471805599453,1.0986122886681096,4.0,0.6931471805599453,1.3862943611198906,2.0,0.0,1.0,3.0,3.0,1.7320508075688772,1,2.0,3.0,0,1.6889244997162804,0.0,0.0,0,0,2.6999999999999997,9.0,2.2,0,0.0,0.4893208421701146,0,0,1,0,0,0,14.300000000000002,0.0,0
7.89989532313973,42.0,1,544.0,2.0,4.0,24017.0,470.0,52.0,1.3862943611198906,11.0,0.0,0.0,3.0,0.6931471805599453,1.0986122886681096,3.0,1.0,3.0,3.0,3.0,2.23606797749979,0,1.0,1.0,2,1.579979064627946,0.2,2.386294361119891,0,0,3.0,9.0,3.2,0,0.41905978419640516,0.44091691823539336,0,0,0,0,0,0,-2.0,2.0,4
7.771067086065406,32.0,0,1062.0,2.0,8.0,3956.0,471.0,75.0,2.19722457733622,13.0,0.6931471805599453,2.079441541679836,3.0,0.6931471805599453,0.0,3.0,0.0,3.0,3.0,2.0,2.0,1,1.0,3.0,2,0.8634518984517118,0.0,0.0,0,0,2.6500000000000004,6.0,1.2,0,0.0,0.40225719842448465,0,0,0,0,0,0,10.799999999999997,0.0,2
9.43388384331172,48.0,0,530.0,29.0,15.0,23978.0,473.0,91.0,0.0,21.0,1.3862943611198906,0.0,1.0,0.6931471805599453,0.0,1.0,0.0,2.0,3.0,3.0,1.7320508075688772,1,3.0,1.0,2,0.5896177402069825,0.0,0.0,0,0,1.8499999999999999,9.0,5.9,1,0.0,0.7216928412836527,0,0,0,0,1,0,-17.200000000000003,0.0,2
8.695339376799712,37.0,1,1319.0,6.0,13.0,17001.0,474.0,51.0,2.079441541679836,13.0,1.6094379124341005,2.079441541679836,3.0,1.0986122886681096,2.079441541679836,3.0,2.449489742783178,1.0,4.0,1.0,1.4142135623730951,0,2.0,3.0,2,0.621095669771408,0.6,7.543060469845175,1,0,2.0,4.0,3.6,0,0.7954331035772741,0.5804792914848887,0,1,0,0,0,0,6.0,6.0,4
8.463159302923751,30.0,1,641.0,25.0,4.0,6069.0,475.0,85.0,1.0986122886681096,12.0,2.079441541679836,1.0986122886681096,4.0,0.6931471805599453,1.0986122886681096,4.0,1.4142135623730951,2.0,3.0,3.0,1.4142135623730951,1,2.0,2.0,0,1.6926318605847501,2.5,2.9678859607972816,1,0,3.3499999999999996,9.0,4.5,0,0.6738803398843289,0.44898542849945894,0,0,0,0,0,0,6.5000000000000036,25.0,0
8.574895901544526,26.0,0,933.0,1.0,8.0,20156.0,476.0,57.0,2.19722457733622,17.0,0.6931471805599453,2.079441541679836,3.0,0.6931471805599453,2.079441541679836,3.0,2.6457513110645907,2.0,3.0,3.0,1.7320508075688772,1,2.0,3.0,2,0.9527662112827251,0.0,8.459061117255237,0,0,2.8499999999999996,9.0,1.1,0,0.8275150046759958,0.5531648443649759,0,0,0,0,0,0,16.100000000000005,0.0,2
8.822027322685583,42.0,0,1332.0,2.0,14.0,17078.0,477.0,98.0,0.6931471805599453,23.0,1.3862943611198906,0.0,1.0,0.0,0.0,3.0,0.0,2.0,2.0,4.0,2.449489742783178,2,2.0,4.0,2,0.5881351548457056,0.0,0.0,0,0,2.6999999999999997,8.0,1.2,1,0.0,0.7633603208251452,0,0,0,0,1,0,-2.6000000000000005,0.0,0
7.684783943522785,21.0,1,756.0,1.0,3.0,9150.0,478.0,99.0,1.3862943611198906,11.0,0.6931471805599453,1.0986122886681096,1.0,0.0,1.0986122886681096,3.0,1.0,3.0,2.0,2.0,1.7320508075688772,2,1.0,1.0,1,1.9211959858806962,0.1,2.386294361119891,0,0,2.15,4.0,3.1,0,0.41905978419640516,0.4772279855403481,0,0,0,0,0,0,35.15,1.0,0
8.802973456578423,36.0,0,845.0,1.0,7.0,15276.0,479.0,45.0,0.6931471805599453,15.0,1.6094379124341005,0.0,4.0,0.0,0.0,3.0,0.0,2.0,3.0,4.0,2.449489742783178,2,2.0,5.0,0,1.1003716820723028,0.0,0.0,1,0,3.4499999999999997,12.0,1.1,1,0.0,0.46704138133847267,0,0,0,0,1,0,2.200000000000001,0.0,0
9.179881164491476,36.0,0,541.0,3.0,16.0,7246.0,481.0,48.0,2.639057329615259,11.0,1.6094379124341005,2.5649493574615367,1.0,0.6931471805599453,2.302585092994046,3.0,1.0,1.0,2.0,4.0,1.4142135623730951,1,3.0,4.0,1,0.5399930096759692,0.0,3.639057329615259,1,0,2.55,8.0,1.3,0,0.2747964402379243,0.37822360768331587,1,0,0,0,0,0,5.800000000000001,0.0,1
8.81818627792769,57.0,0,593.0,1.0,15.0,2967.0,482.0,88.0,1.3862943611198906,11.0,1.0986122886681096,1.0986122886681096,4.0,0.0,1.0986122886681096,3.0,1.0,3.0,3.0,3.0,1.4142135623730951,1,2.0,4.0,2,0.5511366423704807,0.0,2.386294361119891,0,0,3.25,9.0,1.1,0,0.41905978419640516,0.4533885587952728,0,0,0,0,0,0,-12.75,0.0,2
7.7025561132685825,40.0,1,1171.0,10.0,10.0,22495.0,483.0,46.0,2.079441541679836,13.0,1.3862943611198906,2.079441541679836,4.0,0.6931471805599453,2.079441541679836,3.0,1.0,3.0,4.0,3.0,1.7320508075688772,1,1.0,4.0,2,0.7002323739335075,1.0,3.079441541679836,0,0,3.25,12.0,4.0,0,0.32473420471378706,0.4978404105800432,0,0,0,0,0,0,0.0,10.0,2
7.867488568699128,21.0,0,895.0,9.0,3.0,2851.0,484.0,39.0,1.3862943611198906,24.0,0.6931471805599453,1.0986122886681096,1.0,0.0,1.0986122886681096,2.0,1.4142135623730951,3.0,3.0,4.0,1.7320508075688772,2,1.0,2.0,0,1.966872142174782,0.0,3.37472984931019,0,0,2.5999999999999996,12.0,2.9,0,0.5926400302556987,0.24178384773967398,0,0,0,0,0,0,26.60000000000001,0.0,0
7.955775781534187,33.0,1,350.0,5.0,1.0,9150.0,485.0,34.0,0.6931471805599453,13.0,0.6931471805599453,0.0,4.0,0.0,0.0,3.0,0.0,2.0,3.0,3.0,1.4142135623730951,2,1.0,3.0,2,3.9778878907670934,0.5,0.0,0,0,3.0999999999999996,9.0,3.5,1,0.0,0.19793661427069142,0,0,0,0,1,0,6.3000000000000025,5.0,0
8.146998697389993,37.0,0,921.0,10.0,17.0,17663.0,486.0,98.0,1.791759469228055,20.0,1.9459101490553128,1.3862943611198906,3.0,0.6931471805599453,1.6094379124341005,3.0,0.0,2.0,3.0,1.0,1.7320508075688772,1,1.0,3.0,2,0.45261103874388847,0.0,0.0,1,0,2.15,3.0,2.0,0,0.0,0.6321449268989969,0,0,0,0,0,0,5.550000000000001,0.0,2
8.567696173589344,46.0,0,1144.0,7.0,7.0,16044.0,487.0,30.0,0.6931471805599453,14.0,1.0986122886681096,0.0,3.0,0.0,0.0,4.0,0.0,3.0,3.0,3.0,1.4142135623730951,1,2.0,4.0,0,1.070962021698668,0.0,0.0,0,0,3.25,9.0,0.7,0,0.0,0.4525412292580142,0,0,0,0,1,0,-4.5,0.0,0
9.143773127704067,41.0,0,143.0,4.0,8.0,9558.0,488.0,56.0,2.19722457733622,18.0,0.6931471805599453,2.079441541679836,1.0,0.0,2.079441541679836,3.0,2.6457513110645907,3.0,3.0,2.0,2.23606797749979,2,2.0,3.0,1,1.0159747919671185,0.0,8.459061117255237,0,0,2.15,6.0,1.4,0,0.8275150046759958,0.3553804975674665,1,1,0,0,0,0,-1.85,0.0,0
9.258844781035798,50.0,0,1046.0,10.0,20.0,2755.0,491.0,100.0,1.6094379124341005,15.0,1.9459101490553128,1.3862943611198906,4.0,0.0,1.3862943611198906,3.0,1.0,4.0,2.0,4.0,1.4142135623730951,2,3.0,3.0,2,0.4408973705255142,0.0,2.6094379124341005,1,0,3.75,8.0,2.0,0,0.383224293337255,0.6166612813937229,0,0,0,0,0,0,-2.5,0.0,0
8.761080103868347,40.0,1,575.0,22.0,8.0,6110.0,492.0,68.0,1.9459101490553128,12.0,1.0986122886681096,0.0,3.0,1.0986122886681096,1.6094379124341005,3.0,1.0,1.0,2.0,3.0,2.449489742783178,1,2.0,2.0,2,0.9734533448742607,2.2,2.9459101490553126,0,0,2.6999999999999997,6.0,5.2,1,0.3394536660667256,0.40491355532605555,0,0,0,0,0,0,0.0,22.0,2
7.88532923927319,31.0,1,408.0,9.0,3.0,7551.0,493.0,42.0,1.0986122886681096,16.0,0.0,1.0986122886681096,3.0,0.0,1.0986122886681096,3.0,1.4142135623730951,4.0,2.0,2.0,2.23606797749979,2,1.0,4.0,2,1.9713323098182975,0.9,2.9678859607972816,0,0,2.8000000000000003,4.0,3.9,0,0.6738803398843289,0.21420563450307026,0,0,1,0,0,0,10.799999999999997,9.0,0
7.907283609426348,21.0,0,156.0,12.0,1.0,25422.0,494.0,90.0,0.6931471805599453,15.0,0.6931471805599453,0.0,3.0,0.0,0.0,3.0,0.0,4.0,4.0,2.0,0.0,2,1.0,3.0,2,3.953641804713174,0.0,0.0,0,1,2.8000000000000003,8.0,2.2,0,0.0,0.5219957194523018,0,0,1,0,1,0,22.799999999999994,0.0,0
7.697121317282625,29.0,0,1283.0,23.0,6.0,18168.0,495.0,54.0,1.3862943611198906,16.0,2.302585092994046,1.0986122886681096,4.0,0.0,1.0986122886681096,3.0,1.0,4.0,3.0,4.0,2.0,2,1.0,3.0,2,1.0995887596118037,0.0,2.386294361119891,1,0,3.75,12.0,3.3,0,0.41905978419640516,0.5025081835523488,0,0,1,0,0,0,2.75,0.0,0
8.785845337961213,35.0,0,755.0,9.0,10.0,19394.0,496.0,97.0,0.6931471805599453,19.0,2.302585092994046,0.0,3.0,0.0,0.6931471805599453,3.0,0.0,3.0,2.0,2.0,2.23606797749979,2,2.0,4.0,2,0.7987132125419284,0.0,0.0,1,0,2.6500000000000004,4.0,1.9,0,0.0,0.6763746180753859,0,0,0,0,1,0,6.749999999999998,0.0,0
8.247220052745229,27.0,0,1469.0,1.0,5.0,17881.0,497.0,82.0,1.791759469228055,11.0,0.6931471805599453,1.6094379124341005,4.0,0.6931471805599453,1.0986122886681096,3.0,0.0,2.0,3.0,2.0,1.4142135623730951,0,1.0,2.0,2,1.374536675457538,0.0,0.0,0,0,2.75,6.0,1.1,0,0.0,0.68469103331806,0,0,0,0,0,1,16.25,0.0,4
8.566744970245486,28.0,0,304.0,9.0,7.0,20750.0,498.0,92.0,2.079441541679836,16.0,0.6931471805599453,2.079441541679836,2.0,0.0,1.791759469228055,3.0,0.0,4.0,3.0,4.0,1.0,2,2.0,4.0,2,1.0708431212806857,0.0,0.0,0,0,3.25,12.0,1.9,0,0.0,0.570797659739009,0,0,1,0,0,0,9.0,0.0,0
9.302554855963994,49.0,0,1261.0,7.0,26.0,12066.0,499.0,31.0,1.791759469228055,24.0,2.19722457733622,0.0,2.0,0.0,1.0986122886681096,3.0,0.0,3.0,2.0,3.0,1.4142135623730951,2,3.0,3.0,2,0.34453906873940715,0.0,0.0,1,0,2.75,6.0,1.7,0,0.0,0.5062874039005509,0,0,0,0,0,0,-11.25,0.0,0
8.504513138258863,51.0,0,1178.0,14.0,18.0,14862.0,500.0,87.0,2.079441541679836,11.0,1.6094379124341005,2.079441541679836,3.0,0.6931471805599453,2.079441541679836,2.0,0.0,3.0,3.0,4.0,1.4142135623730951,1,2.0,2.0,2,0.4476059546452033,0.0,0.0,1,0,3.0999999999999996,12.0,3.4,0,0.0,0.6443849177171642,0,0,0,0,0,0,-9.900000000000004,0.0,2
7.841492924460013,36.0,0,329.0,2.0,6.0,11868.0,501.0,96.0,1.0986122886681096,13.0,1.6094379124341005,1.0986122886681096,4.0,0.6931471805599453,1.0986122886681096,3.0,1.4142135623730951,2.0,3.0,3.0,1.7320508075688772,1,1.0,3.0,2,1.120213274922859,0.0,2.9678859607972816,1,0,3.0999999999999996,9.0,1.2,0,0.6738803398843289,0.4321339073103164,0,0,0,0,0,0,3.6000000000000014,0.0,2
8.576405051048084,34.0,1,1362.0,19.0,9.0,4652.0,502.0,67.0,1.791759469228055,13.0,2.19722457733622,1.6094379124341005,1.0,0.0,1.0986122886681096,2.0,0.0,2.0,4.0,4.0,1.7320508075688772,2,2.0,3.0,0,0.8576405051048084,1.9,0.0,1,0,2.4499999999999997,16.0,5.9,0,0.0,0.5101614333913808,0,0,0,1,0,0,9.3,19.0,0
9.720765915720834,55.0,1,1311.0,2.0,30.0,23258.0,505.0,97.0,1.791759469228055,13.0,1.0986122886681096,1.0986122886681096,3.0,0.0,1.6094379124341005,3.0,1.0,3.0,3.0,4.0,1.4142135623730951,2,4.0,3.0,2,0.31357309405551076,0.2,2.791759469228055,0,0,3.3499999999999996,12.0,3.2,0,0.3581970477838151,0.902660576924955,0,0,0,0,0,0,-9.750000000000005,2.0,0
8.357259153499912,24.0,1,1371.0,10.0,5.0,5915.0,507.0,77.0,1.791759469228055,12.0,0.6931471805599453,1.3862943611198906,4.0,0.6931471805599453,1.0986122886681096,4.0,0.0,4.0,3.0,3.0,1.4142135623730951,0,2.0,4.0,2,1.3928765255833186,1.0,0.0,0,0,3.65,9.0,3.0,0,0.0,0.5395373261863884,0,0,1,0,0,1,5.600000000000001,10.0,4
7.814803429489359,30.0,0,202.0,2.0,1.0,17434.0,508.0,72.0,0.6931471805599453,18.0,0.6931471805599453,0.0,3.0,0.6931471805599453,0.0,3.0,0.0,1.0,3.0,2.0,1.7320508075688772,1,1.0,1.0,2,3.9074017147446796,0.0,0.0,0,0,2.35,6.0,1.2,1,0.0,0.37705250806789536,0,0,0,0,1,0,16.5,0.0,2
8.04012466444838,26.0,0,575.0,3.0,7.0,6582.0,510.0,73.0,1.9459101490553128,22.0,0.0,1.6094379124341005,3.0,0.0,1.6094379124341005,3.0,0.0,3.0,3.0,1.0,1.4142135623730951,2,1.0,1.0,1,1.0050155830560474,0.0,0.0,0,0,2.3,3.0,1.3,0,0.0,0.3596485859367969,0,0,0,0,0,0,23.800000000000004,0.0,0
7.716460800176355,22.0,0,253.0,11.0,2.0,24440.0,511.0,43.0,1.0986122886681096,13.0,0.6931471805599453,1.0986122886681096,1.0,0.6931471805599453,0.6931471805599453,3.0,1.0,4.0,3.0,2.0,1.0,1,1.0,3.0,2,2.572153600058785,0.0,2.0986122886681096,0,0,2.3,6.0,2.1,0,0.4765053580405044,0.34367849774769865,0,0,1,0,0,0,30.6,0.0,2
8.935508711503221,36.0,0,164.0,2.0,10.0,3809.0,513.0,61.0,2.3978952727983707,13.0,0.6931471805599453,0.0,2.0,1.0986122886681096,2.302585092994046,3.0,3.0,2.0,2.0,3.0,1.4142135623730951,1,3.0,2.0,2,0.8123189737730201,0.0,10.193685818395112,0,0,2.5999999999999996,6.0,1.2,1,0.8828994889914074,0.299683456188653,1,0,0,0,0,0,5.600000000000001,0.0,2
7.734558844354756,30.0,1,464.0,4.0,3.0,3427.0,514.0,40.0,0.6931471805599453,23.0,2.302585092994046,0.0,3.0,0.0,0.0,3.0,0.0,3.0,3.0,4.0,2.0,2,1.0,3.0,1,1.933639711088689,0.4,0.0,1,0,3.3499999999999996,12.0,3.4,0,0.0,0.16149563986746696,0,0,1,0,1,0,6.5000000000000036,4.0,0
8.017966703493599,37.0,0,1107.0,14.0,18.0,26914.0,515.0,95.0,2.9444389791664403,12.0,0.6931471805599453,2.8903717578961645,4.0,0.6931471805599453,2.079441541679836,2.0,3.4641016151377544,3.0,3.0,1.0,1.4142135623730951,0,1.0,3.0,2,0.4219982475522947,0.0,13.663937438542781,0,0,2.3,3.0,3.4,0,0.8782241615180992,0.7354339624487894,0,1,0,0,0,0,5.1000000000000005,0.0,4
8.651024539049757,40.0,0,759.0,2.0,8.0,22553.0,516.0,46.0,1.791759469228055,12.0,2.079441541679836,1.3862943611198906,4.0,1.0986122886681096,1.6094379124341005,3.0,1.0,3.0,3.0,2.0,2.23606797749979,0,2.0,2.0,2,0.9612249487833063,0.0,2.791759469228055,1,0,2.9000000000000004,6.0,1.2,0,0.3581970477838151,0.5139680379790191,0,0,0,0,0,0,0.0,0.0,4
7.854381210652365,42.0,0,201.0,1.0,8.0,20490.0,517.0,95.0,1.791759469228055,16.0,1.3862943611198906,1.0986122886681096,2.0,0.6931471805599453,1.0986122886681096,3.0,1.0,2.0,3.0,1.0,2.23606797749979,0,1.0,4.0,2,0.8727090234058184,0.0,2.791759469228055,0,0,1.9000000000000001,3.0,1.1,0,0.3581970477838151,0.4934182501357869,0,0,0,0,0,0,-4.199999999999999,0.0,4
8.342363500380579,37.0,1,1305.0,10.0,18.0,21123.0,518.0,49.0,0.6931471805599453,12.0,1.0986122886681096,0.6931471805599453,3.0,0.0,0.0,2.0,0.0,4.0,3.0,2.0,1.4142135623730951,2,2.0,4.0,2,0.4390717631779252,1.0,0.0,0,0,2.55,6.0,5.0,0,0.0,0.5789843537849972,0,0,0,0,1,0,4.3500000000000005,10.0,0
9.570598887246268,43.0,0,982.0,12.0,25.0,4345.0,520.0,59.0,3.258096538021482,11.0,0.6931471805599453,2.302585092994046,1.0,0.6931471805599453,2.3978952727983707,3.0,1.7320508075688772,3.0,2.0,2.0,1.7320508075688772,0,4.0,3.0,2,0.3680999572017795,0.0,7.3752395473863475,0,0,2.15,4.0,2.2,0,0.4067664488352986,0.5040841822672048,0,0,0,0,0,0,-5.550000000000001,0.0,4
8.145839612936841,40.0,0,555.0,2.0,20.0,13436.0,521.0,78.0,0.6931471805599453,22.0,1.9459101490553128,0.0,2.0,0.6931471805599453,0.0,3.0,0.0,2.0,2.0,3.0,1.7320508075688772,1,2.0,3.0,2,0.3878971244255639,0.0,0.0,1,0,2.5999999999999996,6.0,1.2,1,0.0,0.45267852300891553,0,0,0,0,1,0,0.0,0.0,2
9.873389104712096,54.0,0,821.0,5.0,24.0,8509.0,522.0,86.0,1.6094379124341005,11.0,1.6094379124341005,1.0986122886681096,1.0,0.6931471805599453,1.0986122886681096,2.0,1.0,3.0,3.0,1.0,2.0,1,5.0,2.0,2,0.39493556418848386,0.0,2.6094379124341005,1,0,1.55,3.0,2.5,0,0.383224293337255,0.6420000571350861,0,0,0,0,0,0,-34.300000000000004,0.0,2
8.785539527561276,34.0,0,1381.0,4.0,6.0,12740.0,523.0,72.0,1.3862943611198906,15.0,2.302585092994046,1.0986122886681096,3.0,0.6931471805599453,1.0986122886681096,3.0,1.0,1.0,3.0,3.0,1.7320508075688772,1,2.0,4.0,0,1.2550770753658966,0.0,2.386294361119891,1,0,2.6999999999999997,9.0,1.4,0,0.41905978419640516,0.632292072310286,0,0,0,0,0,0,7.800000000000002,0.0,0
8.36799688505411,31.0,0,480.0,7.0,13.0,4156.0,524.0,31.0,2.639057329615259,12.0,0.6931471805599453,2.5649493574615367,2.0,0.6931471805599453,2.3978952727983707,1.0,1.7320508075688772,2.0,3.0,1.0,2.23606797749979,1,2.0,2.0,2,0.5977140632181507,0.0,6.303032186549551,0,0,1.4000000000000001,3.0,3.7,0,0.4759613962311495,0.19915638778625716,1,0,0,0,0,0,23.4,0.0,2
7.7226775164680035,43.0,0,313.0,21.0,8.0,15238.0,525.0,61.0,1.3862943611198906,20.0,2.079441541679836,1.0986122886681096,4.0,0.6931471805599453,1.0986122886681096,3.0,1.0,1.0,3.0,4.0,1.0,1,1.0,3.0,1,0.8580752796075559,0.0,2.386294361119891,1,0,3.3,12.0,3.1,0,0.41905978419640516,0.3269156464220774,0,0,0,0,0,0,-2.1000000000000005,0.0,1
8.416930769477844,43.0,1,1473.0,8.0,8.0,2227.0,526.0,74.0,1.791759469228055,14.0,1.6094379124341005,1.0986122886681096,3.0,0.0,1.0986122886681096,3.0,0.0,4.0,3.0,3.0,1.7320508075688772,0,2.0,4.0,2,0.9352145299419826,0.8,0.0,1,0,3.15,9.0,3.8,0,0.0,0.5156723682793519,0,0,0,0,0,0,-2.5500000000000003,8.0,4
8.409162447202533,25.0,1,891.0,4.0,5.0,12090.0,527.0,99.0,1.791759469228055,11.0,0.6931471805599453,1.3862943611198906,2.0,0.0,1.6094379124341005,3.0,1.0,2.0,2.0,4.0,1.7320508075688772,2,2.0,2.0,2,1.4015270745337556,0.4,2.791759469228055,0,0,2.9499999999999997,8.0,3.4,0,0.3581970477838151,0.5990813571193402,0,0,0,0,0,0,15.750000000000004,4.0,0
8.400659375160286,37.0,1,1063.0,25.0,15.0,23866.0,529.0,72.0,2.639057329615259,15.0,1.3862943611198906,2.079441541679836,2.0,1.0986122886681096,2.4849066497880004,3.0,3.1622776601683795,1.0,3.0,3.0,1.4142135623730951,1,2.0,5.0,0,0.5250412109475179,2.5,11.507709697514333,0,0,2.4499999999999997,9.0,5.5,0,0.8689826440581833,0.6508418701613717,0,1,0,1,0,0,4.65,25.0,0
7.704811922932594,31.0,0,329.0,1.0,4.0,16193.0,530.0,98.0,1.6094379124341005,12.0,0.6931471805599453,1.0986122886681096,4.0,0.6931471805599453,1.0986122886681096,3.0,1.7320508075688772,3.0,2.0,1.0,1.7320508075688772,1,1.0,2.0,2,1.5409623845865188,0.0,4.519679043532329,0,0,2.55,2.0,1.1,0,0.6637639467548048,0.4698266068478978,0,0,0,0,0,0,13.05,0.0,2
9.862561385923485,39.0,1,1218.0,1.0,21.0,8213.0,531.0,52.0,3.091042453358316,14.0,0.6931471805599453,1.9459101490553128,2.0,0.6931471805599453,2.19722457733622,3.0,1.0,3.0,3.0,3.0,1.7320508075688772,0,5.0,1.0,1,0.4482982448147039,0.1,4.091042453358316,0,0,2.75,9.0,3.1,0,0.24443647588626344,0.5876261296133747,0,0,0,0,0,0,1.25,1.0,2
9.488956472414216,56.0,0,906.0,6.0,34.46000000000004,18256.0,532.0,86.0,2.079441541679836,11.0,2.302585092994046,2.079441541679836,3.0,1.3862943611198906,2.079441541679836,2.0,2.6457513110645907,4.0,4.0,1.0,0.0,1,4.0,3.0,1,0.2675960652119065,0.0,8.147436496246192,1,0,2.2,4.0,2.6,0,0.8591659478690193,0.7188682020999511,0,0,0,0,0,0,-28.799999999999997,0.0,1
8.791486026749002,30.0,0,1082.0,12.0,6.0,19558.0,533.0,83.0,1.791759469228055,11.0,0.0,1.6094379124341005,2.0,0.0,1.6094379124341005,3.0,2.0,2.0,3.0,3.0,2.449489742783178,2,2.0,3.0,2,1.2559265752498574,0.0,5.58351893845611,0,0,2.5999999999999996,9.0,2.2,0,0.7163940955676302,0.6870700585342948,0,0,1,0,0,0,14.000000000000004,0.0,0
9.035153304082828,41.0,0,645.0,1.0,10.0,19566.0,534.0,49.0,2.3978952727983707,16.0,0.6931471805599453,2.079441541679836,2.0,0.6931471805599453,2.079441541679836,3.0,0.0,3.0,4.0,1.0,1.4142135623730951,1,3.0,3.0,2,0.8213775730984388,0.0,0.0,0,0,2.05,4.0,1.1,0,0.0,0.5104537448137054,0,0,0,0,0,0,-1.9500000000000002,0.0,2
8.424858580213442,28.0,0,1300.0,17.0,10.0,13535.0,536.0,79.0,2.3978952727983707,12.0,0.6931471805599453,2.19722457733622,3.0,0.6931471805599453,0.0,3.0,1.0,4.0,3.0,1.0,1.4142135623730951,0,2.0,2.0,2,0.7658962345648583,0.0,3.3978952727983707,0,0,2.45,3.0,2.7,0,0.2942998296638024,0.616827863188254,0,0,0,0,0,1,18.599999999999998,0.0,4
8.302017809751204,25.0,0,688.0,3.0,6.0,9396.0,538.0,91.0,1.0986122886681096,13.0,1.791759469228055,1.0986122886681096,1.0,0.6931471805599453,1.0986122886681096,3.0,0.0,3.0,3.0,1.0,2.23606797749979,1,1.0,3.0,2,1.186002544250172,0.0,0.0,1,0,1.8,3.0,1.3,0,0.0,0.49705430403573425,0,0,1,0,0,0,33.0,0.0,2
8.98343977178426,52.0,1,319.0,3.0,28.0,19609.0,543.0,39.0,1.791759469228055,14.0,1.0986122886681096,1.6094379124341005,4.0,0.0,1.6094379124341005,3.0,0.0,3.0,2.0,3.0,2.0,1,3.0,3.0,2,0.30977378523394,0.3,0.0,0,0,3.25,6.0,3.3,0,0.0,0.4119642512714785,0,0,0,0,0,0,-9.0,3.0,2
7.884199933676039,45.0,0,192.0,10.0,8.0,9655.0,544.0,69.0,1.0986122886681096,21.0,1.3862943611198906,1.0986122886681096,1.0,1.0986122886681096,1.0986122886681096,2.0,0.0,4.0,3.0,4.0,1.7320508075688772,1,1.0,2.0,2,0.8760222148528932,0.0,0.0,0,0,2.75,12.0,3.0,0,0.0,0.292993907600883,0,0,0,0,0,0,-6.25,0.0,2
9.714503852868624,52.0,0,1490.0,4.0,31.0,10310.0,546.0,30.0,1.791759469228055,13.0,1.0986122886681096,1.6094379124341005,4.0,0.0,1.0986122886681096,1.0,1.0,4.0,3.0,4.0,1.4142135623730951,1,4.0,2.0,2,0.3035782454021445,0.0,2.791759469228055,0,0,3.25,12.0,3.4,0,0.3581970477838151,0.5648444712374393,0,0,0,0,0,0,-9.0,0.0,2
8.424419791263883,42.0,0,532.0,29.0,19.0,12932.0,547.0,92.0,1.791759469228055,11.0,1.0986122886681096,1.0986122886681096,1.0,0.6931471805599453,1.6094379124341005,3.0,0.0,2.0,3.0,3.0,1.7320508075688772,0,2.0,2.0,1,0.42122098956319415,0.0,0.0,0,0,2.3499999999999996,9.0,3.9,0,0.0,0.5197247663046258,0,0,0,0,0,0,-3.3000000000000007,0.0,2
8.714731714015052,30.0,0,317.0,2.0,11.0,24793.0,548.0,43.0,1.791759469228055,20.0,1.0986122886681096,1.0986122886681096,3.0,0.0,1.6094379124341005,3.0,0.0,3.0,1.0,4.0,1.4142135623730951,2,2.0,3.0,2,0.7262276428345876,0.0,0.0,0,0,3.3499999999999996,4.0,1.2,0,0.0,0.45263758394061426,0,0,0,0,0,0,6.5000000000000036,0.0,0
9.8815997527781,60.0,0,422.0,7.0,33.0,3854.0,549.0,41.0,3.4011973816621555,11.0,1.791759469228055,2.3978952727983707,1.0,0.0,2.19722457733622,1.0,3.3166247903554,4.0,3.0,1.0,2.23606797749979,1,5.0,3.0,2,0.2906352868464147,0.0,14.597120343267983,1,0,1.45,3.0,3.7,0,0.7535732898902261,0.3639280295990523,1,0,0,0,0,0,-51.0,0.0,2
8.478660241699453,46.0,0,1485.0,18.0,19.0,26314.0,550.0,87.0,2.3978952727983707,14.0,1.0986122886681096,2.19722457733622,3.0,0.6931471805599453,2.079441541679836,2.0,0.0,3.0,3.0,3.0,2.23606797749979,0,2.0,3.0,2,0.42393301208497264,0.0,0.0,0,0,2.75,9.0,3.8,0,0.0,0.8118474984708529,0,0,0,0,0,0,-7.5,0.0,4
8.41715183723601,42.0,0,1368.0,28.0,7.0,4386.0,551.0,88.0,1.9459101490553128,11.0,0.0,1.6094379124341005,4.0,1.3862943611198906,1.791759469228055,4.0,0.0,4.0,2.0,4.0,2.0,1,2.0,4.0,1,1.0521439796545013,0.0,0.0,0,0,4.0,8.0,2.8,0,0.0,0.5685752664346493,0,0,0,0,0,0,-0.0,0.0,1
8.071843149609158,24.0,1,1448.0,1.0,6.0,21972.0,554.0,62.0,1.791759469228055,16.0,0.6931471805599453,1.6094379124341005,1.0,0.0,1.3862943611198906,3.0,1.0,2.0,3.0,2.0,2.0,2,1.0,1.0,2,1.1531204499441654,0.1,2.791759469228055,0,0,2.0,6.0,3.1,0,0.3581970477838151,0.6340630636768395,0,0,0,0,0,0,32.0,1.0,0
7.763021309018518,34.0,0,296.0,6.0,3.0,12253.0,555.0,33.0,1.0986122886681096,16.0,0.0,0.0,4.0,0.6931471805599453,1.0986122886681096,2.0,1.0,4.0,1.0,3.0,1.7320508075688772,0,1.0,2.0,1,1.9407553272546294,0.0,2.0986122886681096,0,0,3.15,3.0,2.6,0,0.4765053580405044,0.19770692026481673,0,0,0,0,0,1,5.1000000000000005,0.0,2
7.440146680662688,38.0,1,1490.0,2.0,1.0,12106.0,556.0,42.0,0.6931471805599453,23.0,0.6931471805599453,0.0,4.0,0.6931471805599453,0.0,3.0,0.0,3.0,3.0,4.0,1.7320508075688772,1,1.0,2.0,1,3.720073340331344,0.2,0.0,0,0,3.5999999999999996,12.0,3.2,0,0.0,0.41165566705654966,0,0,0,0,1,0,0.8000000000000007,2.0,1
9.800457652216584,40.0,0,1398.0,2.0,21.0,13022.0,558.0,79.0,3.044522437723423,14.0,0.0,2.5649493574615367,3.0,0.0,2.772588722239781,3.0,1.0,4.0,3.0,3.0,1.4142135623730951,1,5.0,4.0,2,0.44547534782802656,0.0,4.044522437723423,0,0,3.15,9.0,1.2,0,0.24724797930973505,0.7586944927648456,0,0,0,0,0,0,0.0,0.0,2
7.967973179662935,26.0,0,1349.0,23.0,3.0,3032.0,560.0,90.0,1.3862943611198906,22.0,0.6931471805599453,1.0986122886681096,1.0,1.0986122886681096,1.0986122886681096,1.0,0.0,2.0,3.0,4.0,1.7320508075688772,0,1.0,3.0,2,1.9919932949157337,0.0,0.0,0,0,2.1999999999999997,12.0,5.3,0,0.0,0.51644727516707,0,0,1,0,0,1,25.200000000000003,0.0,4
7.648739788956242,30.0,0,1400.0,3.0,9.0,16734.0,562.0,53.0,1.791759469228055,15.0,1.6094379124341005,1.6094379124341005,3.0,0.6931471805599453,1.3862943611198906,1.0,1.0,3.0,3.0,4.0,1.7320508075688772,1,1.0,3.0,0,0.7648739788956241,0.0,2.791759469228055,1,0,2.8499999999999996,12.0,3.3,0,0.3581970477838151,0.5009258549842112,0,0,0,0,0,0,11.500000000000004,0.0,0
9.387314322443542,29.0,0,986.0,3.0,10.0,21526.0,564.0,93.0,2.3978952727983707,18.0,0.6931471805599453,2.079441541679836,2.0,0.0,1.0986122886681096,3.0,0.0,3.0,2.0,3.0,1.4142135623730951,1,3.0,4.0,2,0.8533922111312311,0.0,0.0,0,0,2.75,6.0,1.3,0,0.0,0.7814422347796921,0,0,0,0,0,0,13.75,0.0,2
7.842671474979457,29.0,0,408.0,25.0,6.0,18300.0,565.0,71.0,1.0986122886681096,16.0,1.791759469228055,0.6931471805599453,3.0,0.0,1.0986122886681096,4.0,1.0,2.0,2.0,2.0,1.4142135623730951,1,1.0,5.0,2,1.1203816392827795,0.0,2.0986122886681096,1,0,2.75,4.0,2.5,1,0.4765053580405044,0.4216619100855957,0,0,1,0,0,0,13.75,0.0,2
7.84971375760487,19.0,0,489.0,2.0,1.0,18437.0,566.0,52.0,0.6931471805599453,12.0,0.6931471805599453,0.0,1.0,0.0,0.0,4.0,0.0,3.0,2.0,4.0,1.7320508075688772,2,1.0,2.0,2,3.924856878802435,0.0,0.0,0,0,3.0999999999999996,8.0,0.2,0,0.0,0.37033819692748376,0,0,0,0,1,0,18.900000000000006,0.0,0
9.037533407550814,30.0,0,1398.0,22.0,10.0,2890.0,567.0,69.0,2.302585092994046,11.0,0.0,2.19722457733622,3.0,0.0,2.19722457733622,3.0,2.6457513110645907,3.0,3.0,1.0,1.7320508075688772,1,3.0,4.0,0,0.8215939461409831,0.0,8.73781883969137,0,0,2.3,3.0,3.2,0,0.8011152586733246,0.549463281128606,0,0,0,0,0,0,17.0,0.0,0
9.555276687009526,57.0,0,210.0,29.0,32.0,22102.0,568.0,56.0,0.6931471805599453,12.0,1.3862943611198906,0.0,1.0,0.6931471805599453,0.0,2.0,0.0,3.0,2.0,4.0,1.7320508075688772,0,4.0,3.0,2,0.28955383900028864,0.0,0.0,0,0,2.5999999999999996,8.0,4.9,0,0.0,0.5320218449984893,0,0,0,0,1,0,-23.800000000000004,0.0,4
9.743729514150925,50.0,0,1099.0,29.0,28.0,9314.0,569.0,88.0,3.332204510175204,15.0,0.0,2.079441541679836,2.0,0.6931471805599453,2.3978952727983707,3.0,3.605551275463989,2.0,2.0,3.0,1.4142135623730951,1,4.0,4.0,2,0.335990672901756,0.0,15.619985497233055,0,0,2.5999999999999996,6.0,3.9,0,0.8322670979625965,0.6947688416990508,0,0,0,0,0,0,-14.000000000000004,0.0,2
7.84971375760487,30.0,0,1116.0,2.0,12.0,7181.0,571.0,49.0,2.4849066497880004,14.0,0.0,2.079441541679836,3.0,0.0,2.079441541679836,2.0,2.449489742783178,3.0,3.0,4.0,1.4142135623730951,2,1.0,3.0,0,0.6038241352003746,0.0,8.536243093212596,0,0,3.0999999999999996,12.0,2.2,0,0.7028853249002206,0.35883927605629473,0,0,0,0,0,0,9.000000000000004,0.0,0
9.236690147298964,60.0,0,1499.0,28.0,22.0,2845.0,573.0,80.0,2.9444389791664403,19.0,1.6094379124341005,2.4849066497880004,3.0,0.0,2.639057329615259,4.0,3.605551275463989,4.0,2.0,1.0,2.23606797749979,1,3.0,3.0,1,0.40159522379560714,0.0,14.221876992323434,1,0,2.7,2.0,2.8,0,0.9140846884709403,0.6251174036208202,0,0,0,0,0,0,-25.999999999999996,0.0,1
8.531293315795018,47.0,0,983.0,2.0,20.0,7389.0,574.0,65.0,1.791759469228055,13.0,1.791759469228055,1.6094379124341005,1.0,1.3862943611198906,0.0,3.0,0.0,3.0,3.0,4.0,1.4142135623730951,0,2.0,2.0,2,0.4062520626569056,0.0,0.0,1,0,2.8499999999999996,12.0,1.2,0,0.0,0.45842291688921294,0,0,0,0,0,0,-8.050000000000002,0.0,4
9.790430830243832,46.0,0,1009.0,2.0,26.0,2288.0,575.0,51.0,1.3862943611198906,13.0,1.9459101490553128,0.6931471805599453,1.0,0.0,1.0986122886681096,1.0,0.0,3.0,3.0,3.0,1.4142135623730951,1,4.0,3.0,2,0.36260854926829006,0.0,0.0,1,0,1.9999999999999998,9.0,3.2,0,0.0,0.4803878102500742,0,0,0,0,0,0,-12.0,0.0,2
8.350193650720067,35.0,0,144.0,22.0,6.0,19225.0,577.0,46.0,1.791759469228055,15.0,0.0,1.3862943611198906,4.0,0.0,1.6094379124341005,3.0,2.0,3.0,1.0,3.0,1.4142135623730951,2,1.0,3.0,2,1.1928848072457239,0.0,5.58351893845611,0,0,3.25,3.0,3.2,0,0.7163940955676302,0.34218804106808365,0,0,0,0,0,0,3.75,0.0,0
8.237743803890933,54.0,0,548.0,8.0,19.0,23428.0,578.0,42.0,0.6931471805599453,11.0,2.079441541679836,0.0,3.0,0.0,0.0,3.0,0.0,3.0,3.0,3.0,1.7320508075688772,2,2.0,4.0,2,0.4118871901945466,0.0,0.0,1,0,3.0,9.0,1.8,0,0.0,0.43180606013726075,0,0,0,0,1,0,-14.0,0.0,0
7.926241523170962,34.0,0,1303.0,2.0,14.0,8416.0,579.0,62.0,2.079441541679836,12.0,1.3862943611198906,2.079441541679836,4.0,0.6931471805599453,1.3862943611198906,3.0,2.23606797749979,3.0,2.0,3.0,1.7320508075688772,0,1.0,4.0,2,0.5284161015447307,0.0,6.885840619932866,0,0,3.25,6.0,1.2,0,0.7261277563593606,0.4583327190979699,0,0,0,0,0,1,4.5,0.0,4
9.112948025967532,46.0,1,1125.0,10.0,15.0,11563.0,580.0,94.0,1.3862943611198906,19.0,1.0986122886681096,1.0986122886681096,3.0,0.6931471805599453,1.0986122886681096,3.0,1.0,3.0,2.0,4.0,1.7320508075688772,1,3.0,3.0,2,0.5695592516229707,1.0,2.386294361119891,0,0,3.3499999999999996,8.0,4.0,0,0.41905978419640516,0.6840535583614644,0,0,0,0,0,0,-3.900000000000002,10.0,2
9.273221270015384,31.0,0,1274.0,9.0,13.0,14394.0,581.0,33.0,2.639057329615259,25.0,0.6931471805599453,2.19722457733622,3.0,0.6931471805599453,2.19722457733622,4.0,0.0,4.0,3.0,2.0,2.449489742783178,0,3.0,1.0,2,0.6623729478582417,0.0,0.0,0,0,3.0500000000000003,6.0,0.9,0,0.0,0.5363644448903625,0,0,0,0,0,1,8.549999999999997,0.0,4
9.518633568332074,33.0,1,1277.0,15.0,15.0,24619.0,582.0,56.0,2.079441541679836,12.0,2.079441541679836,2.079441541679836,2.0,0.0,1.9459101490553128,4.0,2.6457513110645907,4.0,3.0,3.0,1.4142135623730951,1,3.0,1.0,2,0.5949145980207546,1.5,8.147436496246192,1,0,3.15,9.0,3.5,0,0.8591659478690193,0.7447836947340108,0,0,0,0,0,0,5.950000000000001,15.0,2
8.134174272137903,33.0,0,587.0,10.0,8.0,6705.0,584.0,38.0,1.6094379124341005,13.0,2.079441541679836,1.3862943611198906,1.0,1.3862943611198906,1.3862943611198906,3.0,1.0,1.0,1.0,4.0,1.4142135623730951,0,1.0,1.0,2,0.9037971413486559,0.0,2.6094379124341005,1,0,2.55,4.0,2.0,0,0.383224293337255,0.24688318018442487,0,0,0,0,0,1,10.150000000000002,0.0,4
8.001019961323651,30.0,0,413.0,7.0,4.0,18398.0,585.0,57.0,1.3862943611198906,14.0,0.0,1.0986122886681096,4.0,0.0,1.0986122886681096,3.0,1.0,1.0,3.0,2.0,1.7320508075688772,2,1.0,1.0,2,1.6002039922647302,0.0,2.386294361119891,0,0,2.6,6.0,1.7,0,0.41905978419640516,0.38844501492136363,0,0,0,0,0,0,14.0,0.0,0
8.94023623179847,35.0,1,1276.0,16.0,10.0,14295.0,586.0,72.0,2.19722457733622,12.0,1.6094379124341005,0.0,4.0,0.0,2.079441541679836,3.0,0.0,3.0,3.0,3.0,1.4142135623730951,1,3.0,3.0,2,0.8127487483453155,1.6,0.0,1,0,3.25,9.0,4.6,0,0.0,0.6436719900367274,0,0,0,0,0,0,3.75,16.0,2
9.19268543673746,31.0,0,534.0,20.0,12.0,22908.0,587.0,66.0,0.6931471805599453,12.0,1.3862943611198906,0.0,1.0,0.0,0.0,3.0,0.0,1.0,3.0,3.0,1.4142135623730951,1,3.0,3.0,1,0.7071296489798046,0.0,0.0,0,0,2.1999999999999997,9.0,3.0,1,0.0,0.5996792692923716,0,0,0,0,1,0,16.200000000000003,0.0,1
9.205428327615165,34.0,1,988.0,23.0,11.0,11533.0,590.0,43.0,1.3862943611198906,15.0,2.302585092994046,1.0986122886681096,2.0,1.3862943611198906,1.0986122886681096,3.0,0.0,3.0,3.0,1.0,1.4142135623730951,0,3.0,3.0,1,0.7671190273012637,2.3,0.0,1,0,2.05,3.0,5.3,0,0.0,0.48579746735156987,0,0,0,1,0,1,11.700000000000001,23.0,2
7.646831391430482,42.0,0,1474.0,5.0,8.0,9260.0,591.0,97.0,1.0986122886681096,17.0,1.6094379124341005,0.0,2.0,0.6931471805599453,1.0986122886681096,3.0,1.4142135623730951,4.0,3.0,3.0,2.0,1,1.0,2.0,1,0.8496479323811648,0.0,2.9678859607972816,1,0,2.9,9.0,1.5,0,0.6738803398843289,0.596106651204383,0,0,0,0,0,0,-2.2,0.0,1
9.208438564686588,36.0,0,635.0,10.0,10.0,15318.0,592.0,32.0,2.3978952727983707,14.0,0.6931471805599453,2.079441541679836,2.0,0.0,1.3862943611198906,2.0,3.0,4.0,3.0,4.0,1.7320508075688772,2,3.0,4.0,0,0.8371307786078717,0.0,10.193685818395112,0,0,3.0,12.0,3.0,0,0.8828994889914074,0.42161839015772695,0,0,0,0,0,0,4.0,0.0,0
8.267448958304849,22.0,0,1368.0,4.0,4.0,9129.0,593.0,99.0,1.0986122886681096,16.0,1.791759469228055,1.0986122886681096,3.0,0.0,1.0986122886681096,3.0,1.0,3.0,2.0,3.0,1.7320508075688772,2,1.0,1.0,1,1.6534897916609697,0.0,2.0986122886681096,1,0,3.0,6.0,1.4,0,0.4765053580405044,0.6413810801356779,0,0,0,0,0,0,18.0,0.0,0
8.306965865368573,48.0,0,163.0,2.0,14.0,19658.0,595.0,37.0,2.302585092994046,14.0,1.0986122886681096,2.079441541679836,2.0,0.6931471805599453,2.079441541679836,3.0,2.449489742783178,1.0,3.0,4.0,1.4142135623730951,1,2.0,5.0,2,0.5537977243579049,0.0,8.089648309957543,0,0,2.8,12.0,1.2,0,0.7416886087142506,0.3137230174085934,1,1,0,0,0,0,-9.600000000000001,0.0,2
9.731274729890462,55.0,0,1117.0,18.0,34.46000000000004,9873.0,597.0,83.0,2.3978952727983707,23.0,1.3862943611198906,2.079441541679836,1.0,0.0,2.302585092994046,3.0,2.6457513110645907,4.0,3.0,2.0,1.4142135623730951,2,4.0,5.0,2,0.27442963141259025,0.0,8.989985872866464,0,0,2.3,6.0,2.8,0,0.778644160179091,0.6845719003494805,0,0,0,0,0,0,-25.500000000000004,0.0,0
8.737292112544221,41.0,0,267.0,10.0,16.0,13430.0,599.0,56.0,2.70805020110221,14.0,2.079441541679836,2.3978952727983707,4.0,0.0,1.3862943611198906,3.0,1.0,4.0,3.0,4.0,1.7320508075688772,2,2.0,2.0,0,0.5139583595614248,0.0,3.70805020110221,1,0,3.75,12.0,2.0,0,0.26968351175578803,0.3781784724545564,1,0,0,0,0,0,-0.25,0.0,0
8.45914025996762,35.0,0,619.0,1.0,15.0,18659.0,600.0,85.0,2.4849066497880004,11.0,2.302585092994046,2.302585092994046,2.0,0.0,2.302585092994046,3.0,2.449489742783178,3.0,3.0,3.0,1.4142135623730951,1,2.0,3.0,2,0.5286962662479763,0.0,8.536243093212596,1,0,2.75,9.0,1.1,0,0.7028853249002206,0.5710503721014599,0,1,0,0,0,0,6.25,0.0,2
9.490846760678869,40.0,0,302.0,6.0,22.0,20364.0,601.0,75.0,3.044522437723423,15.0,2.079441541679836,2.639057329615259,2.0,0.0,1.9459101490553128,3.0,2.23606797749979,3.0,3.0,3.0,1.7320508075688772,2,4.0,3.0,2,0.41264551133386385,0.0,9.043827107272733,1,0,2.75,9.0,1.6,0,0.5528632890360291,0.5928320596088804,0,0,0,0,0,0,0.0,0.0,0
8.231109840328154,39.0,0,443.0,8.0,8.0,17872.0,602.0,48.0,2.19722457733622,11.0,0.6931471805599453,2.079441541679836,3.0,0.6931471805599453,1.3862943611198906,3.0,0.0,1.0,3.0,3.0,1.7320508075688772,1,1.0,1.0,1,0.9145677600364616,0.0,0.0,0,0,2.6999999999999997,9.0,1.8,0,0.0,0.37804800983467296,0,0,0,0,0,0,1.3000000000000003,0.0,1
8.792245847467877,31.0,1,828.0,2.0,10.0,8346.0,604.0,77.0,1.9459101490553128,13.0,1.6094379124341005,1.791759469228055,2.0,0.0,1.791759469228055,4.0,0.0,3.0,3.0,4.0,1.4142135623730951,2,2.0,1.0,2,0.7992950770425342,0.2,0.0,1,0,3.3499999999999996,12.0,2.2,0,0.0,0.5077107787837765,0,0,0,0,0,0,5.850000000000003,2.0,0
8.91018077801329,42.0,1,319.0,24.0,10.0,6950.0,605.0,56.0,2.3978952727983707,21.0,0.6931471805599453,2.19722457733622,4.0,0.6931471805599453,2.302585092994046,2.0,2.23606797749979,4.0,3.0,1.0,2.23606797749979,1,3.0,3.0,2,0.8100164343648445,2.4,7.59792481040235,0,0,2.45,3.0,6.4,0,0.6580744248948713,0.33871013837190767,1,0,0,1,0,0,-3.0999999999999996,24.0,2
8.477620416296414,45.0,0,561.0,2.0,9.0,16177.0,606.0,61.0,2.19722457733622,19.0,0.0,2.079441541679836,4.0,0.6931471805599453,2.079441541679836,4.0,1.7320508075688772,2.0,3.0,2.0,1.7320508075688772,1,2.0,3.0,2,0.8477620416296414,0.0,5.5377554111542615,0,0,3.0,6.0,0.2,0,0.5417357353770694,0.4517814757044339,0,0,0,0,0,0,-5.0,0.0,2
7.91644286012226,26.0,1,426.0,17.0,8.0,22808.0,608.0,58.0,2.079441541679836,11.0,0.0,0.0,2.0,0.6931471805599453,2.079441541679836,2.0,1.0,2.0,3.0,3.0,1.4142135623730951,0,1.0,4.0,1,0.8796047622358066,1.7,3.079441541679836,0,0,2.3499999999999996,9.0,5.7,1,0.32473420471378706,0.4306502350073765,0,0,0,1,0,1,23.100000000000005,17.0,2
8.35772841676521,29.0,0,232.0,19.0,8.0,22645.0,611.0,34.0,1.3862943611198906,12.0,1.6094379124341005,1.0986122886681096,4.0,1.0986122886681096,1.0986122886681096,4.0,1.0,2.0,3.0,4.0,1.4142135623730951,0,2.0,3.0,2,0.9286364907516901,0.0,2.386294361119891,1,0,3.6999999999999997,12.0,1.9,0,0.41905978419640516,0.35011859723593053,1,0,0,0,0,1,3.300000000000003,0.0,4
9.691840166360343,33.0,0,922.0,1.0,10.0,22578.0,612.0,95.0,1.9459101490553128,19.0,1.6094379124341005,1.791759469228055,1.0,0.6931471805599453,0.6931471805599453,3.0,0.0,3.0,4.0,3.0,1.4142135623730951,0,4.0,5.0,2,0.8810763787600312,0.0,0.0,1,0,2.5,12.0,1.1,0,0.0,0.816355680188571,0,0,0,0,0,1,10.5,0.0,4
9.355133116877724,31.0,0,688.0,7.0,10.0,25291.0,613.0,44.0,1.791759469228055,21.0,2.302585092994046,0.6931471805599453,3.0,0.6931471805599453,1.6094379124341005,2.0,0.0,3.0,2.0,4.0,1.7320508075688772,0,3.0,3.0,2,0.850466646988884,0.0,0.0,1,0,3.0999999999999996,8.0,2.7,0,0.0,0.5878782250438067,0,0,0,0,0,1,8.100000000000003,0.0,4
7.538494999413465,18.0,1,1306.0,5.0,1.0,8059.0,614.0,69.0,0.0,14.0,0.6931471805599453,0.0,2.0,0.0,0.0,3.0,0.0,4.0,3.0,2.0,1.7320508075688772,2,1.0,3.0,1,3.7692474997067325,0.5,0.0,0,0,2.55,6.0,3.5,0,0.0,0.4437892245156839,0,0,1,0,1,0,31.900000000000006,5.0,0
9.299541017434484,40.0,0,1094.0,28.0,20.0,11373.0,615.0,58.0,0.6931471805599453,15.0,1.3862943611198906,0.6931471805599453,3.0,0.6931471805599453,0.0,3.0,0.0,3.0,1.0,1.0,1.4142135623730951,0,3.0,3.0,0,0.4428352865444992,0.0,0.0,0,0,2.3,1.0,3.8,0,0.0,0.5655903936875306,0,0,0,0,1,0,0.0,0.0,0
8.826441041782578,41.0,1,509.0,2.0,10.0,2112.0,616.0,62.0,2.19722457733622,17.0,1.0986122886681096,2.079441541679836,1.0,0.0,2.079441541679836,3.0,0.0,1.0,2.0,3.0,1.7320508075688772,2,2.0,4.0,0,0.8024037310711435,0.2,0.0,0,0,2.1999999999999997,6.0,3.2,0,0.0,0.3376935718992483,1,0,0,0,0,0,-1.8000000000000003,2.0,0
8.36799688505411,26.0,0,775.0,29.0,8.0,4267.0,618.0,45.0,0.0,12.0,1.791759469228055,0.0,1.0,1.0986122886681096,0.0,3.0,0.0,1.0,3.0,3.0,2.23606797749979,0,2.0,2.0,2,0.9297774316726789,0.0,0.0,1,0,2.1999999999999997,9.0,3.9,1,0.0,0.3030623183682813,1,0,0,0,1,1,25.200000000000003,0.0,4
8.48879371689454,35.0,0,195.0,1.0,5.0,6698.0,620.0,80.0,1.791759469228055,16.0,0.6931471805599453,1.3862943611198906,1.0,0.0,1.6094379124341005,3.0,0.0,4.0,3.0,3.0,1.7320508075688772,2,2.0,3.0,2,1.4147989528157565,0.0,0.0,0,0,2.65,9.0,1.1,0,0.0,0.36004123774175667,1,0,0,0,0,0,6.75,0.0,0
8.58260632996447,34.0,0,258.0,21.0,10.0,19921.0,621.0,74.0,2.3978952727983707,12.0,0.6931471805599453,2.079441541679836,4.0,0.0,2.079441541679836,3.0,2.23606797749979,4.0,4.0,4.0,1.7320508075688772,2,2.0,4.0,2,0.7802369390876791,0.0,7.59792481040235,0,0,3.75,16.0,3.1,0,0.6580744248948713,0.4914513523083588,0,0,0,0,0,0,1.5,0.0,0
7.75833346749091,26.0,1,471.0,24.0,1.0,23213.0,622.0,66.0,0.6931471805599453,18.0,0.6931471805599453,0.0,3.0,0.0,0.0,1.0,0.0,2.0,1.0,4.0,1.7320508075688772,2,1.0,3.0,2,3.879166733745455,2.4,0.0,0,0,2.6999999999999997,4.0,7.4,1,0.0,0.4564579955788953,0,0,1,0,1,0,18.200000000000003,24.0,0
8.921591063563978,37.0,0,799.0,1.0,12.0,23848.0,623.0,59.0,1.9459101490553128,17.0,1.6094379124341005,1.0986122886681096,2.0,0.0,1.791759469228055,4.0,1.0,4.0,3.0,4.0,1.7320508075688772,2,3.0,3.0,2,0.6862762356587676,0.0,2.9459101490553126,1,0,3.5,12.0,0.1,0,0.3394536660667256,0.6060213471499883,0,0,0,0,0,0,1.5,0.0,0
9.261793653565098,46.0,0,1034.0,18.0,28.0,8984.0,624.0,86.0,1.0986122886681096,11.0,1.791759469228055,1.0986122886681096,1.0,0.0,1.0986122886681096,2.0,1.0,4.0,3.0,3.0,1.7320508075688772,1,3.0,1.0,1,0.3193721949505206,0.0,2.0986122886681096,1,0,2.4,9.0,3.8,0,0.4765053580405044,0.627318990839273,0,0,0,0,0,0,-9.600000000000001,0.0,1
9.71691698145276,41.0,0,1276.0,2.0,22.0,5626.0,625.0,91.0,2.9444389791664403,16.0,2.079441541679836,2.19722457733622,2.0,0.6931471805599453,2.833213344056216,3.0,3.3166247903554,2.0,3.0,1.0,1.4142135623730951,1,4.0,5.0,2,0.42247465136751133,0.0,13.082224102347562,1,0,1.9000000000000001,3.0,1.2,0,0.8408356189240089,0.6976137301753077,0,0,0,0,0,0,-2.0999999999999996,0.0,2
9.086476384753796,37.0,0,142.0,9.0,9.0,24666.0,626.0,69.0,2.302585092994046,13.0,0.6931471805599453,2.079441541679836,1.0,0.6931471805599453,1.791759469228055,3.0,2.6457513110645907,4.0,3.0,2.0,2.449489742783178,0,3.0,4.0,0,0.9086476384753797,0.0,8.73781883969137,0,0,2.3,6.0,1.9,0,0.8011152586733246,0.5478933373030601,0,0,0,0,0,0,5.1000000000000005,0.0,0
8.626585568187433,52.0,1,956.0,6.0,18.0,22087.0,630.0,78.0,2.3978952727983707,12.0,1.3862943611198906,2.302585092994046,4.0,1.0986122886681096,2.302585092994046,3.0,2.449489742783178,2.0,3.0,1.0,1.7320508075688772,0,2.0,2.0,2,0.454030819378286,0.6,8.323109617771056,0,0,2.4,3.0,3.6,0,0.7208844140643205,0.6565297682454297,0,1,0,0,0,0,-19.200000000000003,6.0,4
8.457018468380168,32.0,0,1474.0,11.0,6.0,23914.0,631.0,60.0,1.6094379124341005,12.0,2.19722457733622,1.0986122886681096,4.0,0.0,1.0986122886681096,3.0,1.0,4.0,4.0,3.0,1.4142135623730951,1,2.0,4.0,0,1.2081454954828812,0.0,2.6094379124341005,1,0,3.4,12.0,2.1,0,0.383224293337255,0.68732183772843,0,0,0,0,0,0,4.800000000000001,0.0,0
7.783640596221253,24.0,0,535.0,24.0,3.0,5530.0,632.0,38.0,1.0986122886681096,13.0,0.0,0.6931471805599453,4.0,1.0986122886681096,1.0986122886681096,3.0,1.4142135623730951,3.0,3.0,4.0,1.7320508075688772,1,1.0,3.0,1,1.9459101490553132,0.0,2.9678859607972816,0,0,3.5999999999999996,12.0,3.4,0,0.6738803398843289,0.19278863224720544,0,0,1,0,0,0,6.400000000000006,0.0,1
9.19268543673746,38.0,0,1495.0,10.0,18.0,22174.0,634.0,76.0,0.6931471805599453,19.0,1.3862943611198906,0.0,3.0,0.6931471805599453,0.0,3.0,0.0,3.0,3.0,3.0,2.0,1,2.0,3.0,2,0.4838255493019716,0.0,0.0,0,0,3.0,9.0,2.0,0,0.0,0.8000012187459029,0,0,0,0,1,0,2.0,0.0,2
8.771525284186465,37.0,0,446.0,1.0,8.0,15701.0,635.0,65.0,1.9459101490553128,12.0,1.9459101490553128,1.3862943611198906,2.0,0.6931471805599453,1.791759469228055,2.0,2.0,2.0,3.0,2.0,1.4142135623730951,1,2.0,4.0,2,0.9746139204651628,0.0,5.891820298110625,1,0,2.0,6.0,2.1,0,0.6789073321334512,0.4683730905921756,0,0,0,0,0,0,6.0,0.0,2
9.878323578872578,49.0,1,1245.0,18.0,31.0,2125.0,638.0,58.0,3.4657359027997265,17.0,0.6931471805599453,2.302585092994046,4.0,0.6931471805599453,2.302585092994046,3.0,0.0,3.0,2.0,3.0,2.23606797749979,0,5.0,4.0,2,0.30869761183976807,1.8,0.0,0,0,3.25,6.0,4.8,0,0.0,0.5542578774484914,0,0,0,0,0,0,-6.75,18.0,4
8.744009988096742,26.0,0,703.0,28.0,6.0,7428.0,641.0,66.0,1.791759469228055,20.0,0.6931471805599453,1.6094379124341005,1.0,1.0986122886681096,1.3862943611198906,4.0,1.0,4.0,3.0,2.0,2.23606797749979,1,2.0,2.0,2,1.2491442840138203,0.0,2.791759469228055,0,0,2.55,6.0,2.8,0,0.3581970477838151,0.4323004718097789,0,0,0,0,0,0,20.300000000000004,0.0,2
7.662937850461535,24.0,0,823.0,17.0,1.0,9100.0,643.0,94.0,0.6931471805599453,21.0,0.6931471805599453,0.0,4.0,0.6931471805599453,0.0,3.0,0.0,4.0,2.0,2.0,1.4142135623730951,1,1.0,2.0,2,3.8314689252307677,0.0,0.0,0,0,3.0500000000000003,4.0,2.7,0,0.0,0.46880264481777956,0,0,0,0,1,0,15.199999999999996,0.0,2
9.809231816610408,50.0,0,1246.0,3.0,32.0,7999.0,644.0,99.0,3.4657359027997265,11.0,0.6931471805599453,2.079441541679836,1.0,0.6931471805599453,1.791759469228055,3.0,3.1622776601683795,3.0,3.0,2.0,1.4142135623730951,1,5.0,3.0,1,0.29724944898819416,0.0,14.121896881635447,0,0,2.15,6.0,1.3,0,0.7081201685450849,0.7533261872804462,0,0,0,0,0,0,-18.5,0.0,1
7.64826303090192,25.0,0,622.0,13.0,7.0,26376.0,645.0,40.0,2.079441541679836,11.0,0.6931471805599453,1.9459101490553128,2.0,0.0,1.6094379124341005,3.0,0.0,3.0,3.0,3.0,1.0,1,1.0,1.0,2,0.95603287886274,0.0,0.0,0,0,2.75,9.0,2.3,0,0.0,0.4120132873790989,0,0,0,0,0,0,18.75,0.0,2
7.967973179662935,24.0,1,1287.0,7.0,6.0,14168.0,647.0,55.0,1.9459101490553128,16.0,0.6931471805599453,1.0986122886681096,1.0,0.6931471805599453,1.3862943611198906,3.0,1.0,4.0,3.0,3.0,2.0,1,1.0,3.0,1,1.1382818828089907,0.7,2.9459101490553126,0,0,2.65,9.0,3.7,0,0.3394536660667256,0.4921368533307347,0,0,1,0,0,0,21.6,7.0,1
7.617759576608505,30.0,0,448.0,12.0,1.0,14470.0,648.0,74.0,0.6931471805599453,18.0,0.6931471805599453,0.0,2.0,0.6931471805599453,0.0,4.0,0.0,3.0,2.0,1.0,1.4142135623730951,1,1.0,4.0,1,3.8088797883042527,0.0,0.0,0,0,2.3,2.0,1.2,0,0.0,0.3799184063359643,0,0,1,0,1,0,17.0,0.0,1
8.195057690895077,34.0,1,254.0,1.0,6.0,22794.0,649.0,83.0,1.9459101490553128,13.0,0.6931471805599453,1.3862943611198906,2.0,0.6931471805599453,1.791759469228055,3.0,1.0,4.0,2.0,4.0,1.7320508075688772,1,1.0,2.0,2,1.1707225272707251,0.1,2.9459101490553126,0,0,3.25,8.0,3.1,0,0.3394536660667256,0.515239864683806,0,0,0,0,0,0,4.5,1.0,2
8.350902451694811,31.0,0,1365.0,13.0,9.0,11512.0,650.0,46.0,1.3862943611198906,17.0,1.0986122886681096,1.0986122886681096,2.0,0.0,0.6931471805599453,1.0,1.0,3.0,3.0,1.0,1.4142135623730951,0,2.0,4.0,2,0.835090245169481,0.0,2.386294361119891,0,0,1.55,3.0,4.3,0,0.41905978419640516,0.4833344821448773,0,0,0,0,0,1,22.05,0.0,4
8.211211361793023,35.0,0,538.0,25.0,9.0,14004.0,652.0,54.0,1.3862943611198906,14.0,1.6094379124341005,1.0986122886681096,1.0,0.0,1.0986122886681096,3.0,0.0,4.0,2.0,4.0,1.7320508075688772,2,2.0,2.0,2,0.8211211361793023,0.0,0.0,1,0,3.0,8.0,3.5,0,0.0,0.37577680298935884,1,0,0,0,0,0,5.0,0.0,0
8.605387202152153,31.0,0,525.0,6.0,13.0,6219.0,653.0,66.0,2.079441541679836,22.0,1.6094379124341005,2.079441541679836,1.0,1.0986122886681096,2.079441541679836,4.0,2.23606797749979,4.0,4.0,4.0,2.0,0,2.0,4.0,2,0.6146705144394395,0.0,6.885840619932866,1,0,3.25,16.0,0.6,0,0.7261277563593606,0.3752624762888144,1,0,0,0,0,1,6.75,0.0,4
7.690743163541872,27.0,0,798.0,6.0,6.0,5013.0,655.0,66.0,1.791759469228055,12.0,0.0,1.3862943611198906,1.0,1.0986122886681096,1.3862943611198906,2.0,0.0,3.0,2.0,3.0,2.23606797749979,0,1.0,4.0,2,1.098677594791696,0.0,0.0,0,0,2.25,6.0,2.6,0,0.0,0.32592005608411906,0,0,1,0,0,1,22.75,0.0,4
9.169830828637972,37.0,1,558.0,2.0,17.0,3010.0,656.0,75.0,1.3862943611198906,11.0,1.6094379124341005,0.0,4.0,0.6931471805599453,0.0,2.0,1.0,3.0,3.0,3.0,1.7320508075688772,1,2.0,3.0,2,0.5094350460354429,0.2,2.386294361119891,1,0,3.0,9.0,4.2,0,0.41905978419640516,0.43422684000333667,0,0,0,0,0,0,3.0,2.0,2
7.950502434808851,20.0,0,959.0,1.0,1.0,11757.0,657.0,83.0,0.6931471805599453,13.0,0.6931471805599453,0.0,4.0,0.0,0.0,4.0,0.0,4.0,2.0,2.0,0.0,2,1.0,3.0,2,3.9752512174044257,0.0,0.0,0,1,3.3000000000000003,4.0,0.1,0,0.0,0.5075932391858817,0,0,1,0,1,0,13.999999999999995,0.0,0
8.316300249036848,42.0,0,622.0,2.0,10.0,5718.0,659.0,81.0,2.3978952727983707,13.0,0.6931471805599453,1.0986122886681096,3.0,1.0986122886681096,1.0986122886681096,3.0,1.4142135623730951,2.0,3.0,4.0,2.0,1,2.0,4.0,2,0.7560272953669862,0.0,4.805349578314884,0,0,3.1999999999999997,12.0,1.2,0,0.41620281051464114,0.41395303585138177,0,0,0,0,0,0,-1.6000000000000005,0.0,2
9.718843300372528,43.0,1,782.0,6.0,21.0,2671.0,661.0,50.0,0.6931471805599453,14.0,1.6094379124341005,0.0,2.0,0.6931471805599453,0.0,2.0,0.0,3.0,2.0,4.0,1.7320508075688772,0,4.0,4.0,2,0.44176560456238767,0.6,0.0,1,0,2.8499999999999996,8.0,4.6,0,0.0,0.4333000334201968,0,0,0,0,1,0,-3.450000000000001,6.0,4
7.8709295967551425,38.0,0,362.0,1.0,8.0,14561.0,662.0,43.0,0.0,17.0,1.3862943611198906,0.0,3.0,0.0,0.0,2.0,0.0,4.0,3.0,1.0,1.7320508075688772,2,1.0,1.0,2,0.8745477329727936,0.0,0.0,0,0,2.2,3.0,2.1,0,0.0,0.27855716355939164,0,0,0,0,1,0,3.5999999999999996,0.0,0
8.644706511715198,43.0,1,1001.0,9.0,10.0,19627.0,663.0,72.0,2.19722457733622,13.0,1.3862943611198906,2.079441541679836,4.0,0.6931471805599453,2.079441541679836,3.0,2.0,2.0,3.0,3.0,1.7320508075688772,0,2.0,5.0,1,0.7858824101559271,0.9,6.39444915467244,0,0,3.0999999999999996,9.0,3.9,0,0.6255425452991819,0.6201659693720294,0,0,0,0,0,0,-2.700000000000001,9.0,2
9.642317574624458,48.0,0,1236.0,1.0,21.0,17997.0,664.0,40.0,1.3862943611198906,11.0,2.079441541679836,1.0986122886681096,4.0,0.6931471805599453,1.0986122886681096,1.0,0.0,1.0,2.0,1.0,1.7320508075688772,1,4.0,4.0,2,0.4382871624829299,0.0,0.0,1,0,1.75,2.0,3.1,0,0.0,0.6254728796781701,0,0,0,0,0,0,-18.0,0.0,2
8.697178688412643,44.0,0,1112.0,1.0,10.0,26894.0,665.0,50.0,1.0986122886681096,11.0,1.6094379124341005,1.0986122886681096,1.0,0.0,1.0986122886681096,4.0,0.0,2.0,2.0,3.0,1.0,2,2.0,4.0,2,0.790652608037513,0.0,0.0,1,0,2.5999999999999996,6.0,0.1,0,0.0,0.6393446915953419,0,0,0,0,0,0,-5.600000000000001,0.0,0
7.855544677915663,34.0,1,204.0,14.0,8.0,2912.0,666.0,31.0,2.19722457733622,18.0,0.6931471805599453,1.9459101490553128,3.0,1.0986122886681096,1.0986122886681096,3.0,0.0,4.0,3.0,3.0,1.7320508075688772,0,1.0,3.0,2,0.8728382975461848,1.4,0.0,0,0,3.15,9.0,4.4,0,0.0,0.08904268598526431,0,0,0,0,0,1,5.1000000000000005,14.0,4
8.020270472819238,27.0,0,1420.0,2.0,5.0,16346.0,667.0,85.0,1.6094379124341005,11.0,0.0,1.0986122886681096,3.0,0.6931471805599453,1.3862943611198906,3.0,0.0,2.0,3.0,1.0,1.7320508075688772,0,1.0,1.0,2,1.336711745469873,0.0,0.0,0,0,2.15,3.0,1.2,0,0.0,0.6498662885292498,0,0,0,0,0,1,24.05,0.0,4
8.145549631783584,21.0,0,1343.0,22.0,3.0,24444.0,669.0,49.0,1.3862943611198906,11.0,0.6931471805599453,1.0986122886681096,3.0,0.0,1.0986122886681096,3.0,1.0,3.0,3.0,3.0,1.4142135623730951,2,1.0,1.0,2,2.036387407945896,0.0,2.386294361119891,0,0,3.0,9.0,3.2,0,0.41905978419640516,0.6005961633563132,0,0,0,0,0,0,19.0,0.0,0
9.878887435667895,44.0,1,1315.0,3.0,26.0,9358.0,671.0,35.0,1.0986122886681096,12.0,1.6094379124341005,0.6931471805599453,4.0,0.6931471805599453,1.0986122886681096,4.0,0.0,1.0,3.0,4.0,1.4142135623730951,1,5.0,4.0,2,0.3658847198395517,0.3,0.0,1,0,3.55,12.0,2.3,1,0.0,0.557300839136643,0,0,0,0,0,0,-1.8000000000000007,3.0,2
7.928045600874777,22.0,0,604.0,6.0,3.0,12145.0,675.0,69.0,1.0986122886681096,20.0,0.0,1.0986122886681096,1.0,0.0,1.0986122886681096,3.0,1.4142135623730951,4.0,3.0,3.0,1.7320508075688772,1,1.0,1.0,2,1.9820114002186942,0.0,2.9678859607972816,0,0,2.65,9.0,1.6,0,0.6738803398843289,0.39584529344699626,0,0,0,0,0,0,24.3,0.0,2
8.868554040531201,33.0,0,1216.0,8.0,6.0,20431.0,677.0,39.0,1.791759469228055,12.0,0.0,1.0986122886681096,3.0,0.0,0.0,3.0,1.0,4.0,3.0,3.0,1.7320508075688772,0,2.0,4.0,2,1.2669362915044573,0.0,2.791759469228055,0,0,3.15,9.0,1.8,0,0.3581970477838151,0.5699245056567026,0,0,0,0,0,1,5.950000000000001,0.0,4
8.751949058058614,32.0,1,646.0,9.0,6.0,18089.0,679.0,92.0,1.9459101490553128,12.0,0.6931471805599453,1.791759469228055,1.0,0.6931471805599453,1.6094379124341005,2.0,0.0,4.0,3.0,4.0,1.4142135623730951,1,2.0,4.0,2,1.2502784368655162,0.9,0.0,0,0,2.75,12.0,4.9,0,0.0,0.6227211155033464,0,0,0,0,0,0,10.0,9.0,2
7.642044402873258,30.0,0,160.0,3.0,1.0,22653.0,680.0,71.0,0.6931471805599453,20.0,0.6931471805599453,0.0,3.0,0.6931471805599453,0.0,3.0,0.0,3.0,3.0,3.0,1.4142135623730951,0,1.0,3.0,1,3.821022201436629,0.0,0.0,0,0,3.0,9.0,1.3,0,0.0,0.402093064120252,0,0,1,0,1,1,10.0,0.0,2
9.033841828485016,53.0,0,238.0,1.0,18.0,7507.0,682.0,34.0,2.70805020110221,20.0,2.079441541679836,2.3978952727983707,4.0,0.0,2.079441541679836,4.0,2.8284271247461903,4.0,3.0,1.0,1.4142135623730951,2,2.0,1.0,2,0.47546535939394824,0.0,10.487949768718057,1,0,2.95,3.0,0.1,0,0.762780159746879,0.26287423763226897,1,1,0,0,0,0,-13.649999999999999,0.0,0
7.898039690764619,34.0,0,1397.0,1.0,10.0,7660.0,683.0,42.0,2.3978952727983707,12.0,0.6931471805599453,2.19722457733622,2.0,0.6931471805599453,2.302585092994046,2.0,2.8284271247461903,4.0,3.0,4.0,2.0,1,1.0,5.0,2,0.7180036082513289,0.0,9.610699156629767,0,0,3.0,12.0,2.1,0,0.8324056210292823,0.39348256625459244,0,0,0,0,0,0,6.0,0.0,2
8.363342466597977,45.0,0,306.0,26.0,5.0,5630.0,684.0,100.0,0.6931471805599453,14.0,1.0986122886681096,0.0,1.0,1.0986122886681096,0.6931471805599453,3.0,0.0,4.0,3.0,1.0,2.0,1,2.0,4.0,1,1.3938904110996628,0.0,0.0,0,0,1.9500000000000002,3.0,3.6,0,0.0,0.42880493334941455,0,0,0,0,1,0,-10.25,0.0,1
7.886081401775745,26.0,1,991.0,6.0,3.0,17759.0,686.0,71.0,1.3862943611198906,13.0,0.6931471805599453,1.0986122886681096,3.0,0.6931471805599453,1.0986122886681096,3.0,0.0,3.0,3.0,4.0,1.4142135623730951,1,1.0,3.0,2,1.9715203504439363,0.6,0.0,0,0,3.3499999999999996,12.0,3.6,0,0.0,0.524647952883345,0,0,1,0,0,0,9.100000000000005,6.0,2
9.152181457802651,37.0,0,482.0,3.0,10.0,9606.0,689.0,36.0,2.3978952727983707,15.0,0.6931471805599453,2.19722457733622,3.0,0.6931471805599453,2.079441541679836,3.0,2.6457513110645907,3.0,3.0,3.0,1.4142135623730951,1,3.0,3.0,2,0.8320164961638774,0.0,8.989985872866464,0,0,3.0,9.0,1.3,0,0.778644160179091,0.34589090557600977,1,0,0,0,0,0,3.0,0.0,2
8.62371303479391,29.0,0,1176.0,3.0,6.0,3487.0,690.0,62.0,1.9459101490553128,14.0,0.6931471805599453,1.0986122886681096,2.0,0.6931471805599453,0.0,2.0,1.0,1.0,3.0,3.0,2.23606797749979,1,2.0,2.0,2,1.2319590049705587,0.0,2.9459101490553126,0,0,2.1999999999999997,9.0,2.3,0,0.3394536660667256,0.45177711581114127,0,0,0,0,0,0,19.800000000000004,0.0,2
8.801920904041582,35.0,0,1017.0,6.0,17.0,19368.0,691.0,82.0,2.8903717578961645,13.0,0.6931471805599453,2.19722457733622,2.0,0.0,2.4849066497880004,3.0,3.3166247903554,2.0,1.0,4.0,1.7320508075688772,2,2.0,4.0,2,0.4889956057800879,0.0,12.902903415936935,0,0,2.9499999999999997,4.0,1.6,0,0.8525213004705146,0.6709414992197519,0,1,0,0,0,0,5.250000000000002,0.0,0
8.952346543226227,33.0,0,1296.0,6.0,15.0,5335.0,692.0,30.0,2.639057329615259,23.0,1.3862943611198906,2.079441541679836,3.0,0.6931471805599453,2.4849066497880004,1.0,2.0,3.0,3.0,4.0,1.4142135623730951,0,2.0,3.0,1,0.5595216589516392,0.0,7.278114659230518,0,0,2.8499999999999996,12.0,3.6,0,0.5495928804758486,0.40844919553100467,0,0,0,0,0,1,8.050000000000002,0.0,2
9.280425979542873,54.0,0,397.0,19.0,16.0,6729.0,698.0,88.0,2.302585092994046,15.0,1.0986122886681096,0.6931471805599453,3.0,0.6931471805599453,2.079441541679836,4.0,2.6457513110645907,3.0,3.0,2.0,1.0,1,3.0,4.0,2,0.5459074105613455,0.0,8.73781883969137,0,0,2.9000000000000004,6.0,1.9,0,0.8011152586733246,0.49958533016271794,0,0,0,0,0,0,-15.399999999999995,0.0,2
9.087946723762116,36.0,1,913.0,9.0,13.0,13934.0,699.0,48.0,1.3862943611198906,11.0,1.0986122886681096,1.0986122886681096,2.0,0.6931471805599453,1.0986122886681096,3.0,0.0,3.0,2.0,2.0,1.4142135623730951,0,2.0,2.0,2,0.649139051697294,0.9,0.0,0,0,2.4,4.0,3.9,0,0.0,0.5032765922231944,0,0,0,0,0,0,6.4,9.0,4
7.6236419465115715,27.0,0,1115.0,3.0,5.0,15174.0,700.0,54.0,1.6094379124341005,13.0,0.0,0.6931471805599453,1.0,0.0,1.0986122886681096,3.0,1.0,4.0,2.0,4.0,0.0,2,1.0,4.0,2,1.270606991085262,0.0,2.6094379124341005,0,1,3.0,8.0,1.3,0,0.383224293337255,0.4354732890809234,0,0,1,0,0,0,13.0,0.0,0
7.228649665640015,20.0,1,1362.0,10.0,1.0,26999.0,701.0,32.0,0.6931471805599453,11.0,0.6931471805599453,0.6931471805599453,4.0,0.0,0.0,3.0,1.0,4.0,3.0,3.0,2.23606797749979,2,1.0,1.0,2,3.6143248328200075,1.0,1.6931471805599454,0,0,3.4,9.0,4.0,0,0.5906161091496412,0.4826260353819408,0,0,0,0,1,0,12.000000000000002,10.0,0
8.116417072794205,33.0,1,1076.0,3.0,10.0,3164.0,702.0,70.0,2.3978952727983707,11.0,0.6931471805599453,2.079441541679836,1.0,0.0,2.19722457733622,3.0,3.0,1.0,3.0,1.0,1.7320508075688772,2,1.0,3.0,1,0.7378560975267459,0.3,10.193685818395112,0,0,1.5,3.0,3.3,0,0.8828994889914074,0.411461369976834,0,0,0,0,0,0,17.5,3.0,0
7.228649665640015,35.0,0,727.0,3.0,1.0,16900.0,704.0,41.0,0.6931471805599453,18.0,0.6931471805599453,0.0,3.0,1.0986122886681096,0.0,3.0,0.0,3.0,2.0,3.0,1.7320508075688772,1,1.0,3.0,0,3.6143248328200075,0.0,0.0,0,0,3.0,6.0,1.3,0,0.0,0.299757303030173,0,0,0,0,1,0,5.0,0.0,0
7.944492163932159,23.0,0,885.0,4.0,5.0,8544.0,705.0,58.0,1.3862943611198906,16.0,1.0986122886681096,1.0986122886681096,1.0,0.6931471805599453,1.0986122886681096,4.0,0.0,1.0,4.0,1.0,1.7320508075688772,1,1.0,3.0,2,1.3240820273220264,0.0,0.0,0,0,1.75,4.0,0.4,0,0.0,0.3722465840279806,0,0,1,0,0,0,38.25,0.0,2
8.48714627006394,25.0,0,810.0,8.0,4.0,15678.0,707.0,57.0,1.3862943611198906,22.0,0.0,1.0986122886681096,4.0,0.6931471805599453,1.0986122886681096,3.0,1.0,3.0,4.0,2.0,2.0,1,2.0,3.0,2,1.697429254012788,0.0,2.386294361119891,0,0,2.9000000000000004,8.0,1.8,0,0.41905978419640516,0.47794312146848605,0,0,1,0,0,0,16.499999999999993,0.0,2
8.301273485191347,38.0,0,243.0,7.0,8.0,7791.0,709.0,46.0,2.079441541679836,20.0,0.0,1.791759469228055,4.0,0.0,2.079441541679836,3.0,0.0,1.0,2.0,4.0,1.4142135623730951,2,2.0,4.0,2,0.9223637205768163,0.0,0.0,0,0,3.3,8.0,1.7,0,0.0,0.2405238039371058,1,0,0,0,0,0,1.4000000000000004,0.0,0
7.908754738783246,29.0,0,806.0,1.0,10.0,18959.0,710.0,76.0,2.3978952727983707,18.0,0.6931471805599453,2.19722457733622,2.0,0.6931471805599453,2.079441541679836,3.0,1.4142135623730951,4.0,1.0,4.0,2.23606797749979,0,1.0,4.0,1,0.7189777035257496,0.0,4.805349578314884,0,0,3.25,4.0,1.1,0,0.41620281051464114,0.5235783462521346,0,0,0,0,0,1,8.25,0.0,2
9.002208578282412,48.0,0,817.0,2.0,12.0,18597.0,712.0,56.0,1.0986122886681096,12.0,1.3862943611198906,1.0986122886681096,2.0,0.0,1.0986122886681096,3.0,1.4142135623730951,4.0,4.0,2.0,1.7320508075688772,1,2.0,1.0,2,0.6924775829448009,0.0,2.9678859607972816,0,0,2.55,8.0,1.2,0,0.6738803398843289,0.5534060949229299,0,0,0,0,0,0,-11.600000000000001,0.0,2
8.444192298531748,27.0,1,1410.0,3.0,6.0,16673.0,714.0,71.0,1.9459101490553128,20.0,0.6931471805599453,1.6094379124341005,4.0,1.0986122886681096,1.791759469228055,3.0,0.0,2.0,4.0,4.0,1.7320508075688772,0,2.0,1.0,1,1.2063131855045355,0.3,0.0,0,0,3.4499999999999997,16.0,3.3,0,0.0,0.6412609640652542,0,0,0,0,0,1,7.150000000000004,3.0,2
8.45126704130007,37.0,0,1225.0,10.0,4.0,15232.0,715.0,80.0,0.6931471805599453,17.0,1.3862943611198906,0.0,4.0,0.0,0.0,3.0,0.0,1.0,4.0,4.0,1.4142135623730951,2,1.0,2.0,2,1.690253408260014,0.0,0.0,0,0,3.3,16.0,2.0,1,0.0,0.6264981091991643,0,0,0,0,1,0,2.1000000000000005,0.0,0
8.07775756373692,50.0,1,1207.0,28.0,20.0,3297.0,716.0,74.0,3.044522437723423,11.0,0.6931471805599453,2.19722457733622,4.0,1.3862943611198906,2.19722457733622,3.0,1.7320508075688772,3.0,4.0,3.0,1.7320508075688772,1,1.0,1.0,2,0.38465512208271047,2.8,7.005318354489298,0,0,3.25,12.0,5.8,0,0.42824606223319966,0.44688641362178766,0,0,0,0,0,0,-7.5,28.0,2
9.06207235530708,34.0,0,1442.0,9.0,9.0,17654.0,717.0,46.0,2.19722457733622,14.0,0.6931471805599453,2.079441541679836,4.0,0.0,2.079441541679836,4.0,2.6457513110645907,2.0,2.0,2.0,1.7320508075688772,2,3.0,3.0,2,0.906207235530708,0.0,8.459061117255237,0,0,3.0,4.0,0.9,0,0.8275150046759958,0.6257073465735123,0,0,0,0,0,0,6.0,0.0,0
8.429017500512511,24.0,0,693.0,3.0,4.0,24785.0,720.0,65.0,1.0986122886681096,14.0,2.302585092994046,0.0,1.0,0.0,1.0986122886681096,3.0,1.4142135623730951,1.0,3.0,3.0,1.7320508075688772,2,2.0,2.0,2,1.6858035001025022,0.0,2.9678859607972816,1,0,2.1999999999999997,9.0,1.3,1,0.6738803398843289,0.5715228269884367,0,0,0,0,0,0,28.800000000000004,0.0,0
8.423761246623686,39.0,0,408.0,2.0,20.0,20978.0,721.0,80.0,3.044522437723423,11.0,0.6931471805599453,2.3978952727983707,4.0,0.0,2.079441541679836,3.0,3.3166247903554,1.0,2.0,3.0,2.0,2,2.0,4.0,2,0.40113148793446124,0.0,13.414163382102156,0,0,2.9499999999999997,6.0,1.2,0,0.8200287775439463,0.5353821440204541,0,1,0,0,0,0,1.0500000000000003,0.0,0
8.593598522618644,32.0,0,929.0,10.0,10.0,21703.0,722.0,55.0,2.3978952727983707,12.0,0.6931471805599453,2.19722457733622,4.0,0.0,2.079441541679836,2.0,0.0,4.0,3.0,4.0,1.4142135623730951,2,2.0,3.0,2,0.7812362293289676,0.0,0.0,0,0,3.5,12.0,3.0,0,0.0,0.5625955668794046,0,0,0,0,0,0,4.0,0.0,0
8.824236617346639,50.0,1,562.0,8.0,18.0,23452.0,723.0,50.0,1.6094379124341005,14.0,1.3862943611198906,1.3862943611198906,2.0,0.6931471805599453,1.3862943611198906,3.0,1.0,1.0,3.0,3.0,2.0,1,2.0,2.0,1,0.4644335061761389,0.8,2.6094379124341005,0,0,2.4499999999999997,9.0,3.8,0,0.383224293337255,0.5183275601522338,0,0,0,0,0,0,-15.500000000000004,8.0,1
8.939318740417509,38.0,0,827.0,1.0,10.0,19383.0,724.0,33.0,2.302585092994046,13.0,0.0,2.19722457733622,2.0,0.0,2.079441541679836,2.0,1.0,3.0,4.0,4.0,2.0,2,2.0,4.0,2,0.8126653400379553,0.0,3.302585092994046,0,0,2.8499999999999996,16.0,2.1,0,0.30279310656411385,0.4750232465373104,0,0,0,0,0,0,2.3000000000000007,0.0,0
8.910990494656719,27.0,0,608.0,1.0,9.0,6009.0,725.0,68.0,2.302585092994046,11.0,0.6931471805599453,2.079441541679836,3.0,0.0,2.079441541679836,3.0,0.0,4.0,3.0,1.0,1.7320508075688772,1,3.0,2.0,2,0.8910990494656719,0.0,0.0,0,0,2.45,3.0,1.1,0,0.0,0.42391556869051444,0,0,0,0,0,0,20.15,0.0,2
9.3200912359353,32.0,0,1018.0,3.0,10.0,19373.0,727.0,39.0,2.079441541679836,15.0,1.3862943611198906,2.079441541679836,3.0,0.0,2.079441541679836,3.0,2.6457513110645907,4.0,3.0,4.0,2.449489742783178,2,3.0,2.0,2,0.8472810214486636,0.0,8.147436496246192,0,0,3.5,12.0,1.3,0,0.8591659478690193,0.5663721323973034,0,0,0,0,0,0,4.0,0.0,0
8.509362612301048,47.0,0,703.0,14.0,20.0,11825.0,728.0,42.0,2.079441541679836,12.0,1.0986122886681096,2.079441541679836,4.0,0.0,2.079441541679836,3.0,1.0,4.0,3.0,1.0,1.4142135623730951,2,2.0,4.0,2,0.40520774344290705,0.0,3.079441541679836,0,0,2.7,3.0,2.4,0,0.32473420471378706,0.36863766468404724,1,0,0,0,0,0,-9.099999999999998,0.0,0
9.256842205627605,40.0,1,580.0,5.0,20.0,23772.0,729.0,48.0,2.9444389791664403,21.0,1.791759469228055,2.5649493574615367,4.0,0.6931471805599453,2.639057329615259,3.0,1.0,3.0,2.0,1.0,1.4142135623730951,1,3.0,4.0,1,0.4408020097917907,0.5,3.9444389791664403,1,0,2.55,2.0,3.5,0,0.253521478030654,0.5583372102161459,0,0,0,0,0,0,0.0,5.0,1
9.603395460007665,53.0,0,970.0,7.0,32.0,13514.0,730.0,59.0,1.791759469228055,19.0,1.3862943611198906,1.3862943611198906,3.0,0.0,0.6931471805599453,3.0,1.0,3.0,4.0,3.0,1.7320508075688772,1,4.0,3.0,2,0.2910119836365959,0.0,2.791759469228055,0,0,3.0,12.0,1.7,0,0.3581970477838151,0.5970634603499388,0,0,0,0,0,0,-13.0,0.0,2
9.859640152755851,41.0,0,427.0,10.0,23.0,8861.0,731.0,73.0,3.091042453358316,15.0,1.3862943611198906,1.9459101490553128,2.0,1.3862943611198906,1.9459101490553128,2.0,3.4641016151377544,2.0,2.0,4.0,1.4142135623730951,0,5.0,4.0,2,0.41081833969816045,0.0,14.171786770275665,0,0,2.6999999999999997,8.0,3.0,0,0.8467527909161859,0.5273025571550363,0,0,0,0,0,0,-1.3000000000000003,0.0,4
8.595264726836392,60.0,0,1179.0,16.0,10.0,11924.0,732.0,84.0,1.0986122886681096,14.0,2.19722457733622,1.0986122886681096,1.0,0.0,1.0986122886681096,3.0,1.4142135623730951,4.0,3.0,1.0,1.0,2,2.0,4.0,2,0.781387702439672,0.0,2.9678859607972816,1,0,1.9500000000000002,3.0,2.6,0,0.6738803398843289,0.6128995337196143,0,0,0,0,0,0,-41.0,0.0,0
9.081824949740756,27.0,0,294.0,10.0,9.0,4809.0,733.0,32.0,2.302585092994046,21.0,0.6931471805599453,2.079441541679836,4.0,1.0986122886681096,2.079441541679836,2.0,1.0,3.0,3.0,1.0,2.0,0,3.0,2.0,1,0.9081824949740757,0.0,3.302585092994046,0,0,2.3,3.0,3.0,0,0.30279310656411385,0.24318636366312424,1,0,0,0,0,1,22.1,0.0,2
9.862144589001746,41.0,0,314.0,1.0,22.0,19562.0,734.0,59.0,3.1354942159291497,12.0,0.6931471805599453,2.3978952727983707,4.0,0.6931471805599453,2.079441541679836,3.0,1.4142135623730951,2.0,2.0,3.0,1.7320508075688772,1,5.0,3.0,2,0.42878889517398894,0.0,5.848472007282493,0,0,3.0999999999999996,6.0,1.1,0,0.3419696627614202,0.5647345729010312,0,0,0,0,0,0,-0.9000000000000004,0.0,2
8.262558973010657,50.0,0,316.0,8.0,4.0,9983.0,738.0,54.0,1.0986122886681096,15.0,2.079441541679836,1.0986122886681096,4.0,0.6931471805599453,1.0986122886681096,3.0,1.4142135623730951,4.0,3.0,2.0,1.4142135623730951,1,1.0,4.0,2,1.6525117946021315,0.0,2.9678859607972816,1,0,3.0500000000000003,6.0,1.8,0,0.6738803398843289,0.30051854074319007,0,0,0,0,0,0,-9.499999999999996,0.0,2
7.703910209616311,28.0,1,654.0,1.0,10.0,3872.0,741.0,67.0,2.079441541679836,13.0,2.079441541679836,2.079441541679836,1.0,0.0,2.079441541679836,3.0,1.7320508075688772,4.0,1.0,2.0,2.0,2,1.0,2.0,2,0.7003554736014828,0.1,5.333749209127708,1,0,2.3,2.0,3.1,0,0.562456141519752,0.2935078067896198,0,0,0,0,0,0,20.400000000000002,1.0,0
9.368539986649727,36.0,0,427.0,8.0,10.0,20335.0,742.0,63.0,2.19722457733622,14.0,2.302585092994046,1.791759469228055,1.0,0.6931471805599453,2.079441541679836,3.0,0.0,1.0,4.0,1.0,1.4142135623730951,1,3.0,3.0,0,0.8516854533317934,0.0,0.0,1,0,1.5,4.0,1.8,0,0.0,0.5605410168214223,0,0,0,0,0,0,10.0,0.0,0
8.969796305981806,38.0,1,168.0,1.0,10.0,15397.0,743.0,81.0,0.6931471805599453,14.0,1.6094379124341005,0.0,3.0,0.0,0.0,4.0,0.0,4.0,3.0,3.0,2.0,2,3.0,3.0,2,0.8154360278165278,0.1,0.0,1,0,3.4,9.0,2.1,0,0.0,0.49137719959345605,0,0,0,0,1,0,1.2000000000000002,1.0,0
8.21851757748959,44.0,0,381.0,24.0,9.0,2104.0,744.0,49.0,1.791759469228055,14.0,1.0986122886681096,1.6094379124341005,1.0,0.0,1.0986122886681096,3.0,1.0,3.0,1.0,3.0,2.23606797749979,2,1.0,3.0,0,0.821851757748959,0.0,2.791759469228055,0,0,2.5,3.0,3.4,0,0.3581970477838151,0.2110575148259823,0,0,0,0,0,0,-6.0,0.0,0
9.530320210727126,47.0,1,217.0,3.0,28.0,10225.0,746.0,49.0,3.1354942159291497,12.0,2.302585092994046,2.639057329615259,4.0,1.0986122886681096,1.0986122886681096,2.0,3.3166247903554,4.0,3.0,3.0,1.4142135623730951,0,4.0,3.0,1,0.3286317314043837,0.3,13.715882636921984,1,0,3.15,9.0,4.3,0,0.8019899477988343,0.3867024469751058,1,0,0,0,0,0,-5.950000000000001,3.0,2
8.576405051048084,30.0,0,501.0,27.0,10.0,25275.0,747.0,99.0,2.19722457733622,23.0,2.079441541679836,2.079441541679836,3.0,0.6931471805599453,2.079441541679836,2.0,2.6457513110645907,4.0,3.0,4.0,1.4142135623730951,0,2.0,5.0,2,0.7796731864589167,0.0,8.459061117255237,1,0,3.25,12.0,4.7,0,0.8275150046759958,0.6773836392010062,0,0,0,0,0,1,7.5,0.0,4
7.879669914604289,29.0,0,1396.0,10.0,1.0,2755.0,749.0,99.0,0.6931471805599453,11.0,0.6931471805599453,0.0,3.0,0.0,0.0,3.0,0.0,3.0,3.0,3.0,2.449489742783178,2,1.0,3.0,2,3.9398349573021445,0.0,0.0,0,0,3.0,9.0,2.0,0,0.0,0.545908879020431,0,0,1,0,1,0,11.0,0.0,0
7.9229859587111955,42.0,1,933.0,19.0,7.0,20366.0,752.0,57.0,1.0986122886681096,12.0,1.9459101490553128,1.0986122886681096,3.0,0.0,1.0986122886681096,3.0,1.4142135623730951,4.0,4.0,3.0,1.4142135623730951,0,1.0,3.0,1,0.9903732448388994,1.9,2.9678859607972816,1,0,3.15,12.0,4.9,0,0.6738803398843289,0.4939116633138775,0,0,0,0,0,0,-1.7000000000000002,19.0,2
8.825412915085566,43.0,0,775.0,15.0,7.0,23683.0,754.0,47.0,1.0986122886681096,18.0,1.3862943611198906,1.0986122886681096,4.0,0.6931471805599453,1.0986122886681096,3.0,1.4142135623730951,3.0,2.0,4.0,2.23606797749979,1,2.0,3.0,1,1.1031766143856958,0.0,2.9678859607972816,0,0,3.5999999999999996,8.0,2.5,0,0.6738803398843289,0.5481601996662259,0,0,0,0,0,0,-1.200000000000001,0.0,1
8.723068501163928,34.0,0,970.0,8.0,10.0,7360.0,757.0,96.0,1.791759469228055,11.0,1.3862943611198906,1.3862943611198906,2.0,0.0,0.6931471805599453,3.0,2.0,4.0,3.0,3.0,1.4142135623730951,2,2.0,2.0,2,0.7930062273785389,0.0,5.58351893845611,0,0,2.9,9.0,1.8,0,0.7163940955676302,0.5845705714360946,0,0,0,0,0,0,6.6000000000000005,0.0,0
7.824445930877619,23.0,0,650.0,9.0,5.0,4344.0,758.0,37.0,1.6094379124341005,14.0,0.6931471805599453,1.0986122886681096,2.0,0.6931471805599453,1.3862943611198906,4.0,0.0,4.0,3.0,1.0,1.4142135623730951,1,1.0,1.0,2,1.3040743218129365,0.0,0.0,0,0,2.45,3.0,0.9,0,0.0,0.20173259029886437,0,0,0,0,0,0,26.349999999999998,0.0,2
8.76248954737158,39.0,0,141.0,3.0,12.0,18767.0,760.0,44.0,2.19722457733622,15.0,2.302585092994046,1.9459101490553128,3.0,0.6931471805599453,1.3862943611198906,1.0,1.7320508075688772,3.0,4.0,2.0,1.7320508075688772,1,2.0,3.0,2,0.6740376574901215,0.0,5.5377554111542615,1,0,2.15,8.0,3.3,0,0.5417357353770694,0.3687183064273066,1,0,0,0,0,0,1.85,0.0,2
9.315060682746584,56.0,0,832.0,9.0,30.0,20420.0,762.0,81.0,2.3978952727983707,11.0,2.079441541679836,0.6931471805599453,3.0,0.0,2.079441541679836,2.0,1.0,3.0,3.0,4.0,1.0,1,4.0,3.0,2,0.30048582847569627,0.0,3.3978952727983707,1,0,3.0999999999999996,12.0,2.9,0,0.2942998296638024,0.6931229560188139,0,0,0,0,0,0,-14.400000000000006,0.0,2
7.759187438507795,40.0,1,804.0,2.0,5.0,22929.0,763.0,86.0,1.6094379124341005,20.0,0.0,1.3862943611198906,4.0,0.0,1.0986122886681096,2.0,1.4142135623730951,4.0,2.0,4.0,1.4142135623730951,2,1.0,1.0,2,1.293197906417966,0.2,3.690302485934842,0,0,3.5,8.0,4.2,0,0.5419609930683914,0.5847080969039608,0,0,0,0,0,0,0.0,2.0,0
8.826441041782578,27.0,0,975.0,7.0,9.0,23398.0,764.0,55.0,2.079441541679836,19.0,2.19722457733622,2.079441541679836,4.0,0.0,1.9459101490553128,1.0,0.0,1.0,2.0,1.0,1.4142135623730951,2,2.0,3.0,2,0.8826441041782578,0.0,0.0,1,0,1.75,2.0,3.7,0,0.0,0.6097585102900438,0,0,0,0,0,0,29.25,0.0,0
7.739794458408701,29.0,0,1090.0,10.0,2.0,17967.0,766.0,83.0,1.0986122886681096,14.0,0.6931471805599453,1.0986122886681096,4.0,1.0986122886681096,1.0986122886681096,3.0,1.4142135623730951,4.0,3.0,2.0,1.4142135623730951,0,1.0,3.0,2,2.5799314861362337,0.0,2.9678859607972816,0,0,3.0500000000000003,6.0,2.0,0,0.6738803398843289,0.5735402690528467,0,0,1,0,0,1,10.449999999999998,0.0,4
7.804251383528112,53.0,0,346.0,6.0,19.0,10919.0,769.0,86.0,1.0986122886681096,17.0,1.0986122886681096,1.0986122886681096,4.0,0.0,1.0986122886681096,3.0,1.4142135623730951,4.0,3.0,4.0,2.0,2,2.0,3.0,2,0.3902125691764056,0.0,2.9678859607972816,0,0,3.75,12.0,1.6,0,0.6738803398843289,0.3864302857504368,1,0,0,0,0,0,-3.25,0.0,0
8.535818655539403,35.0,0,1225.0,2.0,16.0,4761.0,771.0,61.0,0.6931471805599453,11.0,1.0986122886681096,0.0,4.0,0.6931471805599453,0.0,4.0,0.0,1.0,3.0,1.0,1.4142135623730951,0,2.0,4.0,0,0.502106979737612,0.0,0.0,0,0,2.5,3.0,0.2,1,0.0,0.4614899930574188,0,0,0,0,1,0,7.5,0.0,0
8.577347114235984,32.0,0,430.0,24.0,10.0,21146.0,772.0,80.0,2.3978952727983707,15.0,0.6931471805599453,2.079441541679836,1.0,1.0986122886681096,2.19722457733622,3.0,2.0,4.0,3.0,4.0,1.4142135623730951,1,2.0,4.0,1,0.7797588285669076,0.0,6.795790545596741,0,0,3.0,12.0,3.4,0,0.5885996593276048,0.5554618696435976,0,0,0,0,0,0,8.0,0.0,1
8.025516386489008,38.0,1,268.0,2.0,6.0,20471.0,773.0,92.0,0.6931471805599453,13.0,1.9459101490553128,0.6931471805599453,4.0,0.6931471805599453,0.0,1.0,0.0,2.0,3.0,3.0,0.0,1,1.0,5.0,2,1.146502340927001,0.2,0.0,1,0,2.5999999999999996,9.0,5.2,1,0.0,0.51061136075266,0,0,0,0,1,0,2.8000000000000007,2.0,2
8.541300266759471,34.0,0,167.0,8.0,7.0,4187.0,775.0,32.0,0.0,14.0,1.3862943611198906,0.0,2.0,0.6931471805599453,0.0,3.0,0.0,3.0,3.0,1.0,1.7320508075688772,0,2.0,5.0,2,1.0676625333449339,0.0,0.0,0,0,2.05,3.0,1.8,0,0.0,0.16333833959448496,1,0,0,0,1,1,11.700000000000001,0.0,4
9.732521279780308,52.0,0,621.0,3.0,34.0,10084.0,776.0,31.0,3.4657359027997265,11.0,0.6931471805599453,2.833213344056216,3.0,0.0,1.9459101490553128,4.0,1.0,1.0,2.0,1.0,1.7320508075688772,1,4.0,4.0,2,0.27807203656515167,0.0,4.465735902799727,0,0,2.25,2.0,0.3,0,0.22392725897047894,0.4123313629809531,0,0,0,0,0,0,-21.0,0.0,2
7.8961806086154915,33.0,1,527.0,1.0,10.0,5207.0,780.0,63.0,2.3978952727983707,13.0,0.6931471805599453,2.19722457733622,4.0,0.0,2.302585092994046,2.0,2.6457513110645907,3.0,3.0,4.0,1.4142135623730951,2,1.0,4.0,2,0.7178346007832265,0.1,8.989985872866464,0,0,3.3499999999999996,12.0,4.1,0,0.778644160179091,0.2879932441765348,0,0,0,0,0,0,4.5500000000000025,1.0,0
8.729235349659273,25.0,0,883.0,26.0,6.0,22807.0,781.0,32.0,1.9459101490553128,23.0,0.6931471805599453,1.6094379124341005,3.0,0.0,1.791759469228055,2.0,1.0,2.0,3.0,4.0,2.23606797749979,2,2.0,1.0,2,1.2470336213798963,0.0,2.9459101490553126,0,0,2.9499999999999997,12.0,4.6,0,0.3394536660667256,0.49606974753217514,0,0,0,0,0,0,15.750000000000004,0.0,0
8.799812469525556,45.0,0,954.0,2.0,9.0,12388.0,783.0,46.0,2.19722457733622,13.0,0.0,0.6931471805599453,2.0,0.0,2.079441541679836,3.0,1.7320508075688772,1.0,1.0,3.0,1.7320508075688772,2,2.0,2.0,2,0.8799812469525555,0.0,5.5377554111542615,0,0,2.4499999999999997,3.0,1.2,1,0.5417357353770694,0.4608312030371269,0,0,0,0,0,0,-7.750000000000002,0.0,0
8.16223106548118,23.0,0,310.0,10.0,2.0,19630.0,784.0,79.0,1.0986122886681096,18.0,0.6931471805599453,1.0986122886681096,1.0,0.0,1.0986122886681096,3.0,0.0,4.0,4.0,3.0,1.7320508075688772,2,1.0,1.0,2,2.7207436884937266,0.0,0.0,0,0,2.65,12.0,2.0,0,0.0,0.47612511977935495,0,0,0,0,0,0,22.950000000000003,0.0,0
8.763740720509464,47.0,1,719.0,27.0,8.0,10339.0,785.0,77.0,1.791759469228055,12.0,1.6094379124341005,1.3862943611198906,2.0,0.0,1.6094379124341005,3.0,1.0,4.0,4.0,3.0,1.4142135623730951,2,2.0,2.0,1,0.973748968945496,2.7,2.791759469228055,1,0,2.9,12.0,5.7,0,0.3581970477838151,0.5055276647778617,0,0,0,0,0,0,-7.700000000000001,27.0,0
8.744328763999984,34.0,0,304.0,2.0,6.0,18686.0,786.0,60.0,1.9459101490553128,22.0,0.6931471805599453,1.6094379124341005,4.0,0.0,1.791759469228055,3.0,1.0,3.0,3.0,4.0,2.23606797749979,2,2.0,3.0,2,1.2491898234285692,0.0,2.9459101490553126,0,0,3.5999999999999996,12.0,1.2,0,0.3394536660667256,0.45250833465918683,0,0,0,0,0,0,2.400000000000002,0.0,0
9.884684885113384,55.0,1,725.0,2.0,24.0,21199.0,787.0,78.0,1.791759469228055,13.0,1.791759469228055,1.6094379124341005,4.0,0.6931471805599453,1.0986122886681096,3.0,1.0,4.0,3.0,1.0,1.4142135623730951,1,5.0,3.0,2,0.3953873954045353,0.2,2.791759469228055,1,0,2.7,3.0,3.2,0,0.3581970477838151,0.724696235509847,0,0,0,0,0,0,-19.499999999999996,2.0,2
8.934323331054905,36.0,0,1434.0,8.0,10.0,14229.0,789.0,76.0,2.3978952727983707,15.0,0.6931471805599453,2.302585092994046,1.0,0.0,2.079441541679836,3.0,0.0,2.0,2.0,1.0,1.0,2,3.0,4.0,0,0.8122112119140823,0.0,0.0,0,0,1.6500000000000001,2.0,1.8,0,0.0,0.6850135081798847,0,0,0,0,0,0,9.399999999999999,0.0,0
8.356789669923213,52.0,0,715.0,19.0,5.0,26589.0,791.0,41.0,1.6094379124341005,18.0,0.0,1.0986122886681096,4.0,0.6931471805599453,1.3862943611198906,3.0,1.0,1.0,3.0,4.0,1.7320508075688772,1,1.0,4.0,0,1.3927982783205355,0.0,2.6094379124341005,0,0,3.3,12.0,2.9,0,0.383224293337255,0.5010558994583222,0,0,0,0,0,0,-8.400000000000002,0.0,0
8.381373468273702,26.0,0,575.0,1.0,5.0,5288.0,792.0,71.0,1.0986122886681096,14.0,1.3862943611198906,0.0,1.0,0.6931471805599453,1.0986122886681096,3.0,1.4142135623730951,1.0,1.0,4.0,1.4142135623730951,0,1.0,2.0,1,1.3968955780456171,0.0,2.9678859607972816,0,0,2.55,4.0,1.1,1,0.6738803398843289,0.3716365008925759,0,0,0,0,0,1,20.300000000000004,0.0,2
8.374707543119483,29.0,0,657.0,27.0,11.0,25549.0,793.0,66.0,2.19722457733622,12.0,1.6094379124341005,0.6931471805599453,2.0,0.6931471805599453,2.079441541679836,2.0,1.0,1.0,3.0,3.0,1.7320508075688772,1,2.0,3.0,2,0.6978922952599569,0.0,3.19722457733622,1,0,2.1999999999999997,9.0,4.7,1,0.3127712726495909,0.5712090830355122,0,0,0,0,0,0,19.800000000000004,0.0,2
8.580543506917,26.0,0,1146.0,8.0,6.0,3064.0,796.0,38.0,1.6094379124341005,17.0,1.9459101490553128,1.0986122886681096,4.0,0.0,1.3862943611198906,2.0,1.0,3.0,2.0,1.0,1.4142135623730951,2,2.0,3.0,2,1.2257919295595714,0.0,2.6094379124341005,1,0,2.3,2.0,2.8,0,0.383224293337255,0.3523847047372924,1,0,1,0,0,0,23.800000000000004,0.0,0
8.0959035329611,34.0,0,182.0,1.0,10.0,13551.0,797.0,72.0,1.6094379124341005,16.0,1.0986122886681096,1.3862943611198906,2.0,0.0,1.0986122886681096,3.0,1.0,3.0,4.0,4.0,1.4142135623730951,2,1.0,4.0,2,0.735991230269191,0.0,2.6094379124341005,0,0,3.0999999999999996,16.0,1.1,0,0.383224293337255,0.36095391288901163,0,0,0,0,0,0,5.400000000000002,0.0,0
8.60995467149755,54.0,1,376.0,19.0,9.0,22670.0,799.0,95.0,1.791759469228055,11.0,2.302585092994046,1.6094379124341005,4.0,1.0986122886681096,1.3862943611198906,3.0,1.0,2.0,3.0,1.0,2.0,0,2.0,4.0,2,0.860995467149755,1.9,2.791759469228055,1,0,2.4,3.0,4.9,0,0.3581970477838151,0.6177370610748245,0,0,0,1,0,0,-22.400000000000002,19.0,4
8.376320632534823,27.0,0,829.0,8.0,5.0,24008.0,800.0,84.0,1.6094379124341005,19.0,0.0,0.6931471805599453,3.0,0.6931471805599453,1.0986122886681096,3.0,1.0,2.0,3.0,4.0,1.7320508075688772,1,2.0,1.0,1,1.3960534387558037,0.0,2.6094379124341005,0,0,3.1999999999999997,12.0,1.8,1,0.383224293337255,0.6509580917879119,0,0,0,0,0,0,10.400000000000004,0.0,1
7.931284761525891,37.0,1,571.0,10.0,6.0,19905.0,802.0,82.0,1.791759469228055,13.0,0.0,1.3862943611198906,4.0,1.0986122886681096,1.3862943611198906,2.0,2.0,2.0,3.0,1.0,1.7320508075688772,0,1.0,1.0,2,1.1330406802179844,1.0,5.58351893845611,0,0,2.15,3.0,5.0,0,0.7163940955676302,0.5145692447144896,0,0,0,0,0,0,5.550000000000001,10.0,4
8.696343057044556,38.0,1,240.0,2.0,17.0,26085.0,803.0,75.0,2.772588722239781,12.0,1.9459101490553128,2.5649493574615367,1.0,0.0,2.079441541679836,3.0,2.0,4.0,4.0,1.0,1.4142135623730951,2,2.0,4.0,1,0.4831301698358087,0.2,7.545177444479562,1,0,1.9500000000000002,4.0,3.2,0,0.5301399509068676,0.5643822168641105,0,0,0,0,0,0,4.1,2.0,0
8.385260520155413,34.0,0,121.0,2.0,6.0,7530.0,804.0,86.0,1.9459101490553128,11.0,0.6931471805599453,1.3862943611198906,3.0,0.0,1.791759469228055,3.0,1.0,3.0,2.0,1.0,1.7320508075688772,2,1.0,4.0,2,1.1978943600222018,0.0,2.9459101490553126,0,0,2.3,2.0,1.2,0,0.3394536660667256,0.36683379407711236,0,0,0,0,0,0,10.200000000000001,0.0,0
7.852827812281744,35.0,0,384.0,8.0,3.0,20317.0,805.0,72.0,1.3862943611198906,16.0,0.6931471805599453,1.0986122886681096,1.0,0.6931471805599453,1.0986122886681096,2.0,0.0,2.0,3.0,4.0,1.0,1,1.0,4.0,2,1.963206953070436,0.0,0.0,0,0,2.4499999999999997,12.0,2.8,0,0.0,0.44214132720987365,0,0,0,0,0,0,7.750000000000002,0.0,2
8.251663923605589,30.0,0,921.0,1.0,7.0,24375.0,806.0,38.0,1.0986122886681096,21.0,1.3862943611198906,1.0986122886681096,4.0,1.0986122886681096,1.0986122886681096,3.0,0.0,3.0,1.0,3.0,1.4142135623730951,1,1.0,3.0,2,1.0314579904506986,0.0,0.0,0,0,3.25,3.0,1.1,0,0.0,0.49508688293288283,0,0,1,0,0,0,7.5,0.0,2
8.353497098745448,40.0,0,791.0,2.0,8.0,9931.0,807.0,38.0,2.19722457733622,24.0,0.6931471805599453,2.079441541679836,3.0,0.6931471805599453,2.079441541679836,3.0,1.7320508075688772,4.0,4.0,2.0,1.4142135623730951,1,2.0,2.0,1,0.9281663443050499,0.0,5.5377554111542615,0,0,2.8000000000000003,8.0,1.2,0,0.5417357353770694,0.33641685369785185,1,0,0,0,0,0,0.0,0.0,1
8.77971129020447,34.0,0,1111.0,8.0,6.0,13305.0,808.0,93.0,1.3862943611198906,17.0,1.791759469228055,1.0986122886681096,3.0,0.6931471805599453,1.0986122886681096,3.0,1.0,2.0,3.0,1.0,1.0,1,2.0,2.0,2,1.25424447002921,0.0,2.386294361119891,1,0,2.15,3.0,1.8,0,0.41905978419640516,0.6640972159548619,0,0,0,0,0,0,11.100000000000001,0.0,2
9.821789308551622,42.0,0,570.0,8.0,24.0,16225.0,809.0,66.0,3.218875824868201,13.0,0.6931471805599453,2.302585092994046,2.0,0.6931471805599453,2.079441541679836,2.0,3.605551275463989,2.0,3.0,4.0,2.0,0,5.0,3.0,1,0.3928715723420649,0.0,15.211373111377732,0,0,2.6999999999999997,12.0,2.8,0,0.8546237019376193,0.5982512872818183,0,0,0,0,0,0,-2.6000000000000005,0.0,2
7.379008127628304,23.0,1,1243.0,6.0,1.0,3445.0,811.0,63.0,0.0,21.0,0.6931471805599453,0.0,3.0,1.0986122886681096,0.0,3.0,0.0,3.0,4.0,1.0,1.4142135623730951,1,1.0,3.0,2,3.689504063814152,0.6,0.0,0,0,2.3,4.0,3.6,0,0.0,0.3497587504351302,0,0,1,0,1,0,28.900000000000002,6.0,2
7.899153483343097,24.0,0,1092.0,9.0,1.0,26551.0,812.0,60.0,0.6931471805599453,11.0,0.6931471805599453,0.0,3.0,1.3862943611198906,0.0,3.0,0.0,3.0,2.0,2.0,2.0,0,1.0,3.0,0,3.9495767416715486,0.0,0.0,0,0,2.6500000000000004,4.0,1.9,0,0.0,0.5929224672936755,0,0,1,0,1,1,21.599999999999994,0.0,0
8.055157731819678,52.0,0,1325.0,11.0,9.0,21821.0,813.0,82.0,1.791759469228055,20.0,2.19722457733622,1.6094379124341005,4.0,0.6931471805599453,1.0986122886681096,3.0,1.0,2.0,3.0,3.0,1.7320508075688772,1,2.0,4.0,2,0.8055157731819678,0.0,2.791759469228055,1,0,3.0999999999999996,9.0,2.1,0,0.3581970477838151,0.6803939028515722,0,0,0,0,0,0,-10.800000000000004,0.0,2
9.777924329560784,50.0,0,691.0,2.0,30.0,6881.0,815.0,64.0,1.6094379124341005,16.0,1.791759469228055,1.3862943611198906,3.0,0.0,1.3862943611198906,3.0,0.0,4.0,3.0,3.0,1.7320508075688772,1,4.0,3.0,2,0.3154169138567995,0.0,0.0,1,0,3.15,9.0,1.2,0,0.0,0.5148367445657629,0,0,0,0,0,0,-8.5,0.0,2
7.749322464660356,29.0,1,805.0,1.0,1.0,6689.0,816.0,36.0,0.6931471805599453,11.0,0.6931471805599453,0.0,2.0,0.6931471805599453,0.0,3.0,0.0,4.0,2.0,1.0,1.0,1,1.0,2.0,2,3.874661232330178,0.1,0.0,0,0,2.2,2.0,3.1,0,0.0,0.2423676060272157,0,0,0,0,1,0,19.799999999999997,1.0,2
9.366660126231135,33.0,0,213.0,7.0,14.0,25995.0,817.0,49.0,2.639057329615259,11.0,0.0,2.079441541679836,3.0,0.0,2.302585092994046,4.0,1.7320508075688772,4.0,3.0,3.0,1.7320508075688772,1,3.0,3.0,2,0.624444008415409,0.0,6.303032186549551,0,0,3.4,9.0,0.7,0,0.4759613962311495,0.5288836255763543,0,0,0,0,0,0,4.200000000000001,0.0,2
8.580167990577626,33.0,0,118.0,16.0,6.0,26507.0,819.0,69.0,1.3862943611198906,15.0,1.791759469228055,1.0986122886681096,1.0,0.0,1.0986122886681096,3.0,0.0,3.0,3.0,1.0,1.7320508075688772,2,2.0,3.0,2,1.2257382843682323,0.0,0.0,1,0,1.8,3.0,2.6,0,0.0,0.5144222363026496,0,0,0,0,0,0,15.400000000000002,0.0,0
9.726332625693532,47.0,1,202.0,2.0,26.0,12982.0,820.0,33.0,3.295836866004329,11.0,0.6931471805599453,0.0,3.0,0.6931471805599453,2.70805020110221,2.0,1.7320508075688772,3.0,3.0,4.0,1.7320508075688772,1,4.0,2.0,2,0.360234541692353,0.2,7.440607712946953,0,0,3.0999999999999996,12.0,4.2,0,0.40319287291277034,0.37300015101968825,1,0,0,0,0,0,-6.3000000000000025,2.0,2
8.56197533418813,36.0,0,676.0,1.0,10.0,23361.0,823.0,35.0,2.302585092994046,15.0,0.0,1.791759469228055,3.0,0.6931471805599453,2.079441541679836,3.0,0.0,1.0,3.0,2.0,1.4142135623730951,1,2.0,3.0,2,0.7783613940171027,0.0,0.0,0,0,2.35,6.0,1.1,0,0.0,0.4595581084617485,0,0,0,0,0,0,6.6,0.0,2
7.901377353792616,29.0,0,1252.0,23.0,10.0,23779.0,824.0,81.0,2.3978952727983707,24.0,0.6931471805599453,2.079441541679836,3.0,0.6931471805599453,2.079441541679836,3.0,0.0,3.0,4.0,3.0,1.7320508075688772,1,1.0,2.0,2,0.7183070321629651,0.0,0.0,0,0,3.0,12.0,3.3,0,0.0,0.6689388364078946,0,0,0,0,0,0,11.0,0.0,2
9.865110483415124,58.0,1,286.0,2.0,34.46000000000004,25761.0,825.0,31.0,3.4657359027997265,12.0,2.079441541679836,2.19722457733622,4.0,0.0,2.772588722239781,3.0,3.605551275463989,4.0,3.0,2.0,1.4142135623730951,2,5.0,4.0,2,0.27820390534165573,0.2,16.101439780224883,1,0,3.0500000000000003,6.0,3.2,0,0.8073812141921654,0.5222294617334559,0,0,0,0,0,0,-17.099999999999994,2.0,0
7.826842098158293,35.0,0,1258.0,1.0,7.0,13301.0,826.0,40.0,1.0986122886681096,13.0,1.3862943611198906,1.0986122886681096,4.0,0.0,1.0986122886681096,3.0,1.4142135623730951,3.0,4.0,3.0,0.0,2,1.0,4.0,2,0.9783552622697866,0.0,2.9678859607972816,0,1,3.25,12.0,1.1,0,0.6738803398843289,0.411388661446352,0,0,0,0,0,0,3.75,0.0,0
8.70996000607173,42.0,1,932.0,1.0,8.0,4051.0,827.0,43.0,1.6094379124341005,13.0,2.302585092994046,1.0986122886681096,4.0,0.6931471805599453,1.3862943611198906,3.0,0.0,4.0,2.0,4.0,2.0,1,2.0,2.0,2,0.96777333400797,0.1,0.0,1,0,3.75,8.0,3.1,0,0.0,0.35403450869918096,1,0,0,0,0,0,-0.5,1.0,2
8.38548870041881,28.0,0,890.0,2.0,5.0,16374.0,828.0,46.0,1.0986122886681096,17.0,1.9459101490553128,0.6931471805599453,3.0,0.0,1.0986122886681096,2.0,1.4142135623730951,4.0,3.0,3.0,1.7320508075688772,2,1.0,4.0,2,1.3975814500698016,0.0,2.9678859607972816,1,0,2.9,9.0,2.2,0,0.6738803398843289,0.4503918033782852,0,0,1,0,0,0,13.200000000000001,0.0,0
7.670428522190693,36.0,0,1041.0,13.0,8.0,25527.0,829.0,36.0,1.791759469228055,13.0,1.6094379124341005,1.6094379124341005,3.0,0.6931471805599453,1.0986122886681096,3.0,0.0,2.0,3.0,2.0,1.4142135623730951,1,1.0,3.0,2,0.8522698357989659,0.0,0.0,1,0,2.5,6.0,2.3,0,0.0,0.46627362512364,0,0,0,0,0,0,6.0,0.0,2
8.726318950962243,32.0,0,859.0,4.0,14.0,19124.0,830.0,98.0,2.70805020110221,12.0,0.6931471805599453,2.19722457733622,3.0,0.6931471805599453,2.639057329615259,3.0,2.449489742783178,3.0,2.0,3.0,1.7320508075688772,1,2.0,3.0,2,0.5817545967308162,0.0,9.082830933324963,0,0,3.0,6.0,1.4,0,0.6605869958435493,0.6902441209324013,0,0,0,0,0,0,8.0,0.0,2
8.536014945656826,40.0,0,720.0,16.0,10.0,11983.0,832.0,51.0,0.6931471805599453,14.0,1.9459101490553128,0.0,1.0,0.0,0.0,3.0,0.0,4.0,2.0,3.0,2.449489742783178,2,2.0,4.0,1,0.776001358696075,0.0,0.0,1,0,2.65,6.0,2.6,0,0.0,0.4079174398368312,0,0,0,0,1,0,0.0,0.0,0
8.83608319099221,30.0,1,946.0,2.0,12.0,20234.0,833.0,52.0,0.0,24.0,1.791759469228055,0.0,3.0,0.0,0.0,2.0,0.0,2.0,2.0,4.0,2.0,2,2.0,3.0,2,0.6796987069994008,0.2,0.0,1,0,2.9499999999999997,8.0,4.2,1,0.0,0.5630014115347975,0,0,0,0,1,0,10.500000000000004,2.0,0
7.729735331385051,45.0,0,252.0,2.0,1.0,6153.0,834.0,95.0,0.6931471805599453,14.0,0.6931471805599453,0.0,2.0,0.0,0.0,3.0,0.0,4.0,2.0,3.0,1.7320508075688772,2,1.0,3.0,2,3.8648676656925254,0.0,0.0,0,0,2.9,6.0,1.2,0,0.0,0.3468957405164991,0,0,0,0,1,0,-5.5,0.0,0
8.39728289474368,42.0,0,933.0,29.0,10.0,11806.0,836.0,98.0,2.302585092994046,13.0,0.6931471805599453,2.19722457733622,2.0,0.6931471805599453,2.19722457733622,2.0,2.6457513110645907,4.0,3.0,2.0,1.7320508075688772,1,2.0,3.0,2,0.7633893540676073,0.0,8.73781883969137,0,0,2.3,6.0,4.9,0,0.8011152586733246,0.5990570353843666,0,1,0,0,0,0,-3.4000000000000004,0.0,2
8.746557354543503,38.0,0,471.0,12.0,13.0,4284.0,837.0,45.0,1.6094379124341005,15.0,1.0986122886681096,1.0986122886681096,1.0,0.6931471805599453,1.3862943611198906,2.0,1.0,3.0,2.0,1.0,1.7320508075688772,0,2.0,3.0,1,0.6247540967531073,0.0,2.6094379124341005,0,0,1.55,2.0,3.2,0,0.383224293337255,0.28446277802763653,1,0,0,0,0,0,4.9,0.0,2
7.845416036592485,34.0,0,702.0,16.0,6.0,8306.0,838.0,100.0,1.791759469228055,16.0,0.6931471805599453,1.3862943611198906,3.0,0.0,1.0986122886681096,3.0,1.0,3.0,2.0,4.0,1.7320508075688772,2,1.0,4.0,1,1.1207737195132121,0.0,2.791759469228055,0,0,3.3499999999999996,8.0,2.6,0,0.3581970477838151,0.4777831921773412,0,0,0,0,0,0,3.900000000000002,0.0,0
8.943114308091785,49.0,0,1184.0,11.0,9.0,5860.0,840.0,43.0,2.302585092994046,18.0,0.6931471805599453,2.079441541679836,3.0,1.0986122886681096,2.19722457733622,4.0,2.6457513110645907,1.0,3.0,4.0,1.7320508075688772,1,3.0,3.0,2,0.8943114308091784,0.0,8.73781883969137,0,0,3.3,12.0,1.1,0,0.8011152586733246,0.43923585736900755,0,0,0,0,0,0,-6.300000000000002,0.0,2
8.548885638148727,55.0,0,436.0,2.0,12.0,21519.0,842.0,37.0,2.302585092994046,16.0,1.6094379124341005,1.3862943611198906,3.0,0.0,2.079441541679836,2.0,2.6457513110645907,3.0,3.0,4.0,1.7320508075688772,2,2.0,1.0,2,0.6576065875499021,0.0,8.73781883969137,1,0,3.0999999999999996,12.0,2.2,0,0.8011152586733246,0.4040294547823423,0,1,0,0,0,0,-13.500000000000005,0.0,0
9.750336373041954,43.0,0,589.0,14.0,22.0,5200.0,843.0,94.0,1.6094379124341005,24.0,1.9459101490553128,0.0,2.0,0.6931471805599453,0.6931471805599453,3.0,1.0,3.0,3.0,1.0,1.7320508075688772,1,4.0,2.0,2,0.4239276683931284,0.0,2.6094379124341005,1,0,2.05,3.0,2.4,0,0.383224293337255,0.5842553563811238,0,0,0,0,0,0,-5.8500000000000005,0.0,2
9.457903327831136,27.0,1,269.0,5.0,9.0,8842.0,844.0,42.0,2.302585092994046,16.0,0.6931471805599453,2.19722457733622,3.0,0.6931471805599453,2.19722457733622,3.0,0.0,2.0,2.0,4.0,1.7320508075688772,0,3.0,1.0,2,0.9457903327831136,0.5,0.0,0,0,3.1999999999999997,8.0,3.5,0,0.0,0.3503090897048442,1,0,0,0,0,1,10.400000000000004,5.0,4
9.232297539328226,35.0,0,950.0,7.0,17.0,18869.0,845.0,59.0,2.19722457733622,21.0,1.3862943611198906,1.9459101490553128,3.0,0.0,1.791759469228055,4.0,1.0,2.0,3.0,3.0,1.7320508075688772,2,3.0,3.0,2,0.512905418851568,0.0,3.19722457733622,0,0,3.0999999999999996,9.0,0.7,0,0.3127712726495909,0.6123089410075611,0,0,0,0,0,0,4.500000000000002,0.0,0
8.472195825485501,28.0,1,760.0,2.0,8.0,3698.0,846.0,81.0,2.19722457733622,20.0,0.6931471805599453,1.791759469228055,2.0,0.0,2.079441541679836,3.0,2.6457513110645907,1.0,3.0,2.0,1.4142135623730951,1,2.0,4.0,2,0.9413550917206113,0.2,8.459061117255237,0,0,2.1,6.0,3.2,0,0.8275150046759958,0.43304547105228564,0,0,0,0,0,0,22.799999999999997,2.0,2
8.226305988015508,34.0,0,829.0,3.0,4.0,2243.0,847.0,88.0,1.3862943611198906,19.0,0.0,1.0986122886681096,3.0,0.6931471805599453,1.0986122886681096,1.0,0.0,3.0,3.0,4.0,1.0,1,1.0,2.0,2,1.6452611976031015,0.0,0.0,0,0,2.8499999999999996,12.0,3.3,0,0.0,0.43264341411640084,0,0,0,0,0,0,6.900000000000002,0.0,2
7.769378609513984,26.0,1,887.0,5.0,8.0,20898.0,848.0,88.0,2.19722457733622,14.0,0.6931471805599453,2.079441541679836,3.0,0.6931471805599453,2.079441541679836,3.0,1.0,1.0,2.0,3.0,1.4142135623730951,1,1.0,2.0,1,0.8632642899459982,0.5,3.19722457733622,0,0,2.6999999999999997,6.0,3.5,0,0.3127712726495909,0.5872759852301246,0,0,0,0,0,0,18.200000000000003,5.0,1
7.442492722794441,27.0,0,443.0,3.0,1.0,16571.0,850.0,50.0,0.0,11.0,0.6931471805599453,0.0,4.0,1.3862943611198906,0.0,2.0,0.0,3.0,3.0,4.0,2.449489742783178,1,1.0,3.0,0,3.7212463613972204,0.0,0.0,0,0,3.3499999999999996,12.0,2.3,0,0.0,0.29790245083155575,0,0,1,0,1,0,8.450000000000005,0.0,0
9.699411063939143,51.0,0,1318.0,26.0,29.0,5594.0,851.0,66.0,3.044522437723423,14.0,1.0986122886681096,2.8903717578961645,1.0,0.6931471805599453,1.9459101490553128,2.0,2.0,3.0,3.0,3.0,1.4142135623730951,1,4.0,4.0,2,0.3233137021313048,0.0,8.089044875446845,0,0,2.25,9.0,4.6,0,0.4944959586194701,0.6138751521918858,0,0,0,0,0,0,-19.25,0.0,2
8.688453800850768,44.0,0,625.0,4.0,10.0,5197.0,852.0,50.0,1.791759469228055,12.0,2.302585092994046,1.3862943611198906,4.0,0.0,1.0986122886681096,2.0,1.4142135623730951,4.0,3.0,2.0,1.4142135623730951,2,2.0,3.0,2,0.7898594364409789,0.0,3.948144104265829,1,0,2.8000000000000003,6.0,2.4,0,0.506567122977875,0.33357479036728094,1,0,0,0,0,0,-4.799999999999999,0.0,0
8.138856750696325,25.0,0,180.0,2.0,6.0,21632.0,854.0,65.0,1.6094379124341005,13.0,2.079441541679836,0.6931471805599453,1.0,0.0,1.3862943611198906,2.0,0.0,3.0,4.0,1.0,1.7320508075688772,2,1.0,1.0,2,1.1626938215280465,0.0,0.0,1,0,1.55,4.0,2.2,0,0.0,0.42075723512637153,0,0,0,0,0,0,36.75,0.0,0
8.303504798872783,33.0,0,586.0,1.0,9.0,21816.0,855.0,48.0,2.302585092994046,22.0,0.6931471805599453,2.19722457733622,1.0,0.6931471805599453,2.19722457733622,3.0,0.0,1.0,4.0,1.0,2.23606797749979,0,2.0,3.0,2,0.8303504798872783,0.0,0.0,0,0,1.5,4.0,1.1,0,0.0,0.4500431988447897,0,0,0,0,0,1,17.5,0.0,4
7.847762537473608,35.0,0,1343.0,27.0,6.0,17852.0,856.0,53.0,1.9459101490553128,11.0,0.6931471805599453,0.6931471805599453,3.0,0.0,1.791759469228055,2.0,1.0,4.0,2.0,1.0,1.7320508075688772,2,1.0,1.0,2,1.1211089339248013,0.0,2.9459101490553126,0,0,2.2,2.0,4.7,0,0.3394536660667256,0.5206811390777868,0,0,0,0,0,0,9.0,0.0,0
8.732627099660395,36.0,1,928.0,1.0,18.0,2823.0,857.0,56.0,2.9444389791664403,14.0,0.6931471805599453,2.4849066497880004,2.0,0.6931471805599453,2.70805020110221,2.0,2.0,4.0,3.0,4.0,1.0,1,2.0,2.0,2,0.45961195261370497,0.1,7.8888779583328805,0,0,3.0,12.0,4.1,0,0.507042956061308,0.3895539645443647,1,0,0,0,0,0,4.0,1.0,2
8.390268497842571,32.0,0,117.0,13.0,8.0,9250.0,859.0,73.0,1.791759469228055,11.0,1.0986122886681096,1.3862943611198906,2.0,0.6931471805599453,1.0986122886681096,2.0,0.0,3.0,3.0,4.0,1.7320508075688772,0,2.0,4.0,2,0.9322520553158413,0.0,0.0,0,0,2.8499999999999996,12.0,3.3,0,0.0,0.3374263895417974,1,0,0,0,0,1,9.200000000000003,0.0,4
8.232706009860976,30.0,0,1012.0,5.0,10.0,2373.0,861.0,75.0,1.791759469228055,12.0,2.302585092994046,1.3862943611198906,2.0,0.6931471805599453,1.6094379124341005,2.0,0.0,2.0,2.0,4.0,1.7320508075688772,0,1.0,4.0,1,0.7484278190782706,0.0,0.0,1,0,2.6999999999999997,8.0,2.5,0,0.0,0.42087095255382306,0,0,0,0,0,1,13.000000000000004,0.0,2
9.299723933110869,53.0,1,661.0,7.0,34.46000000000004,20715.0,862.0,78.0,1.791759469228055,18.0,2.079441541679836,1.6094379124341005,1.0,0.6931471805599453,1.0986122886681096,3.0,0.0,4.0,2.0,4.0,1.7320508075688772,1,3.0,2.0,2,0.26225955818135527,0.7,0.0,1,0,3.0,8.0,3.7,0,0.0,0.6533250590750456,0,0,0,0,0,0,-13.0,7.0,2
9.283776690049365,45.0,1,930.0,9.0,18.0,19239.0,864.0,74.0,1.791759469228055,12.0,1.6094379124341005,1.0986122886681096,4.0,0.6931471805599453,1.6094379124341005,3.0,0.0,3.0,3.0,1.0,1.4142135623730951,0,3.0,3.0,2,0.4886198257920718,0.9,0.0,1,0,2.55,3.0,3.9,0,0.0,0.6708608734811303,0,0,0,0,0,0,-7.250000000000001,9.0,4
8.551787836180736,32.0,0,638.0,8.0,9.0,22162.0,865.0,91.0,1.791759469228055,12.0,1.791759469228055,1.3862943611198906,3.0,0.6931471805599453,1.3862943611198906,2.0,1.0,3.0,4.0,3.0,1.7320508075688772,1,2.0,2.0,2,0.8551787836180736,0.0,2.791759469228055,1,0,2.75,12.0,2.8,0,0.3581970477838151,0.6397631854606702,0,0,0,0,0,0,10.0,0.0,2
9.534378481388618,52.0,0,890.0,25.0,31.0,19028.0,867.0,81.0,2.302585092994046,22.0,1.3862943611198906,0.0,3.0,0.0,2.19722457733622,3.0,0.0,3.0,2.0,4.0,1.7320508075688772,1,4.0,4.0,1,0.2979493275433943,0.0,0.0,0,0,3.3499999999999996,8.0,3.5,0,0.0,0.7101725869996405,0,0,0,0,0,0,-7.800000000000004,0.0,1
8.75384509275524,37.0,0,342.0,16.0,9.0,24558.0,868.0,66.0,0.6931471805599453,19.0,1.6094379124341005,0.0,4.0,1.0986122886681096,0.0,3.0,0.0,4.0,2.0,3.0,1.4142135623730951,0,2.0,4.0,2,0.875384509275524,0.0,0.0,1,0,3.4,6.0,2.6,0,0.0,0.5405769064650402,0,0,0,0,1,0,1.8000000000000003,0.0,4
8.504513138258863,28.0,0,1169.0,8.0,6.0,23965.0,869.0,63.0,1.791759469228055,13.0,0.6931471805599453,1.6094379124341005,2.0,0.6931471805599453,0.6931471805599453,3.0,0.0,4.0,2.0,4.0,2.449489742783178,0,1.0,2.0,2,1.2149304483226948,0.0,0.0,0,0,3.25,8.0,1.8,0,0.0,0.648437271359851,0,0,0,0,0,1,9.0,0.0,4
8.471358655072438,22.0,0,1230.0,1.0,4.0,19146.0,872.0,33.0,1.0986122886681096,22.0,1.9459101490553128,1.0986122886681096,4.0,1.0986122886681096,1.0986122886681096,1.0,1.4142135623730951,1.0,2.0,4.0,1.4142135623730951,1,2.0,2.0,2,1.6942717310144875,0.0,2.9678859607972816,1,0,2.8,8.0,3.1,0,0.6738803398843289,0.5007161685240922,0,0,0,0,0,0,21.6,0.0,2
7.944137491114112,44.0,1,986.0,8.0,10.0,5044.0,874.0,62.0,1.3862943611198906,24.0,1.0986122886681096,1.0986122886681096,1.0,0.6931471805599453,1.0986122886681096,2.0,0.0,3.0,4.0,4.0,1.4142135623730951,1,1.0,4.0,2,0.7221943173740102,0.8,0.0,0,0,2.5999999999999996,16.0,4.8,0,0.0,0.36943985255518313,0,0,0,0,0,0,-5.600000000000001,8.0,2
7.830425617820331,42.0,1,1271.0,2.0,8.0,9068.0,875.0,35.0,1.0986122886681096,14.0,1.791759469228055,1.0986122886681096,2.0,0.0,0.6931471805599453,3.0,1.4142135623730951,4.0,3.0,4.0,1.4142135623730951,2,1.0,1.0,1,0.8700472908689256,0.2,2.9678859607972816,1,0,3.25,12.0,3.2,0,0.6738803398843289,0.35370376446849994,0,0,0,0,0,0,-1.5,2.0,0
7.759187438507795,36.0,0,1278.0,8.0,6.0,8635.0,878.0,77.0,1.791759469228055,21.0,0.0,1.3862943611198906,1.0,0.0,1.6094379124341005,3.0,0.0,3.0,2.0,1.0,1.7320508075688772,1,1.0,3.0,2,1.1084553483582564,0.0,0.0,0,0,1.8,2.0,1.8,0,0.0,0.4939046200288842,0,0,0,0,0,0,8.8,0.0,2
8.341648618901306,25.0,1,141.0,3.0,5.0,14363.0,879.0,98.0,1.791759469228055,18.0,0.6931471805599453,1.3862943611198906,3.0,0.0,1.3862943611198906,3.0,0.0,4.0,3.0,1.0,1.7320508075688772,1,2.0,1.0,2,1.3902747698168845,0.3,0.0,0,0,2.45,3.0,3.3,0,0.0,0.477755697997797,0,0,0,0,0,0,23.249999999999996,3.0,2
9.276689752517717,35.0,1,607.0,9.0,17.0,23457.0,880.0,66.0,2.8903717578961645,20.0,0.6931471805599453,2.772588722239781,4.0,0.6931471805599453,2.70805020110221,3.0,2.23606797749979,2.0,2.0,3.0,1.4142135623730951,1,3.0,3.0,2,0.515371652917651,0.9,8.699135708401178,0,0,3.0999999999999996,6.0,3.9,0,0.5747697435242052,0.6261608467027232,0,0,0,0,0,0,4.500000000000002,9.0,2
7.612336837167746,35.0,1,130.0,25.0,10.0,16612.0,881.0,96.0,2.3978952727983707,19.0,0.6931471805599453,2.19722457733622,4.0,0.6931471805599453,1.0986122886681096,2.0,2.6457513110645907,1.0,3.0,2.0,1.7320508075688772,0,1.0,4.0,1,0.6920306215607042,2.5,8.989985872866464,0,0,2.35,6.0,6.5,0,0.778644160179091,0.42257346537383444,0,1,0,1,0,0,8.25,25.0,2
7.747164966520335,32.0,0,300.0,1.0,4.0,9148.0,882.0,61.0,1.3862943611198906,12.0,0.0,1.0986122886681096,4.0,0.6931471805599453,0.0,3.0,0.0,2.0,3.0,4.0,1.4142135623730951,0,1.0,3.0,0,1.549432993304067,0.0,0.0,0,0,3.4499999999999997,12.0,1.1,0,0.0,0.26576181747915306,0,0,0,0,0,1,4.400000000000002,0.0,0
8.356319965828153,25.0,0,583.0,4.0,5.0,18154.0,885.0,87.0,1.791759469228055,12.0,0.6931471805599453,1.3862943611198906,3.0,0.0,1.0986122886681096,4.0,0.0,1.0,2.0,1.0,1.0,1,2.0,1.0,2,1.3927199943046922,0.0,0.0,0,0,2.25,2.0,0.4,0,0.0,0.5570036028207537,0,0,0,0,0,0,26.25,0.0,2
8.183397369998433,49.0,0,1418.0,1.0,7.0,10554.0,887.0,36.0,1.6094379124341005,16.0,1.0986122886681096,1.0986122886681096,3.0,0.6931471805599453,1.0986122886681096,3.0,0.0,2.0,3.0,1.0,1.4142135623730951,1,1.0,3.0,2,1.0229246712498041,0.0,0.0,0,0,2.15,3.0,1.1,0,0.0,0.43172180443333086,0,0,0,0,0,0,-16.650000000000002,0.0,2
8.059276223305648,24.0,0,1269.0,4.0,6.0,10778.0,888.0,46.0,1.791759469228055,17.0,0.0,1.6094379124341005,1.0,0.0,1.0986122886681096,2.0,1.7320508075688772,4.0,2.0,4.0,1.4142135623730951,1,1.0,1.0,0,1.1513251747579498,0.0,4.835469243214512,0,0,2.75,8.0,2.4,0,0.6204154858827448,0.431337419073149,0,0,0,0,0,0,20.0,0.0,0
8.783396232190894,32.0,0,379.0,5.0,10.0,8891.0,889.0,48.0,2.3978952727983707,14.0,0.6931471805599453,1.3862943611198906,2.0,0.6931471805599453,2.19722457733622,3.0,2.23606797749979,4.0,3.0,2.0,1.7320508075688772,1,2.0,2.0,1,0.7984905665628085,0.0,7.59792481040235,0,0,2.55,6.0,1.5,0,0.6580744248948713,0.32842641527976635,1,0,0,0,0,0,11.600000000000001,0.0,1
7.972466015974565,38.0,0,395.0,9.0,3.0,12102.0,893.0,98.0,1.0986122886681096,19.0,0.0,1.0986122886681096,2.0,0.6931471805599453,1.0986122886681096,3.0,1.0,4.0,2.0,2.0,1.7320508075688772,1,1.0,3.0,2,1.9931165039936412,0.0,2.0986122886681096,0,0,2.55,4.0,1.9,0,0.4765053580405044,0.4657645900092747,0,0,0,0,0,0,2.9000000000000004,0.0,2
8.562548893137034,42.0,1,1265.0,3.0,17.0,23726.0,894.0,95.0,1.791759469228055,13.0,1.0986122886681096,1.3862943611198906,3.0,0.6931471805599453,1.3862943611198906,2.0,1.0,2.0,4.0,4.0,1.0,1,2.0,3.0,2,0.47569716072983526,0.3,2.791759469228055,0,0,2.9499999999999997,16.0,4.3,0,0.3581970477838151,0.7829661701200943,0,0,0,0,0,0,-2.1000000000000005,3.0,2
7.7651449029361315,31.0,1,1222.0,11.0,8.0,14871.0,895.0,48.0,1.9459101490553128,19.0,1.3862943611198906,1.0986122886681096,4.0,0.6931471805599453,1.6094379124341005,3.0,0.0,2.0,3.0,4.0,1.4142135623730951,1,1.0,4.0,2,0.8627938781040146,1.1,0.0,0,0,3.4499999999999997,12.0,4.1,0,0.0,0.4434703366580149,0,0,0,0,0,0,4.950000000000003,11.0,2
7.937731775260109,29.0,1,341.0,1.0,5.0,23522.0,896.0,48.0,1.3862943611198906,19.0,1.9459101490553128,1.0986122886681096,2.0,1.3862943611198906,1.0986122886681096,3.0,0.0,3.0,2.0,3.0,1.7320508075688772,0,1.0,3.0,2,1.3229552958766848,0.1,0.0,1,0,2.75,6.0,3.1,0,0.0,0.38889584262956695,0,0,1,0,0,1,13.75,1.0,4
9.378985497953892,53.0,0,868.0,8.0,28.0,22789.0,897.0,73.0,1.0986122886681096,14.0,1.791759469228055,1.0986122886681096,1.0,0.6931471805599453,0.0,3.0,1.4142135623730951,3.0,3.0,4.0,1.7320508075688772,1,4.0,3.0,2,0.3234132930328928,0.0,2.9678859607972816,1,0,2.8499999999999996,12.0,1.8,0,0.6738803398843289,0.7007912090739884,0,0,0,0,0,0,-14.950000000000005,0.0,2
9.296884973376368,35.0,0,672.0,25.0,16.0,9129.0,899.0,78.0,2.639057329615259,16.0,1.3862943611198906,2.19722457733622,4.0,0.0,2.3978952727983707,3.0,2.0,1.0,2.0,2.0,1.4142135623730951,1,3.0,3.0,2,0.5468755866691981,0.0,7.278114659230518,0,0,2.6,4.0,3.5,0,0.5495928804758486,0.5387243977947814,0,0,0,0,0,0,7.0,0.0,2
7.9976631270201,37.0,0,1231.0,21.0,10.0,21222.0,900.0,54.0,1.791759469228055,15.0,1.791759469228055,0.0,3.0,0.6931471805599453,1.6094379124341005,3.0,0.0,2.0,3.0,4.0,1.7320508075688772,1,1.0,2.0,1,0.7270602842745546,0.0,0.0,1,0,3.1999999999999997,12.0,3.1,1,0.0,0.5521475986056956,0,0,0,0,0,0,2.400000000000001,0.0,1
9.566335084610053,53.0,0,102.0,23.0,33.0,20206.0,901.0,72.0,2.5649493574615367,18.0,1.9459101490553128,2.19722457733622,4.0,0.0,2.302585092994046,3.0,1.7320508075688772,3.0,3.0,4.0,0.0,2,4.0,4.0,2,0.281362796606178,0.0,6.174673413533404,1,1,3.5999999999999996,12.0,3.3,0,0.4858556556893711,0.5518461242772633,0,0,0,0,0,0,-5.200000000000005,0.0,0
8.623892810075294,43.0,0,422.0,1.0,12.0,21782.0,902.0,33.0,1.791759469228055,13.0,1.6094379124341005,1.0986122886681096,4.0,0.6931471805599453,1.0986122886681096,2.0,1.4142135623730951,2.0,3.0,4.0,1.4142135623730951,1,2.0,3.0,1,0.6633763700057919,0.0,3.948144104265829,1,0,3.1999999999999997,12.0,2.1,0,0.506567122977875,0.39693847337283916,1,0,0,0,0,0,-2.400000000000001,0.0,1
8.420241665339788,47.0,1,249.0,2.0,8.0,17783.0,903.0,35.0,2.079441541679836,22.0,0.0,2.079441541679836,3.0,0.6931471805599453,1.9459101490553128,3.0,2.6457513110645907,1.0,3.0,4.0,1.4142135623730951,1,2.0,2.0,2,0.9355824072599764,0.2,8.147436496246192,0,0,3.05,12.0,3.2,0,0.8591659478690193,0.31381087405737407,1,1,0,0,0,0,-6.650000000000001,2.0,2
8.941545475242885,37.0,1,1252.0,19.0,10.0,4814.0,904.0,32.0,2.3978952727983707,13.0,0.6931471805599453,2.302585092994046,1.0,0.0,0.0,3.0,0.0,4.0,3.0,2.0,1.4142135623730951,2,3.0,2.0,0,0.8128677704766258,1.9,0.0,0,0,2.3,6.0,4.9,0,0.0,0.40147151009702847,0,0,0,1,0,0,5.1000000000000005,19.0,0
9.79395166546782,50.0,0,881.0,2.0,31.0,4544.0,905.0,98.0,3.4657359027997265,11.0,0.6931471805599453,2.079441541679836,1.0,0.6931471805599453,1.9459101490553128,3.0,3.605551275463989,4.0,3.0,1.0,1.7320508075688772,0,4.0,4.0,0,0.30606098954586936,0.0,16.101439780224883,0,0,1.9500000000000002,3.0,1.2,0,0.8073812141921654,0.6483161800090632,0,0,0,0,0,0,-20.5,0.0,0
8.557374981049069,39.0,0,1383.0,2.0,13.0,7790.0,909.0,42.0,1.791759469228055,11.0,2.19722457733622,1.6094379124341005,4.0,1.0986122886681096,1.6094379124341005,3.0,0.0,3.0,2.0,4.0,1.4142135623730951,1,2.0,3.0,2,0.6112410700749334,0.0,0.0,1,0,3.5999999999999996,8.0,1.2,0,0.0,0.454342260685632,0,0,0,0,0,0,0.40000000000000036,0.0,2
7.731053144007127,33.0,1,1075.0,3.0,7.0,22650.0,910.0,57.0,1.6094379124341005,11.0,1.3862943611198906,1.3862943611198906,4.0,0.6931471805599453,1.3862943611198906,4.0,0.0,3.0,3.0,2.0,2.0,0,1.0,2.0,2,0.9663816430008909,0.3,0.0,0,0,3.1500000000000004,6.0,2.3,0,0.0,0.5241846569775435,0,0,0,0,0,1,5.9499999999999975,3.0,4
7.935945103353701,32.0,1,374.0,25.0,1.0,18016.0,911.0,87.0,0.6931471805599453,24.0,0.6931471805599453,0.6931471805599453,1.0,0.0,0.0,1.0,0.0,3.0,3.0,4.0,1.4142135623730951,2,1.0,4.0,2,3.9679725516768505,2.5,0.0,0,0,2.3499999999999996,12.0,7.5,0,0.0,0.47864887167317116,0,0,0,1,1,0,13.200000000000003,25.0,0
7.837159650001675,29.0,0,1086.0,7.0,8.0,6054.0,912.0,62.0,1.6094379124341005,14.0,1.9459101490553128,1.3862943611198906,1.0,1.3862943611198906,1.3862943611198906,3.0,0.0,3.0,2.0,4.0,2.23606797749979,0,1.0,1.0,2,0.8707955166668528,0.0,0.0,1,0,2.8499999999999996,8.0,1.7,0,0.0,0.38740455240862953,0,0,0,0,0,1,12.650000000000004,0.0,4
7.847762537473608,44.0,1,661.0,9.0,8.0,7508.0,913.0,61.0,2.19722457733622,13.0,0.6931471805599453,0.6931471805599453,2.0,0.0,2.079441541679836,3.0,2.6457513110645907,4.0,3.0,1.0,0.0,1,1.0,2.0,2,0.8719736152748454,0.9,8.459061117255237,0,1,2.2,3.0,3.9,0,0.8275150046759958,0.3233707521835165,0,1,0,0,0,0,-7.199999999999999,9.0,2
8.498825534058053,28.0,0,821.0,5.0,4.0,24252.0,916.0,98.0,1.6094379124341005,14.0,0.6931471805599453,1.0986122886681096,1.0,0.0,1.0986122886681096,3.0,0.0,2.0,3.0,4.0,1.7320508075688772,2,2.0,4.0,2,1.6997651068116106,0.0,0.0,0,0,2.6999999999999997,12.0,1.5,0,0.0,0.7135065653777575,0,0,1,0,0,0,15.600000000000003,0.0,0
7.7752758464868625,58.0,1,781.0,2.0,3.0,13384.0,918.0,57.0,0.6931471805599453,14.0,2.302585092994046,0.0,4.0,0.6931471805599453,0.0,2.0,0.0,4.0,2.0,4.0,1.7320508075688772,0,1.0,1.0,1,1.9438189616217156,0.2,0.0,1,0,3.5,8.0,4.2,0,0.0,0.38272093754972336,0,0,0,0,1,0,-9.0,2.0,2
8.469262657658687,43.0,0,177.0,8.0,4.0,23814.0,920.0,55.0,0.6931471805599453,21.0,1.6094379124341005,0.0,1.0,0.6931471805599453,0.0,4.0,0.0,3.0,3.0,2.0,1.4142135623730951,0,2.0,3.0,2,1.6938525315317374,0.0,0.0,1,0,2.4,6.0,0.8,0,0.0,0.4375088581861457,0,0,0,0,1,0,-4.800000000000001,0.0,4
7.623153068476902,20.0,0,500.0,2.0,2.0,22052.0,922.0,49.0,1.0986122886681096,13.0,0.6931471805599453,1.0986122886681096,3.0,0.0,1.0986122886681096,2.0,0.0,4.0,2.0,3.0,1.7320508075688772,2,1.0,3.0,2,2.5410510228256338,0.0,0.0,0,0,2.9,6.0,2.2,0,0.0,0.376555225855306,0,0,1,0,0,0,22.0,0.0,0
7.898782356970309,21.0,0,1427.0,18.0,1.0,8870.0,923.0,65.0,0.6931471805599453,19.0,0.6931471805599453,0.0,4.0,0.0,0.0,2.0,0.0,1.0,3.0,4.0,1.7320508075688772,2,1.0,1.0,2,3.9493911784851545,0.0,0.0,0,0,3.05,12.0,3.8,1,0.0,0.4932101295370014,0,0,0,0,1,0,18.050000000000004,0.0,0
8.792853288640693,36.0,1,1425.0,14.0,17.0,4821.0,924.0,68.0,2.833213344056216,17.0,0.0,2.4849066497880004,3.0,0.6931471805599453,2.19722457733622,2.0,2.0,1.0,3.0,4.0,1.4142135623730951,1,2.0,1.0,2,0.48849184936892737,1.4,7.666426688112432,0,0,2.8,12.0,5.4,0,0.5217554621897583,0.5470767135548662,0,0,0,0,0,0,4.800000000000001,14.0,2
8.100161446936607,47.0,1,1454.0,2.0,3.0,13137.0,925.0,65.0,1.3862943611198906,18.0,0.6931471805599453,1.0986122886681096,4.0,0.0,1.0986122886681096,2.0,1.0,1.0,2.0,4.0,1.7320508075688772,2,1.0,4.0,2,2.0250403617341517,0.2,2.386294361119891,0,0,3.05,8.0,4.2,0,0.41905978419640516,0.5598295352098523,0,0,0,0,0,0,-6.650000000000001,2.0,0
8.336150816120663,22.0,1,617.0,3.0,4.0,10022.0,926.0,34.0,1.3862943611198906,19.0,0.0,1.0986122886681096,2.0,0.6931471805599453,1.0986122886681096,4.0,0.0,1.0,3.0,3.0,1.7320508075688772,1,2.0,1.0,2,1.6672301632241324,0.3,0.0,0,0,2.6999999999999997,9.0,2.3,0,0.0,0.2902737340917595,1,0,0,0,0,0,23.400000000000006,3.0,2
7.929846429742503,41.0,1,1085.0,2.0,10.0,17725.0,927.0,57.0,2.079441541679836,13.0,1.6094379124341005,0.0,2.0,0.6931471805599453,2.079441541679836,2.0,1.0,3.0,1.0,4.0,1.0,0,1.0,4.0,2,0.7208951299765912,0.2,3.079441541679836,1,0,2.8499999999999996,4.0,4.2,0,0.32473420471378706,0.49524781141523583,0,0,0,0,0,0,-1.1500000000000004,2.0,4
7.774015077250727,28.0,0,995.0,9.0,6.0,9834.0,930.0,77.0,1.0986122886681096,18.0,1.791759469228055,1.0986122886681096,3.0,0.6931471805599453,1.0986122886681096,3.0,1.4142135623730951,2.0,3.0,3.0,1.4142135623730951,0,1.0,3.0,2,1.1105735824643896,0.0,2.9678859607972816,1,0,2.8499999999999996,9.0,1.9,0,0.6738803398843289,0.45669177349338774,0,0,1,0,0,1,13.800000000000004,0.0,4
7.785305182539862,39.0,1,1122.0,6.0,8.0,4303.0,932.0,70.0,1.0986122886681096,21.0,2.079441541679836,1.0986122886681096,4.0,0.0,1.0986122886681096,1.0,1.4142135623730951,4.0,3.0,1.0,1.4142135623730951,1,1.0,3.0,2,0.8650339091710957,0.6,2.9678859607972816,1,0,2.2,3.0,5.6,0,0.6738803398843289,0.39996075056966734,0,0,0,0,0,0,1.7999999999999998,6.0,2
7.7488913372555315,27.0,0,618.0,4.0,1.0,17808.0,933.0,76.0,0.6931471805599453,19.0,0.6931471805599453,0.0,2.0,0.0,0.6931471805599453,3.0,0.0,3.0,3.0,3.0,1.4142135623730951,2,1.0,3.0,2,3.8744456686277657,0.0,0.0,0,0,2.75,9.0,1.4,0,0.0,0.46333373568515257,0,0,1,0,1,0,16.25,0.0,0
7.605392364814934,34.0,0,546.0,10.0,1.0,6896.0,934.0,83.0,0.6931471805599453,14.0,0.6931471805599453,0.0,2.0,1.0986122886681096,0.0,3.0,1.0,2.0,3.0,2.0,1.7320508075688772,0,1.0,3.0,2,3.802696182407467,0.0,1.6931471805599454,0,0,2.25,6.0,2.0,1,0.5906161091496412,0.35240586715160954,0,0,0,0,1,1,10.5,0.0,4
8.739536422559677,42.0,0,462.0,14.0,10.0,7824.0,936.0,68.0,1.791759469228055,17.0,2.079441541679836,1.3862943611198906,3.0,0.0,1.6094379124341005,3.0,0.0,1.0,2.0,3.0,2.449489742783178,2,2.0,2.0,2,0.7945033111417888,0.0,0.0,1,0,2.6999999999999997,6.0,2.4,0,0.0,0.39986922713248146,1,0,0,0,0,0,-2.6000000000000005,0.0,0
7.937374696163295,33.0,1,1198.0,1.0,6.0,3339.0,939.0,100.0,1.3862943611198906,11.0,1.3862943611198906,1.0986122886681096,3.0,0.0,1.0986122886681096,3.0,0.0,2.0,2.0,1.0,1.0,2,1.0,4.0,2,1.1339106708804707,0.1,0.0,0,0,2.15,2.0,3.1,0,0.0,0.5253409908227669,0,0,0,0,0,0,12.950000000000001,1.0,0
9.26416545867109,58.0,1,1272.0,5.0,24.0,9255.0,940.0,37.0,1.9459101490553128,13.0,1.0986122886681096,1.6094379124341005,3.0,0.6931471805599453,0.0,3.0,0.0,4.0,2.0,2.0,1.7320508075688772,0,3.0,3.0,2,0.3705666183468436,0.5,0.0,0,0,2.8000000000000003,4.0,3.5,0,0.0,0.49785384188892745,0,0,0,0,0,0,-21.599999999999994,5.0,4
7.753623546559746,31.0,0,154.0,7.0,13.0,11737.0,941.0,41.0,2.079441541679836,15.0,1.3862943611198906,1.0986122886681096,2.0,0.0,2.079441541679836,4.0,2.23606797749979,2.0,2.0,3.0,1.4142135623730951,1,1.0,4.0,2,0.5538302533256961,0.0,6.885840619932866,0,0,2.8499999999999996,6.0,0.7,0,0.7261277563593606,0.19480250294885937,0,0,0,0,0,0,10.350000000000003,0.0,2
8.297792626380861,35.0,1,1137.0,21.0,10.0,19170.0,942.0,51.0,2.3978952727983707,25.0,0.6931471805599453,2.079441541679836,4.0,0.6931471805599453,1.9459101490553128,1.0,0.0,4.0,3.0,4.0,1.4142135623730951,1,2.0,1.0,2,0.7543447842164419,2.1,0.0,0,0,3.25,12.0,7.1,0,0.0,0.5322630450640632,0,0,0,0,0,0,3.75,21.0,2
8.909775673693389,49.0,0,527.0,8.0,29.0,22477.0,944.0,51.0,3.295836866004329,11.0,1.6094379124341005,2.079441541679836,1.0,0.6931471805599453,2.302585092994046,2.0,1.0,3.0,3.0,2.0,1.7320508075688772,1,3.0,2.0,2,0.2969925224564463,0.0,4.295836866004329,1,0,1.9,6.0,2.8,0,0.23278351371152656,0.5138997615172416,0,0,0,0,0,0,-18.900000000000002,0.0,2
7.723120092266331,48.0,0,1469.0,20.0,13.0,5543.0,945.0,51.0,0.0,17.0,1.6094379124341005,0.0,4.0,1.0986122886681096,0.0,2.0,0.0,1.0,3.0,3.0,1.4142135623730951,1,1.0,4.0,2,0.5516514351618808,0.0,0.0,1,0,2.6999999999999997,9.0,4.0,1,0.0,0.4007950712600038,0,0,0,0,1,0,-10.400000000000002,0.0,2
8.84404789894249,31.0,0,1188.0,20.0,9.0,24406.0,947.0,45.0,2.302585092994046,13.0,0.6931471805599453,0.0,4.0,0.6931471805599453,2.19722457733622,2.0,0.0,4.0,3.0,3.0,1.4142135623730951,1,2.0,2.0,0,0.884404789894249,0.0,0.0,0,0,3.15,9.0,4.0,0,0.0,0.6239373190736079,0,0,0,0,0,0,7.65,0.0,0
8.450839690866216,36.0,0,188.0,7.0,8.0,23293.0,949.0,65.0,1.9459101490553128,18.0,1.0986122886681096,0.6931471805599453,2.0,0.0,1.0986122886681096,3.0,0.0,3.0,3.0,4.0,2.449489742783178,2,1.0,4.0,2,0.938982187874024,0.0,0.0,0,0,3.0999999999999996,12.0,1.7,0,0.0,0.4682277078176105,0,0,0,0,0,0,3.6000000000000014,0.0,0
9.51657428982249,38.0,0,1333.0,1.0,15.0,16292.0,950.0,80.0,2.772588722239781,13.0,0.6931471805599453,2.4849066497880004,4.0,0.6931471805599453,2.5649493574615367,3.0,2.23606797749979,2.0,3.0,1.0,1.7320508075688772,1,3.0,3.0,2,0.5947858931139056,0.0,8.435764834077224,0,0,2.4,3.0,1.1,0,0.5927144839080787,0.7567379919104961,0,0,0,0,0,0,3.2,0.0,2
7.75491027202143,32.0,0,1184.0,1.0,5.0,3974.0,951.0,70.0,1.3862943611198906,20.0,1.9459101490553128,1.0986122886681096,3.0,0.0,0.0,3.0,0.0,3.0,2.0,2.0,1.7320508075688772,1,1.0,3.0,0,1.292485045336905,0.0,0.0,1,0,2.6500000000000004,4.0,1.1,0,0.0,0.40489247609832435,0,0,0,0,0,0,10.799999999999997,0.0,0
7.789040401657477,25.0,1,867.0,19.0,1.0,18798.0,952.0,36.0,0.6931471805599453,18.0,0.6931471805599453,0.0,3.0,1.3862943611198906,0.0,3.0,0.0,3.0,2.0,2.0,1.4142135623730951,1,1.0,2.0,2,3.8945202008287385,1.9,0.0,0,0,2.6500000000000004,4.0,4.9,0,0.0,0.37875316830794614,0,0,0,0,1,0,20.249999999999993,19.0,2
9.18049952996516,40.0,0,658.0,10.0,11.0,20652.0,954.0,67.0,0.6931471805599453,12.0,1.0986122886681096,0.0,1.0,0.6931471805599453,0.0,2.0,0.0,2.0,2.0,2.0,1.4142135623730951,0,3.0,4.0,2,0.7650416274970967,0.0,0.0,0,0,1.75,4.0,3.0,1,0.0,0.6016480492543695,0,0,0,0,1,0,0.0,0.0,4
8.365206834418355,26.0,0,1283.0,1.0,7.0,11148.0,956.0,52.0,2.079441541679836,12.0,0.6931471805599453,2.079441541679836,3.0,0.0,2.079441541679836,3.0,0.0,2.0,2.0,1.0,1.4142135623730951,2,2.0,3.0,1,1.0456508543022944,0.0,0.0,0,0,2.15,2.0,1.1,0,0.0,0.4877812704482983,0,0,1,0,0,0,25.900000000000002,0.0,0
8.459987717645458,41.0,1,263.0,6.0,20.0,3119.0,957.0,59.0,2.9444389791664403,13.0,1.0986122886681096,2.8903717578961645,4.0,0.0,2.639057329615259,3.0,1.4142135623730951,3.0,3.0,1.0,1.7320508075688772,2,1.0,3.0,2,0.40285655798311704,0.6,5.578279100290266,0,0,2.55,3.0,3.6,0,0.3585335125838236,0.2585722782834504,0,0,0,0,0,0,-1.4500000000000002,6.0,0
7.832014180505469,36.0,0,938.0,2.0,16.0,12287.0,958.0,79.0,2.4849066497880004,21.0,1.6094379124341005,2.302585092994046,3.0,0.0,2.19722457733622,3.0,1.7320508075688772,3.0,3.0,3.0,2.449489742783178,2,1.0,4.0,2,0.46070671650032174,0.0,6.036035377067456,1,0,3.0,9.0,1.2,0,0.49701497963345564,0.48371695126010944,0,0,0,0,0,0,4.0,0.0,0
7.660114319173928,19.0,1,419.0,21.0,1.0,9947.0,959.0,37.0,0.6931471805599453,13.0,0.6931471805599453,0.0,4.0,0.0,0.0,4.0,0.0,2.0,2.0,2.0,1.7320508075688772,2,1.0,3.0,2,3.830057159586964,2.1,0.0,0,0,3.0,4.0,4.1,1,0.0,0.20116997844988263,0,0,1,0,1,0,21.0,21.0,0
7.9976631270201,20.0,0,129.0,4.0,1.0,13008.0,960.0,84.0,0.6931471805599453,19.0,0.6931471805599453,0.0,1.0,0.0,0.0,3.0,0.0,2.0,3.0,1.0,1.4142135623730951,2,1.0,3.0,2,3.99883156351005,0.0,0.0,0,0,1.6500000000000001,3.0,1.4,1,0.0,0.379628829615058,0,0,1,0,1,0,46.99999999999999,0.0,0
8.675222055641148,31.0,1,616.0,12.0,10.0,17369.0,961.0,41.0,2.302585092994046,11.0,0.0,1.791759469228055,4.0,1.0986122886681096,2.079441541679836,1.0,2.8284271247461903,3.0,3.0,4.0,1.4142135623730951,1,2.0,3.0,2,0.7886565505128317,1.2,9.341121258806778,0,0,3.0999999999999996,12.0,6.2,0,0.8564282357921034,0.42076019800524067,0,0,0,0,0,0,8.100000000000003,12.0,2
8.193676665955241,40.0,1,1469.0,9.0,3.0,25063.0,964.0,35.0,0.6931471805599453,14.0,2.19722457733622,0.0,4.0,0.6931471805599453,0.6931471805599453,3.0,0.0,4.0,3.0,2.0,1.4142135623730951,0,1.0,4.0,1,2.0484191664888103,0.9,0.0,1,0,3.0500000000000003,6.0,3.9,0,0.0,0.5838880624077019,0,0,0,0,1,0,0.0,9.0,2
8.813735892300215,32.0,0,498.0,3.0,8.0,13554.0,966.0,93.0,2.19722457733622,12.0,0.6931471805599453,1.3862943611198906,3.0,0.6931471805599453,2.079441541679836,4.0,2.449489742783178,3.0,3.0,1.0,1.4142135623730951,1,2.0,4.0,2,0.9793039880333573,0.0,7.831568807559353,0,0,2.55,3.0,0.3,0,0.7661300241924137,0.5600999327321607,0,0,0,0,0,0,11.600000000000001,0.0,2
9.242420265439597,36.0,1,530.0,3.0,16.0,5518.0,967.0,51.0,2.833213344056216,11.0,0.6931471805599453,2.079441541679836,3.0,0.6931471805599453,2.079441541679836,3.0,1.7320508075688772,1.0,2.0,4.0,2.449489742783178,1,3.0,1.0,2,0.5436717803199763,0.3,6.639320268156365,0,0,3.05,8.0,3.3,0,0.4518534848196218,0.37550998399058977,1,0,0,0,0,0,3.8000000000000007,3.0,2
8.846496938558838,33.0,0,1069.0,1.0,6.0,12291.0,969.0,42.0,1.791759469228055,14.0,0.0,1.6094379124341005,2.0,0.0,0.0,3.0,1.0,1.0,2.0,4.0,1.7320508075688772,2,2.0,3.0,2,1.2637852769369768,0.0,2.791759469228055,0,0,2.8,8.0,1.1,0,0.3581970477838151,0.4705457902653374,0,0,0,0,0,0,8.400000000000002,0.0,0
9.26955223160803,37.0,0,625.0,1.0,17.0,14922.0,970.0,46.0,2.70805020110221,11.0,1.791759469228055,2.079441541679836,1.0,0.0,0.6931471805599453,1.0,3.3166247903554,3.0,2.0,3.0,1.4142135623730951,1,3.0,4.0,2,0.5149751239782239,0.0,12.298211220857915,1,0,1.9999999999999998,6.0,3.1,0,0.8944390206393484,0.47160607538319504,0,0,0,0,0,0,6.0,0.0,2
8.400209835930418,45.0,0,805.0,4.0,9.0,23163.0,972.0,57.0,2.302585092994046,12.0,0.6931471805599453,2.19722457733622,3.0,0.0,2.079441541679836,2.0,0.0,2.0,3.0,2.0,2.23606797749979,1,2.0,2.0,0,0.8400209835930419,0.0,0.0,0,0,2.25,6.0,2.4,0,0.0,0.5440009476255753,0,0,0,0,0,0,-8.75,0.0,0
7.67693714581808,29.0,0,1404.0,20.0,3.0,18203.0,974.0,84.0,1.3862943611198906,15.0,0.6931471805599453,1.0986122886681096,3.0,0.6931471805599453,0.6931471805599453,3.0,0.0,2.0,3.0,4.0,2.23606797749979,1,1.0,3.0,1,1.91923428645452,0.0,0.0,0,0,3.1999999999999997,12.0,3.0,0,0.0,0.6297560787311582,0,0,1,0,0,0,8.800000000000002,0.0,1
8.434246270595311,35.0,0,1219.0,18.0,5.0,6179.0,975.0,86.0,1.791759469228055,16.0,0.6931471805599453,0.0,3.0,0.0,1.0986122886681096,3.0,1.0,2.0,3.0,3.0,1.7320508075688772,1,2.0,3.0,2,1.4057077117658852,0.0,2.791759469228055,0,0,2.8499999999999996,9.0,2.8,1,0.3581970477838151,0.5543755405357528,0,0,0,0,0,0,5.750000000000002,0.0,2
9.746833742490752,52.0,0,1053.0,1.0,26.0,13829.0,976.0,70.0,2.302585092994046,15.0,1.0986122886681096,2.19722457733622,4.0,0.6931471805599453,2.19722457733622,2.0,2.6457513110645907,2.0,3.0,4.0,1.4142135623730951,1,4.0,2.0,2,0.3609938423144723,0.0,8.73781883969137,0,0,3.1999999999999997,12.0,2.1,0,0.8011152586733246,0.6678656126045356,0,0,0,0,0,0,-9.600000000000003,0.0,2
7.8160138391590275,58.0,0,289.0,2.0,7.0,26227.0,977.0,51.0,0.6931471805599453,24.0,1.6094379124341005,0.0,4.0,0.0,0.0,3.0,0.0,1.0,3.0,3.0,2.0,2,1.0,3.0,2,0.9770017298948784,0.0,0.0,1,0,2.9499999999999997,9.0,1.2,1,0.0,0.4060009233354046,0,0,0,0,1,0,-18.900000000000006,0.0,0
9.605957144029531,53.0,0,1376.0,2.0,22.0,13938.0,981.0,45.0,2.8903717578961645,13.0,1.9459101490553128,1.0986122886681096,3.0,0.6931471805599453,2.639057329615259,4.0,3.605551275463989,3.0,3.0,3.0,1.7320508075688772,0,4.0,2.0,2,0.41765031060997965,0.0,14.026934853711598,1,0,3.25,9.0,0.2,0,0.9267883636431186,0.6242164437442035,0,0,0,0,0,0,-9.75,0.0,4
8.890823576004383,30.0,0,231.0,8.0,10.0,9977.0,982.0,62.0,2.19722457733622,11.0,1.791759469228055,2.079441541679836,3.0,0.6931471805599453,1.6094379124341005,4.0,2.6457513110645907,1.0,3.0,3.0,1.4142135623730951,0,3.0,2.0,2,0.8082566887276712,0.0,8.459061117255237,1,0,2.9499999999999997,9.0,0.8,0,0.8275150046759958,0.3729541414393944,1,0,0,0,0,1,10.500000000000004,0.0,4
8.64241515616962,38.0,1,152.0,10.0,6.0,19899.0,983.0,85.0,1.791759469228055,13.0,0.6931471805599453,1.3862943611198906,3.0,0.0,1.3862943611198906,3.0,1.0,2.0,3.0,4.0,1.0,2,2.0,3.0,0,1.23463073659566,1.0,2.791759469228055,0,0,3.1999999999999997,12.0,4.0,0,0.3581970477838151,0.51717652883924,0,0,0,0,0,0,1.6000000000000005,10.0,0
8.964951211714654,35.0,0,882.0,3.0,12.0,6812.0,984.0,92.0,2.3978952727983707,13.0,1.9459101490553128,2.19722457733622,4.0,0.6931471805599453,2.302585092994046,3.0,0.0,2.0,3.0,4.0,1.4142135623730951,0,3.0,4.0,2,0.689611631670358,0.0,0.0,1,0,3.4499999999999997,12.0,1.3,0,0.0,0.5718031947311866,0,0,0,0,0,0,2.7500000000000013,0.0,4
8.97221007835365,39.0,0,903.0,2.0,9.0,2560.0,985.0,41.0,2.19722457733622,18.0,0.0,2.079441541679836,1.0,0.0,2.079441541679836,3.0,0.0,4.0,4.0,3.0,1.7320508075688772,2,3.0,5.0,2,0.897221007835365,0.0,0.0,0,0,2.65,12.0,1.2,0,0.0,0.351419440922514,1,0,0,0,0,0,1.35,0.0,0
9.487593248937424,40.0,1,1479.0,24.0,22.0,17071.0,986.0,100.0,0.6931471805599453,16.0,1.6094379124341005,0.0,2.0,0.0,0.0,2.0,0.0,4.0,4.0,2.0,1.4142135623730951,2,4.0,3.0,0,0.4125040543016271,2.4,0.0,1,0,2.3,8.0,6.4,0,0.0,0.8593858461996955,0,0,0,1,1,0,0.0,24.0,0
8.53070154144103,47.0,1,1379.0,16.0,20.0,6759.0,987.0,64.0,2.995732273553991,19.0,0.6931471805599453,2.079441541679836,3.0,0.0,2.3978952727983707,4.0,1.4142135623730951,3.0,4.0,3.0,1.7320508075688772,0,2.0,4.0,1,0.4062238829257633,1.6,5.650818772871936,0,0,3.25,12.0,3.6,0,0.3539310107769627,0.5193378978173733,0,0,0,0,0,0,-5.25,16.0,2
8.533066540572527,36.0,0,1229.0,8.0,12.0,25952.0,990.0,84.0,2.079441541679836,13.0,1.6094379124341005,2.079441541679836,1.0,1.0986122886681096,2.079441541679836,3.0,0.0,4.0,3.0,4.0,1.7320508075688772,0,2.0,4.0,0,0.6563897338901944,0.0,0.0,1,0,3.0,12.0,1.8,0,0.0,0.7568079559354112,0,0,0,0,0,0,4.0,0.0,0
7.7501841622578365,31.0,1,335.0,9.0,4.0,10322.0,991.0,46.0,1.3862943611198906,22.0,0.0,1.0986122886681096,3.0,0.0,1.0986122886681096,3.0,1.0,1.0,2.0,1.0,0.0,2,1.0,2.0,0,1.5500368324515672,0.9,2.386294361119891,0,1,2.0,2.0,3.9,0,0.41905978419640516,0.23052277527514653,0,0,0,0,0,0,18.0,9.0,0
9.766808353620874,33.0,0,722.0,17.0,10.0,20489.0,992.0,38.0,2.3978952727983707,11.0,0.6931471805599453,0.0,4.0,0.0,2.19722457733622,3.0,2.449489742783178,4.0,3.0,3.0,1.4142135623730951,2,4.0,3.0,0,0.8878916685109886,0.0,8.323109617771056,0,0,3.4,9.0,2.7,0,0.7208844140643205,0.5630799861015272,0,0,0,0,0,0,4.200000000000001,0.0,0
7.785305182539862,29.0,1,906.0,10.0,3.0,11479.0,994.0,92.0,0.0,20.0,1.9459101490553128,0.0,4.0,0.0,0.0,3.0,0.0,3.0,2.0,1.0,2.23606797749979,2,1.0,3.0,2,1.9463262956349654,1.0,0.0,1,0,2.55,2.0,4.0,0,0.0,0.5119116481814305,0,0,1,0,1,0,15.950000000000003,10.0,0
8.146998697389993,33.0,0,461.0,13.0,5.0,17241.0,995.0,53.0,1.3862943611198906,18.0,1.3862943611198906,1.0986122886681096,2.0,0.0,1.0986122886681096,3.0,0.0,1.0,3.0,4.0,2.0,2,1.0,1.0,2,1.3578331162316655,0.0,0.0,0,0,2.8,12.0,2.3,0,0.0,0.3848752884678661,0,0,0,0,0,0,8.400000000000002,0.0,0
7.7279755421055585,45.0,0,974.0,1.0,8.0,11005.0,996.0,91.0,1.791759469228055,14.0,1.3862943611198906,1.0986122886681096,4.0,1.0986122886681096,1.3862943611198906,3.0,0.0,4.0,3.0,4.0,1.4142135623730951,0,1.0,4.0,2,0.8586639491228398,0.0,0.0,0,0,3.75,12.0,1.1,0,0.0,0.5103549051414265,0,0,0,0,0,0,-1.25,0.0,4
9.76422548520262,50.0,0,1126.0,1.0,32.0,6615.0,997.0,66.0,1.791759469228055,22.0,2.302585092994046,1.3862943611198906,4.0,0.6931471805599453,1.6094379124341005,2.0,1.0,3.0,3.0,4.0,1.0,0,4.0,2.0,2,0.2958856207637157,0.0,2.791759469228055,1,0,3.3499999999999996,12.0,2.1,0,0.3581970477838151,0.5958654308571786,0,0,0,0,0,0,-6.5000000000000036,0.0,4
8.610501368549889,33.0,1,827.0,1.0,6.0,20161.0,998.0,84.0,1.9459101490553128,13.0,0.6931471805599453,1.0986122886681096,3.0,0.6931471805599453,1.791759469228055,3.0,1.0,1.0,4.0,2.0,1.4142135623730951,1,2.0,4.0,1,1.2300716240785554,0.1,2.9459101490553126,0,0,2.35,8.0,3.1,0,0.3394536660667256,0.6340257605258824,0,0,0,0,0,0,11.549999999999999,1.0,1
7.941651252930556,27.0,0,1134.0,16.0,4.0,12086.0,1001.0,37.0,1.0986122886681096,14.0,2.302585092994046,1.0986122886681096,3.0,0.6931471805599453,1.0986122886681096,3.0,1.4142135623730951,2.0,3.0,2.0,1.4142135623730951,1,1.0,4.0,2,1.5883302505861112,0.0,2.9678859607972816,1,0,2.5,6.0,2.6,0,0.6738803398843289,0.3770940629008136,0,0,1,0,0,0,19.5,0.0,2
8.198089248956116,45.0,1,248.0,23.0,9.0,14039.0,1002.0,42.0,2.302585092994046,15.0,0.6931471805599453,2.19722457733622,4.0,0.6931471805599453,2.19722457733622,3.0,0.0,3.0,3.0,1.0,1.4142135623730951,1,2.0,2.0,0,0.8198089248956115,2.3,0.0,0,0,2.55,3.0,5.3,0,0.0,0.2801389509749862,1,0,0,0,0,0,-7.250000000000001,23.0,0
8.33423142973486,47.0,1,955.0,4.0,9.0,8571.0,1003.0,83.0,2.302585092994046,17.0,0.6931471805599453,2.079441541679836,4.0,0.0,0.0,3.0,0.0,3.0,3.0,4.0,0.0,2,2.0,2.0,2,0.833423142973486,0.4,0.0,0,1,3.5999999999999996,12.0,3.4,0,0.0,0.5110144803667249,0,0,0,0,0,0,-2.8000000000000025,4.0,0
7.665284718471351,30.0,1,138.0,22.0,7.0,11539.0,1004.0,48.0,1.791759469228055,11.0,1.6094379124341005,0.6931471805599453,1.0,0.0,1.0986122886681096,3.0,0.0,2.0,3.0,3.0,1.4142135623730951,1,1.0,3.0,2,0.9581605898089188,2.2,0.0,1,0,2.3499999999999996,9.0,5.2,1,0.0,0.20663675681917676,0,0,1,1,0,0,16.500000000000004,22.0,2
9.544953739112396,50.0,1,939.0,24.0,22.0,4161.0,1005.0,95.0,2.5649493574615367,18.0,1.3862943611198906,1.791759469228055,4.0,0.6931471805599453,2.4849066497880004,3.0,1.0,4.0,3.0,3.0,1.4142135623730951,1,4.0,3.0,2,0.41499798865706067,2.4,3.5649493574615367,0,0,3.4,9.0,5.4,0,0.28050889359956055,0.6206996751412679,0,0,0,0,0,0,-6.000000000000001,24.0,2
7.895436006942965,38.0,0,1391.0,10.0,3.0,12127.0,1006.0,66.0,1.0986122886681096,17.0,0.0,1.0986122886681096,3.0,0.6931471805599453,0.6931471805599453,2.0,0.0,2.0,3.0,3.0,0.0,1,1.0,1.0,1,1.9738590017357414,0.0,0.0,0,0,2.5999999999999996,9.0,3.0,0,0.0,0.5227184436327948,0,0,0,0,0,0,2.8000000000000007,0.0,1
9.291551627401006,46.0,0,566.0,7.0,13.0,24208.0,1007.0,75.0,2.19722457733622,13.0,1.9459101490553128,2.079441541679836,4.0,0.6931471805599453,2.079441541679836,3.0,0.0,2.0,3.0,3.0,1.7320508075688772,0,3.0,2.0,2,0.6636822591000718,0.0,0.0,1,0,3.0999999999999996,9.0,1.7,0,0.0,0.6599040774718331,0,0,0,0,0,0,-5.400000000000002,0.0,4
8.384347278082808,24.0,0,1206.0,17.0,5.0,24117.0,1009.0,41.0,1.6094379124341005,15.0,0.6931471805599453,1.0986122886681096,4.0,1.0986122886681096,1.0986122886681096,3.0,1.7320508075688772,2.0,2.0,3.0,2.449489742783178,0,2.0,1.0,2,1.3973912130138013,0.0,4.519679043532329,0,0,3.0999999999999996,6.0,2.7,0,0.6637639467548048,0.5667023296666849,0,0,0,0,0,1,14.400000000000006,0.0,4
8.227909837597483,35.0,1,622.0,14.0,5.0,10074.0,1010.0,39.0,1.6094379124341005,24.0,0.6931471805599453,1.0986122886681096,3.0,0.6931471805599453,1.0986122886681096,1.0,0.0,4.0,2.0,2.0,1.4142135623730951,0,1.0,4.0,2,1.3713183062662473,1.4,0.0,0,0,2.3,4.0,6.4,0,0.0,0.29935942498531876,0,0,0,0,0,0,8.5,14.0,4
8.330622620332868,31.0,0,853.0,1.0,4.0,11275.0,1011.0,96.0,1.6094379124341005,12.0,0.6931471805599453,1.3862943611198906,3.0,0.6931471805599453,1.3862943611198906,3.0,0.0,3.0,3.0,1.0,1.0,1,2.0,1.0,1,1.6661245240665736,0.0,0.0,0,0,2.3,3.0,1.1,0,0.0,0.5659931154834897,0,0,0,0,0,0,15.3,0.0,1
7.228649665640015,18.0,0,287.0,5.0,1.0,13493.0,1012.0,73.0,0.0,15.0,0.6931471805599453,0.0,2.0,0.0,0.0,3.0,0.0,4.0,3.0,4.0,1.4142135623730951,2,1.0,2.0,0,3.6143248328200075,0.0,0.0,0,0,3.25,12.0,1.5,0,0.0,0.30110289998815215,0,0,0,0,1,0,16.5,0.0,0
9.281730368062856,54.0,0,1441.0,17.0,22.0,13943.0,1013.0,56.0,2.3978952727983707,11.0,2.19722457733622,2.19722457733622,3.0,0.6931471805599453,2.079441541679836,3.0,0.0,3.0,3.0,3.0,1.4142135623730951,1,3.0,3.0,2,0.40355349426360243,0.0,0.0,1,0,3.0,9.0,2.7,0,0.0,0.6446664885703862,0,0,0,0,0,0,-14.0,0.0,2
9.248502833070532,35.0,1,583.0,25.0,16.0,6975.0,1014.0,57.0,2.833213344056216,11.0,0.6931471805599453,0.6931471805599453,3.0,0.6931471805599453,2.3978952727983707,2.0,3.1622776601683795,3.0,3.0,3.0,1.7320508075688772,0,3.0,4.0,2,0.5440295784159136,2.5,12.121684924568301,0,0,2.75,9.0,6.5,0,0.8249678210767502,0.4216212657377066,0,0,0,0,0,0,6.25,25.0,4
9.342858751676328,30.0,1,153.0,8.0,9.0,17802.0,1015.0,73.0,2.19722457733622,12.0,0.0,2.079441541679836,2.0,1.3862943611198906,2.079441541679836,2.0,1.0,3.0,4.0,1.0,2.0,1,3.0,2.0,2,0.9342858751676328,0.8,3.19722457733622,0,0,1.8,4.0,4.8,0,0.3127712726495909,0.5193777849886403,0,0,0,0,0,0,22.0,8.0,2
7.8636512654486515,20.0,1,1097.0,11.0,1.0,18275.0,1016.0,98.0,0.6931471805599453,15.0,0.6931471805599453,0.0,4.0,0.0,0.0,3.0,0.0,1.0,2.0,1.0,1.4142135623730951,2,1.0,3.0,2,3.9318256327243257,1.1,0.0,0,0,2.25,2.0,4.1,1,0.0,0.6431141844968435,0,0,1,0,1,0,35.0,11.0,0
7.792761720816526,30.0,0,109.0,5.0,4.0,25725.0,1017.0,60.0,1.3862943611198906,17.0,0.0,1.0986122886681096,2.0,0.0,1.0986122886681096,3.0,1.0,1.0,3.0,2.0,1.7320508075688772,2,1.0,3.0,1,1.5585523441633051,0.0,2.386294361119891,0,0,2.1,6.0,1.5,0,0.41905978419640516,0.3987041374718746,0,0,1,0,0,0,19.0,0.0,0
8.607582191143917,26.0,0,1066.0,2.0,8.0,3334.0,1018.0,32.0,2.19722457733622,12.0,0.6931471805599453,1.3862943611198906,4.0,0.0,2.079441541679836,3.0,1.0,2.0,4.0,4.0,1.4142135623730951,1,2.0,2.0,2,0.956398021238213,0.0,3.19722457733622,0,0,3.4499999999999997,16.0,1.2,0,0.3127712726495909,0.32189506330217904,1,0,0,0,0,0,7.700000000000004,0.0,2
7.804659297056102,22.0,0,217.0,8.0,4.0,6881.0,1019.0,94.0,1.6094379124341005,15.0,0.6931471805599453,0.6931471805599453,2.0,0.6931471805599453,1.3862943611198906,2.0,1.0,1.0,1.0,1.0,1.7320508075688772,1,1.0,1.0,2,1.5609318594112205,0.0,2.6094379124341005,0,0,1.5,1.0,2.8,1,0.383224293337255,0.3514208974424999,0,0,0,0,0,0,45.0,0.0,2
8.352554369474591,48.0,0,277.0,6.0,19.0,13119.0,1022.0,97.0,1.0986122886681096,13.0,1.0986122886681096,1.0986122886681096,1.0,0.0,1.0986122886681096,3.0,1.4142135623730951,4.0,2.0,3.0,0.0,2,2.0,3.0,2,0.41762771847372954,0.0,2.9678859607972816,0,1,2.65,6.0,1.6,0,0.6738803398843289,0.48706119055031205,0,0,0,0,0,0,-10.8,0.0,0
9.305650551780507,48.0,0,1355.0,4.0,27.0,22245.0,1024.0,78.0,2.772588722239781,14.0,2.079441541679836,2.19722457733622,3.0,0.0,2.4849066497880004,3.0,2.0,2.0,2.0,3.0,1.7320508075688772,2,3.0,4.0,2,0.3323446625635896,0.0,7.545177444479562,1,0,2.8499999999999996,6.0,1.4,0,0.5301399509068676,0.7934359682953501,0,0,0,0,0,0,-9.200000000000003,0.0,0
8.517992871586802,41.0,0,549.0,7.0,8.0,23371.0,1025.0,42.0,1.0986122886681096,14.0,1.9459101490553128,0.6931471805599453,4.0,0.0,1.0986122886681096,3.0,1.4142135623730951,2.0,3.0,3.0,2.449489742783178,2,2.0,2.0,2,0.9464436523985336,0.0,2.9678859607972816,1,0,3.0999999999999996,9.0,1.7,1,0.6738803398843289,0.4577913565489611,0,0,0,0,0,0,-0.9000000000000004,0.0,0
9.452737380212278,39.0,0,466.0,1.0,21.0,7060.0,1026.0,65.0,3.091042453358316,16.0,0.6931471805599453,2.19722457733622,4.0,0.6931471805599453,1.9459101490553128,3.0,3.3166247903554,3.0,2.0,4.0,1.7320508075688772,1,4.0,1.0,2,0.4296698809187399,0.0,13.568452819204566,0,0,3.5999999999999996,8.0,1.1,0,0.8107040755914912,0.4493318423562545,0,0,0,0,0,0,0.40000000000000036,0.0,2
8.349484346990128,27.0,0,1055.0,2.0,4.0,4658.0,1027.0,47.0,1.3862943611198906,18.0,0.0,1.0986122886681096,1.0,0.6931471805599453,1.0986122886681096,3.0,1.4142135623730951,2.0,3.0,4.0,1.4142135623730951,1,2.0,4.0,2,1.6698968693980256,0.0,3.37472984931019,0,0,2.6999999999999997,12.0,1.2,0,0.5926400302556987,0.3624949657094393,1,0,1,0,0,0,16.900000000000002,0.0,2
8.273336598504486,35.0,0,802.0,10.0,3.0,9541.0,1028.0,45.0,1.3862943611198906,20.0,0.6931471805599453,1.0986122886681096,2.0,0.6931471805599453,1.0986122886681096,2.0,1.0,1.0,3.0,4.0,2.0,0,1.0,3.0,2,2.0683341496261214,0.0,2.386294361119891,0,0,2.55,12.0,3.0,0,0.41905978419640516,0.3519253533462059,0,0,0,0,0,0,7.250000000000001,0.0,4
9.814874894179525,42.0,0,265.0,5.0,21.0,7770.0,1029.0,90.0,0.6931471805599453,13.0,1.9459101490553128,0.0,4.0,0.0,0.0,4.0,0.0,2.0,3.0,3.0,1.7320508075688772,1,5.0,2.0,2,0.4461306770081602,0.0,0.0,1,0,3.3499999999999996,9.0,0.5,1,0.0,0.5438609908749142,0,0,0,0,1,0,-1.3000000000000007,0.0,2
7.7752758464868625,50.0,0,804.0,9.0,8.0,20165.0,1030.0,64.0,0.6931471805599453,18.0,1.6094379124341005,0.0,1.0,0.0,0.0,3.0,0.0,2.0,3.0,4.0,2.23606797749979,1,1.0,3.0,2,0.8639195384985403,0.0,0.0,1,0,2.6999999999999997,12.0,1.9,1,0.0,0.4799055612385671,0,0,0,0,1,0,-13.000000000000004,0.0,2
9.52711997525166,59.0,1,715.0,2.0,30.0,21829.0,1032.0,69.0,1.791759469228055,13.0,1.3862943611198906,1.3862943611198906,3.0,0.0,1.3862943611198906,3.0,2.0,1.0,2.0,4.0,2.0,2,4.0,3.0,2,0.30732645081456966,0.2,5.58351893845611,0,0,3.05,8.0,3.2,0,0.7163940955676302,0.6634319712989202,0,0,0,0,0,0,-18.050000000000004,2.0,0
8.471777327885755,37.0,0,1141.0,11.0,15.0,14382.0,1033.0,61.0,0.6931471805599453,15.0,1.791759469228055,0.0,1.0,0.0,0.0,1.0,0.0,1.0,1.0,2.0,1.4142135623730951,1,2.0,2.0,2,0.5294860829928597,0.0,0.0,1,0,1.3499999999999999,2.0,4.1,1,0.0,0.5370068672655166,0,0,0,0,1,0,7.950000000000001,0.0,2
8.761863373274727,55.0,1,135.0,18.0,17.0,12992.0,1034.0,62.0,2.19722457733622,14.0,1.3862943611198906,2.079441541679836,3.0,1.0986122886681096,2.079441541679836,3.0,2.449489742783178,4.0,3.0,2.0,1.7320508075688772,1,2.0,4.0,1,0.48677018740415146,1.8,7.831568807559353,0,0,2.8000000000000003,6.0,4.8,0,0.7661300241924137,0.3739010654035383,1,1,0,0,0,0,-17.999999999999996,18.0,1
9.884684885113384,41.0,0,247.0,7.0,21.0,20284.0,1035.0,55.0,3.091042453358316,22.0,0.6931471805599453,2.3978952727983707,2.0,1.0986122886681096,2.833213344056216,3.0,2.23606797749979,2.0,1.0,3.0,1.7320508075688772,0,5.0,1.0,0,0.4493038584142447,0.0,9.147849024546709,0,0,2.5999999999999996,3.0,1.7,0,0.5465765762621732,0.5478280319288354,0,0,0,0,0,0,-1.4000000000000004,0.0,0
8.833754223418396,38.0,1,1035.0,3.0,19.0,4981.0,1036.0,42.0,0.6931471805599453,12.0,2.19722457733622,0.0,2.0,0.0,0.0,3.0,0.0,3.0,3.0,4.0,1.0,2,2.0,4.0,2,0.44168771117091976,0.3,0.0,1,0,3.0999999999999996,12.0,3.3,0,0.0,0.38988307261168254,1,0,0,0,1,0,1.8000000000000007,3.0,0
8.511175119090675,26.0,0,265.0,29.0,7.0,21813.0,1037.0,79.0,1.0986122886681096,18.0,2.19722457733622,1.0986122886681096,2.0,0.0,1.0986122886681096,3.0,1.4142135623730951,4.0,1.0,1.0,2.449489742783178,2,2.0,2.0,0,1.0638968898863344,0.0,2.9678859607972816,1,0,2.2,1.0,3.9,0,0.6738803398843289,0.5228298685910417,0,0,0,0,0,0,25.199999999999996,0.0,0
9.884684885113384,52.0,0,266.0,2.0,33.0,25846.0,1038.0,57.0,3.4657359027997265,15.0,0.6931471805599453,2.302585092994046,1.0,0.6931471805599453,2.70805020110221,3.0,2.449489742783178,4.0,1.0,4.0,1.7320508075688772,1,5.0,1.0,2,0.29072602603274655,0.0,10.938774287886506,0,0,3.0,4.0,1.2,0,0.5485075239777405,0.6142031944520377,0,0,0,0,0,0,-12.0,0.0,2
9.497097016351464,44.0,1,1448.0,28.0,23.0,11737.0,1039.0,53.0,2.5649493574615367,18.0,1.3862943611198906,2.4849066497880004,4.0,0.6931471805599453,2.4849066497880004,3.0,3.3166247903554,3.0,4.0,4.0,1.4142135623730951,1,4.0,3.0,2,0.395712375681311,2.8,11.823599415318487,0,0,3.5999999999999996,16.0,5.8,0,0.9303427504274677,0.6333321807294015,0,0,0,0,0,0,-1.6000000000000014,28.0,2
8.7558950816463,50.0,0,145.0,1.0,19.0,24920.0,1040.0,95.0,2.9444389791664403,12.0,0.0,2.639057329615259,4.0,0.6931471805599453,2.079441541679836,3.0,0.0,1.0,3.0,3.0,1.7320508075688772,1,2.0,3.0,0,0.43779475408231494,0.0,0.0,0,0,2.9499999999999997,9.0,1.1,0,0.0,0.61272098327893,0,0,0,0,0,0,-10.500000000000004,0.0,0
7.917171988845776,36.0,0,885.0,16.0,18.0,8269.0,1042.0,43.0,2.8903717578961645,16.0,0.6931471805599453,2.70805020110221,3.0,0.0,2.639057329615259,3.0,3.605551275463989,3.0,4.0,1.0,1.0,2,1.0,4.0,2,0.4166932625708303,0.0,14.026934853711598,0,0,2.3,4.0,2.6,0,0.9267883636431186,0.31334314706945066,0,1,0,0,0,0,6.800000000000001,0.0,0
9.294773427951013,39.0,1,945.0,22.0,21.0,5083.0,1043.0,82.0,3.091042453358316,13.0,0.6931471805599453,2.19722457733622,4.0,0.0,1.9459101490553128,3.0,1.4142135623730951,3.0,3.0,1.0,1.4142135623730951,2,3.0,3.0,1,0.42248970127050056,2.2,5.785607721783431,0,0,2.55,3.0,5.2,0,0.34568537933703775,0.5610517164702644,0,0,0,0,0,0,1.4500000000000002,22.0,0
7.759187438507795,33.0,0,1038.0,8.0,3.0,21437.0,1044.0,88.0,1.0986122886681096,19.0,0.0,1.0986122886681096,2.0,0.0,1.0986122886681096,2.0,1.4142135623730951,4.0,2.0,4.0,1.4142135623730951,2,1.0,1.0,0,1.9397968596269488,0.0,2.9678859607972816,0,0,3.0,8.0,2.8,0,0.6738803398843289,0.6187494891674632,0,0,0,0,0,0,7.0,0.0,0
9.77854771798028,45.0,0,1234.0,11.0,26.0,5404.0,1045.0,90.0,2.302585092994046,13.0,1.3862943611198906,0.6931471805599453,4.0,0.6931471805599453,1.3862943611198906,4.0,1.0,2.0,3.0,4.0,2.0,1,4.0,2.0,2,0.3621684339992696,0.0,3.302585092994046,0,0,3.6999999999999997,12.0,1.1,1,0.30279310656411385,0.690098736453149,0,0,0,0,0,0,-1.5000000000000013,0.0,2
8.300528606199737,32.0,0,1109.0,29.0,10.0,11135.0,1046.0,69.0,2.19722457733622,12.0,2.302585092994046,2.079441541679836,4.0,0.0,2.079441541679836,3.0,2.6457513110645907,2.0,3.0,3.0,1.4142135623730951,2,1.0,4.0,0,0.7545935096545215,0.0,8.459061117255237,1,0,3.0999999999999996,9.0,3.9,0,0.8275150046759958,0.5111390521818281,0,0,0,0,0,0,7.200000000000003,0.0,0
9.182557990963732,34.0,0,216.0,1.0,16.0,12278.0,1047.0,75.0,2.772588722239781,11.0,0.0,2.302585092994046,2.0,0.6931471805599453,0.6931471805599453,2.0,0.0,4.0,4.0,4.0,1.4142135623730951,0,2.0,4.0,2,0.5401504700566901,0.0,0.0,0,0,3.0,16.0,2.1,0,0.0,0.46725573789299424,0,0,0,0,0,1,6.0,0.0,4
9.384713758920965,59.0,1,1089.0,1.0,14.0,11038.0,1048.0,66.0,1.9459101490553128,14.0,1.3862943611198906,1.6094379124341005,2.0,0.6931471805599453,1.6094379124341005,1.0,0.0,3.0,3.0,4.0,1.0,1,3.0,2.0,2,0.6256475839280643,0.1,0.0,0,0,2.5999999999999996,12.0,5.1,0,0.0,0.5979211754412972,0,0,0,0,0,0,-26.60000000000001,1.0,2
7.686162303492906,45.0,0,788.0,24.0,6.0,8318.0,1049.0,36.0,1.9459101490553128,16.0,0.6931471805599453,1.6094379124341005,2.0,0.0,1.3862943611198906,3.0,0.0,1.0,3.0,2.0,1.7320508075688772,2,1.0,4.0,2,1.0980231862132723,0.0,0.0,0,0,2.1,6.0,3.4,0,0.0,0.24973254433658498,0,0,0,0,0,0,-9.5,0.0,0
8.926118971153382,53.0,0,124.0,2.0,30.0,23537.0,1050.0,38.0,2.772588722239781,12.0,1.0986122886681096,2.5649493574615367,3.0,0.6931471805599453,2.079441541679836,3.0,2.449489742783178,1.0,2.0,2.0,1.4142135623730951,1,3.0,3.0,1,0.2879393216501091,0.0,9.24091737886584,0,0,2.35,4.0,1.2,0,0.6492861859929748,0.40753111476890613,0,0,0,0,0,0,-21.45,0.0,1
8.483636407887396,36.0,0,660.0,15.0,9.0,7858.0,1052.0,81.0,0.6931471805599453,14.0,2.079441541679836,0.0,1.0,0.6931471805599453,0.0,2.0,0.0,2.0,3.0,3.0,1.7320508075688772,0,2.0,3.0,2,0.8483636407887396,0.0,0.0,1,0,2.0999999999999996,9.0,3.5,1,0.0,0.45798551148023214,0,0,0,0,1,0,7.600000000000001,0.0,4
7.622174594817622,26.0,1,342.0,2.0,6.0,15346.0,1053.0,57.0,1.3862943611198906,14.0,1.9459101490553128,1.0986122886681096,1.0,0.6931471805599453,1.0986122886681096,3.0,1.0,2.0,3.0,1.0,1.4142135623730951,1,1.0,3.0,1,1.088882084973946,0.2,2.386294361119891,1,0,1.6500000000000001,3.0,3.2,0,0.41905978419640516,0.30944388056949534,0,0,1,0,0,0,32.89999999999999,2.0,1
7.7057128238944275,34.0,1,1333.0,10.0,1.0,18410.0,1055.0,87.0,0.6931471805599453,19.0,0.6931471805599453,0.0,3.0,0.6931471805599453,0.6931471805599453,3.0,0.0,4.0,3.0,3.0,1.4142135623730951,1,1.0,4.0,2,3.8528564119472137,1.0,0.0,0,0,3.15,9.0,4.0,0,0.0,0.6325509804313124,0,0,0,0,1,0,5.1000000000000005,10.0,2
7.228649665640015,28.0,0,1144.0,10.0,1.0,23384.0,1056.0,74.0,0.6931471805599453,22.0,0.6931471805599453,0.0,4.0,0.0,0.0,3.0,0.0,2.0,3.0,2.0,2.23606797749979,1,1.0,1.0,2,3.6143248328200075,0.0,0.0,0,0,2.75,6.0,2.0,1,0.0,0.5573259724513228,0,0,0,0,1,0,15.0,0.0,2
7.945201132412759,38.0,0,1186.0,3.0,8.0,2997.0,1060.0,44.0,1.0986122886681096,16.0,1.3862943611198906,1.0986122886681096,3.0,0.6931471805599453,1.0986122886681096,3.0,1.4142135623730951,1.0,3.0,3.0,1.4142135623730951,1,1.0,4.0,1,0.8828001258236399,0.0,2.9678859607972816,0,0,2.6999999999999997,9.0,1.3,0,0.6738803398843289,0.32049715173956334,0,0,0,0,0,0,2.6000000000000005,0.0,1
9.86464276871256,50.0,1,1464.0,2.0,29.0,12853.0,1061.0,62.0,2.19722457733622,11.0,1.0986122886681096,2.079441541679836,2.0,0.6931471805599453,0.6931471805599453,2.0,2.6457513110645907,4.0,3.0,3.0,1.4142135623730951,1,5.0,4.0,2,0.328821425623752,0.2,8.459061117255237,0,0,2.65,9.0,4.2,0,0.8275150046759958,0.7141362248188549,0,0,0,0,0,0,-13.5,2.0,2
8.32069157104845,37.0,0,124.0,3.0,8.0,13848.0,1062.0,35.0,1.6094379124341005,15.0,1.3862943611198906,0.6931471805599453,4.0,0.0,1.3862943611198906,2.0,0.0,1.0,3.0,2.0,1.7320508075688772,2,2.0,3.0,2,0.9245212856720499,0.0,0.0,0,0,2.35,6.0,2.3,1,0.0,0.24257123245715415,1,0,0,0,0,0,4.949999999999999,0.0,0
9.035629778183564,40.0,0,300.0,26.0,8.0,22217.0,1066.0,74.0,2.079441541679836,14.0,0.6931471805599453,1.791759469228055,3.0,0.6931471805599453,2.079441541679836,2.0,2.6457513110645907,2.0,3.0,1.0,1.7320508075688772,1,2.0,3.0,2,1.0039588642426183,0.0,8.147436496246192,0,0,1.9000000000000001,3.0,4.6,0,0.8591659478690193,0.5646559879509337,0,1,0,0,0,0,0.0,0.0,2
7.60489448081162,26.0,0,921.0,1.0,5.0,25265.0,1068.0,66.0,1.791759469228055,13.0,0.6931471805599453,1.3862943611198906,1.0,1.0986122886681096,1.3862943611198906,3.0,1.0,3.0,2.0,3.0,2.23606797749979,0,1.0,1.0,1,1.2674824134686034,0.0,2.791759469228055,0,0,2.5,6.0,1.1,0,0.3581970477838151,0.5431434913402299,0,0,0,0,0,1,21.0,0.0,2
9.884684885113384,46.0,0,430.0,1.0,23.0,21445.0,1069.0,40.0,1.0986122886681096,17.0,2.302585092994046,1.0986122886681096,4.0,1.0986122886681096,1.0986122886681096,3.0,1.4142135623730951,4.0,3.0,4.0,0.0,0,5.0,4.0,2,0.41186187021305765,0.0,2.9678859607972816,1,0,3.75,12.0,1.1,0,0.6738803398843289,0.5386596369609773,0,0,0,0,0,0,-1.5,0.0,4
9.276783328524896,54.0,0,1082.0,2.0,13.0,8392.0,1070.0,41.0,2.302585092994046,11.0,1.9459101490553128,0.0,3.0,0.6931471805599453,1.6094379124341005,3.0,2.6457513110645907,2.0,2.0,3.0,2.0,1,3.0,4.0,2,0.6626273806089211,0.0,8.73781883969137,1,0,2.8499999999999996,6.0,1.2,1,0.8011152586733246,0.4706628656968852,0,0,0,0,0,0,-16.100000000000005,0.0,2
7.987184748233473,56.0,0,1240.0,9.0,18.0,12154.0,1071.0,63.0,1.791759469228055,19.0,1.0986122886681096,1.3862943611198906,1.0,0.6931471805599453,1.6094379124341005,3.0,0.0,2.0,3.0,3.0,2.0,1,1.0,3.0,1,0.42037814464386697,0.0,0.0,0,0,2.3499999999999996,9.0,1.9,0,0.0,0.49388887135928994,0,0,0,0,0,0,-26.400000000000006,0.0,1
9.089189170412032,36.0,0,796.0,12.0,15.0,15669.0,1073.0,51.0,2.70805020110221,11.0,0.0,2.19722457733622,4.0,0.0,2.19722457733622,2.0,2.6457513110645907,2.0,2.0,4.0,1.4142135623730951,2,3.0,5.0,2,0.568074323150752,0.0,9.810578681059491,0,0,3.1999999999999997,8.0,3.2,0,0.7135155048003791,0.5105862813448507,0,0,0,0,0,0,3.200000000000001,0.0,0
9.726571360400724,55.0,0,444.0,2.0,31.0,17323.0,1074.0,40.0,2.302585092994046,15.0,2.079441541679836,1.0986122886681096,3.0,0.0,2.079441541679836,4.0,2.449489742783178,2.0,2.0,1.0,1.7320508075688772,2,4.0,1.0,0,0.30395535501252263,0.0,8.089648309957543,1,0,2.4,2.0,0.2,0,0.7416886087142506,0.484905295831223,0,0,0,0,0,0,-24.0,0.0,0
9.28720881623276,43.0,0,415.0,25.0,18.0,5268.0,1076.0,79.0,0.6931471805599453,13.0,1.791759469228055,0.0,3.0,0.6931471805599453,0.0,3.0,0.0,3.0,2.0,4.0,2.23606797749979,0,3.0,3.0,2,0.48880046401225047,0.0,0.0,1,0,3.3499999999999996,8.0,3.5,0,0.0,0.456636367759948,0,0,0,0,1,0,-1.950000000000001,0.0,4
7.751045117971802,20.0,1,769.0,9.0,2.0,17205.0,1077.0,54.0,1.0986122886681096,14.0,0.6931471805599453,1.0986122886681096,4.0,0.0,1.0986122886681096,3.0,0.0,2.0,3.0,4.0,1.7320508075688772,2,1.0,3.0,1,2.5836817059906005,0.9,0.0,0,0,3.4499999999999997,12.0,3.9,0,0.0,0.40593422128176004,0,0,1,0,0,0,11.000000000000005,9.0,0
7.256297239690681,21.0,0,1334.0,10.0,1.0,17258.0,1079.0,36.0,0.6931471805599453,13.0,0.6931471805599453,0.0,3.0,0.0,0.0,2.0,1.0,1.0,2.0,1.0,2.449489742783178,2,1.0,3.0,2,3.6281486198453403,0.0,1.6931471805599454,0,0,1.75,2.0,3.0,1,0.5906161091496412,0.39672177744515713,0,0,1,0,1,0,42.75,0.0,0
8.437283808187935,46.0,1,1003.0,8.0,19.0,21029.0,1080.0,74.0,2.833213344056216,23.0,2.19722457733622,2.079441541679836,4.0,1.3862943611198906,2.639057329615259,3.0,1.0,1.0,2.0,1.0,1.4142135623730951,0,2.0,4.0,2,0.42186419040939677,0.8,3.833213344056216,1,0,2.25,2.0,3.8,0,0.26087773109487916,0.622216500080743,0,0,0,0,0,0,-10.5,8.0,4
7.808729306744399,51.0,1,1323.0,4.0,18.0,10332.0,1081.0,34.0,2.3978952727983707,12.0,2.302585092994046,2.079441541679836,1.0,1.3862943611198906,0.0,4.0,1.4142135623730951,3.0,3.0,3.0,1.4142135623730951,1,1.0,4.0,2,0.4109857529865473,0.4,4.805349578314884,1,0,2.75,9.0,2.4,0,0.41620281051464114,0.37008403521454414,0,0,0,0,0,0,-13.75,4.0,2
9.07371849443322,28.0,0,1366.0,24.0,10.0,12355.0,1082.0,72.0,2.3978952727983707,12.0,0.6931471805599453,2.302585092994046,2.0,0.0,2.079441541679836,2.0,1.0,1.0,2.0,1.0,1.4142135623730951,2,3.0,2.0,0,0.824883499493929,0.0,3.3978952727983707,0,0,1.5,2.0,4.4,0,0.2942998296638024,0.6528679825292859,0,0,0,0,0,0,30.0,0.0,0
8.282988692742602,26.0,0,192.0,1.0,6.0,11141.0,1083.0,59.0,1.791759469228055,16.0,0.6931471805599453,1.3862943611198906,1.0,1.0986122886681096,1.3862943611198906,3.0,1.0,1.0,2.0,1.0,1.4142135623730951,1,1.0,2.0,2,1.183284098963229,0.0,2.791759469228055,0,0,1.5,2.0,1.1,0,0.3581970477838151,0.3097324000746011,0,0,0,0,0,0,35.0,0.0,2
9.206131527202128,30.0,0,1176.0,20.0,7.0,9096.0,1084.0,85.0,1.9459101490553128,15.0,0.0,1.0986122886681096,3.0,0.6931471805599453,1.0986122886681096,2.0,0.0,3.0,3.0,1.0,1.0,1,2.0,3.0,2,1.150766440900266,0.0,0.0,0,0,2.05,3.0,4.0,0,0.0,0.6450442187814083,0,0,1,0,0,0,19.5,0.0,2
8.124743020385568,41.0,0,509.0,7.0,10.0,18863.0,1085.0,43.0,2.3978952727983707,13.0,0.6931471805599453,2.19722457733622,2.0,0.0,1.9459101490553128,3.0,0.0,3.0,4.0,3.0,1.7320508075688772,1,1.0,2.0,2,0.7386130018532334,0.0,0.0,0,0,2.75,12.0,1.7,0,0.0,0.37193788788771204,0,0,0,0,0,0,-1.25,0.0,2
9.085230560933338,38.0,0,330.0,17.0,20.0,24608.0,1088.0,65.0,2.995732273553991,18.0,0.0,2.302585092994046,3.0,0.6931471805599453,2.302585092994046,2.0,1.0,1.0,2.0,3.0,2.0,1,3.0,1.0,2,0.43263002671111134,0.0,3.995732273553991,0,0,2.4499999999999997,6.0,3.7,0,0.25026701779259936,0.5665516689543098,0,0,0,0,0,0,3.1000000000000005,0.0,2
9.24212969446559,40.0,0,1492.0,20.0,14.0,26542.0,1092.0,61.0,2.4849066497880004,20.0,1.6094379124341005,0.6931471805599453,1.0,0.6931471805599453,2.3978952727983707,3.0,3.3166247903554,4.0,3.0,4.0,2.449489742783178,1,3.0,4.0,2,0.6161419796310393,0.0,11.558127786761265,1,0,3.0,12.0,3.0,0,0.9517112289240696,0.7943934961194127,0,0,0,0,0,0,0.0,0.0,2
8.438582790834326,27.0,0,1277.0,8.0,3.0,5869.0,1094.0,87.0,1.3862943611198906,19.0,0.6931471805599453,1.0986122886681096,1.0,1.3862943611198906,1.0986122886681096,3.0,1.0,4.0,1.0,3.0,2.0,1,1.0,5.0,0,2.1096456977085816,0.0,2.386294361119891,0,0,2.65,3.0,1.8,0,0.41905978419640516,0.5656227046534078,0,0,1,0,0,0,17.55,0.0,0
9.303557453687317,55.0,0,1091.0,2.0,23.0,15813.0,1096.0,65.0,1.3862943611198906,18.0,1.3862943611198906,1.0986122886681096,4.0,0.6931471805599453,1.0986122886681096,3.0,1.0,2.0,3.0,2.0,2.0,1,3.0,1.0,1,0.3876482272369715,0.0,2.386294361119891,0,0,2.75,6.0,1.2,0,0.41905978419640516,0.6350009406571476,0,0,0,0,0,0,-18.75,0.0,1
8.205491613120236,28.0,0,857.0,10.0,10.0,7909.0,1097.0,59.0,2.19722457733622,13.0,1.3862943611198906,2.079441541679836,3.0,0.0,2.079441541679836,4.0,1.0,4.0,3.0,3.0,2.0,2,2.0,3.0,2,0.7459537830109305,0.0,3.19722457733622,0,0,3.4,9.0,1.0,0,0.3127712726495909,0.38899969372562765,1,0,0,0,0,0,7.200000000000001,0.0,0
9.257510176452572,44.0,0,1376.0,1.0,24.0,2326.0,1098.0,91.0,3.044522437723423,14.0,2.302585092994046,1.9459101490553128,2.0,0.6931471805599453,1.9459101490553128,3.0,1.7320508075688772,4.0,2.0,1.0,1.0,1,3.0,2.0,2,0.37030040705810285,0.0,7.005318354489298,1,0,2.2,2.0,1.1,0,0.42824606223319966,0.6391415581766248,0,0,0,0,0,0,-7.199999999999999,0.0,2
8.87066300440602,33.0,0,654.0,5.0,9.0,21214.0,1099.0,34.0,1.3862943611198906,15.0,1.6094379124341005,1.0986122886681096,4.0,0.6931471805599453,1.0986122886681096,3.0,1.0,3.0,2.0,4.0,1.4142135623730951,0,3.0,3.0,2,0.8870663004406021,0.0,2.386294361119891,1,0,3.5999999999999996,8.0,1.5,0,0.41905978419640516,0.4595530813738802,0,0,0,0,0,1,2.8000000000000025,0.0,4
9.167745974343765,35.0,1,1204.0,4.0,9.0,10333.0,1100.0,86.0,2.19722457733622,22.0,0.0,2.079441541679836,4.0,0.0,2.079441541679836,3.0,2.0,1.0,3.0,1.0,1.4142135623730951,2,3.0,3.0,2,0.9167745974343765,0.4,6.39444915467244,0,0,2.25,3.0,3.4,0,0.6255425452991819,0.6624305198891197,0,0,0,0,0,0,8.75,4.0,0
8.413830678421084,33.0,0,827.0,29.0,14.0,3129.0,1101.0,54.0,2.639057329615259,22.0,0.6931471805599453,2.19722457733622,1.0,0.0,2.079441541679836,3.0,1.7320508075688772,2.0,2.0,3.0,2.0,2,2.0,4.0,1,0.5609220452280722,0.0,6.303032186549551,0,0,2.3499999999999996,6.0,3.9,0,0.4759613962311495,0.3374015391528399,1,0,0,0,0,0,11.550000000000002,0.0,0
7.699842407396986,28.0,0,895.0,15.0,4.0,22482.0,1102.0,50.0,1.6094379124341005,16.0,0.6931471805599453,1.0986122886681096,1.0,0.6931471805599453,1.0986122886681096,2.0,1.4142135623730951,4.0,3.0,3.0,2.23606797749979,0,1.0,2.0,2,1.5399684814793972,0.0,3.690302485934842,0,0,2.4,9.0,3.5,0,0.5419609930683914,0.46234864738783177,0,0,0,0,0,1,19.200000000000003,0.0,4
8.956350940490871,34.0,0,618.0,3.0,7.0,22266.0,1103.0,45.0,1.9459101490553128,17.0,0.0,1.6094379124341005,1.0,0.0,1.0986122886681096,2.0,0.0,3.0,3.0,4.0,1.0,2,2.0,1.0,1,1.119543867561359,0.0,0.0,0,0,2.5999999999999996,12.0,2.3,0,0.0,0.5110219467088508,0,0,0,0,0,0,8.400000000000002,0.0,0
8.809116258125274,37.0,1,309.0,10.0,8.0,24223.0,1105.0,88.0,0.6931471805599453,14.0,1.0986122886681096,0.0,4.0,1.3862943611198906,0.0,3.0,0.0,3.0,2.0,4.0,2.23606797749979,0,2.0,4.0,2,0.9787906953472526,1.0,0.0,0,0,3.5999999999999996,8.0,4.0,0,0.0,0.6150824573613027,0,0,0,0,1,0,1.200000000000001,10.0,4
8.213923595622743,25.0,1,1219.0,4.0,7.0,4605.0,1106.0,32.0,2.079441541679836,15.0,0.6931471805599453,1.9459101490553128,4.0,0.6931471805599453,2.079441541679836,4.0,2.23606797749979,2.0,3.0,4.0,1.7320508075688772,1,1.0,1.0,2,1.026740449452843,0.4,6.885840619932866,0,0,3.6999999999999997,12.0,2.4,0,0.7261277563593606,0.3249804289250446,0,0,0,0,0,0,4.5000000000000036,4.0,2
7.774015077250727,26.0,0,1330.0,21.0,1.0,19373.0,1107.0,37.0,0.6931471805599453,20.0,0.6931471805599453,0.0,1.0,0.6931471805599453,0.6931471805599453,2.0,0.0,3.0,3.0,3.0,0.0,0,1.0,3.0,2,3.8870075386253635,0.0,0.0,0,0,2.25,9.0,4.1,0,0.0,0.4695383879491089,0,0,1,0,1,1,24.5,0.0,4
7.746732907753622,33.0,1,1017.0,25.0,5.0,2993.0,1108.0,55.0,1.0986122886681096,20.0,1.6094379124341005,1.0986122886681096,1.0,0.0,1.0986122886681096,3.0,1.4142135623730951,2.0,2.0,2.0,0.0,2,1.0,3.0,2,1.2911221512922704,2.5,2.9678859607972816,1,1,2.0,4.0,5.5,0,0.6738803398843289,0.3108184619477268,0,0,0,1,0,0,14.0,25.0,0
9.779397167305078,42.0,0,469.0,2.0,23.0,14399.0,1109.0,35.0,3.1354942159291497,17.0,0.0,2.079441541679836,4.0,0.6931471805599453,1.9459101490553128,3.0,3.605551275463989,4.0,3.0,1.0,1.7320508075688772,1,4.0,2.0,2,0.4074748819710449,0.0,14.910736444917296,0,0,2.7,3.0,1.2,0,0.8718549917386126,0.44714273242017377,0,0,0,0,0,0,-2.5999999999999996,0.0,2
7.862112211662748,28.0,0,1009.0,1.0,1.0,7160.0,1111.0,45.0,0.6931471805599453,15.0,0.6931471805599453,0.0,1.0,1.0986122886681096,0.0,3.0,0.0,1.0,2.0,2.0,1.4142135623730951,0,1.0,3.0,1,3.931056105831374,0.0,0.0,0,0,1.8499999999999999,4.0,1.1,1,0.0,0.32636159375227286,0,0,1,0,1,1,25.800000000000004,0.0,2
8.461469042643875,50.0,1,959.0,1.0,5.0,17251.0,1113.0,81.0,0.0,14.0,1.3862943611198906,0.0,4.0,0.0,0.0,3.0,0.0,4.0,3.0,3.0,2.0,2,2.0,4.0,1,1.4102448404406458,0.1,0.0,0,0,3.4,9.0,3.1,0,0.0,0.6036948141388546,0,0,0,0,1,0,-6.000000000000001,1.0,0
8.3670677328386,33.0,0,970.0,7.0,4.0,13401.0,1114.0,30.0,1.3862943611198906,17.0,0.0,1.0986122886681096,4.0,0.6931471805599453,1.0986122886681096,3.0,0.0,3.0,3.0,2.0,1.7320508075688772,1,2.0,3.0,1,1.6734135465677198,0.0,0.0,0,0,2.9000000000000004,6.0,1.7,0,0.0,0.3759880552417234,1,0,0,0,0,0,7.6999999999999975,0.0,1
7.99967857949945,34.0,0,697.0,3.0,6.0,22478.0,1115.0,40.0,0.0,17.0,1.3862943611198906,0.0,3.0,1.3862943611198906,0.0,3.0,0.0,4.0,2.0,4.0,1.4142135623730951,1,1.0,4.0,0,1.1428112256427785,0.0,0.0,0,0,3.5,8.0,1.3,0,0.0,0.41938329525173834,0,0,0,0,1,0,3.0,0.0,0
9.734240155229443,48.0,0,1262.0,1.0,27.0,16154.0,1116.0,35.0,1.791759469228055,22.0,1.0986122886681096,0.6931471805599453,1.0,0.0,1.6094379124341005,2.0,1.4142135623730951,3.0,4.0,4.0,1.7320508075688772,2,4.0,4.0,0,0.3476514341153373,0.0,3.948144104265829,0,0,2.5999999999999996,16.0,2.1,0,0.506567122977875,0.6024204997695847,0,0,0,0,0,0,-11.200000000000003,0.0,0
8.629449873761905,45.0,0,1050.0,9.0,15.0,17970.0,1117.0,65.0,2.772588722239781,13.0,0.6931471805599453,2.5649493574615367,2.0,0.6931471805599453,2.3978952727983707,3.0,2.0,4.0,2.0,3.0,1.4142135623730951,1,2.0,4.0,0,0.539340617110119,0.0,7.545177444479562,0,0,2.9,6.0,1.9,0,0.5301399509068676,0.585865518471485,0,0,0,0,0,0,-5.5,0.0,0
9.253974408996244,52.0,0,994.0,7.0,18.0,15322.0,1118.0,87.0,2.19722457733622,19.0,2.079441541679836,0.0,2.0,0.0,1.9459101490553128,3.0,2.0,4.0,3.0,2.0,2.0,2,3.0,4.0,2,0.4870512846840129,0.0,6.39444915467244,1,0,2.55,6.0,1.7,0,0.6255425452991819,0.6866179975628262,0,0,0,0,0,0,-17.400000000000002,0.0,0
9.075779878580487,38.0,1,770.0,10.0,9.0,5569.0,1119.0,73.0,2.19722457733622,14.0,0.0,2.079441541679836,3.0,1.0986122886681096,2.079441541679836,3.0,1.4142135623730951,2.0,2.0,3.0,1.4142135623730951,0,3.0,4.0,2,0.9075779878580488,1.0,4.521558359221469,0,0,2.8499999999999996,6.0,4.0,0,0.4423253757017446,0.48185746537381663,0,0,0,0,0,0,2.3000000000000007,10.0,4
7.83002808253384,29.0,0,1107.0,28.0,11.0,26968.0,1120.0,93.0,2.079441541679836,22.0,1.6094379124341005,2.079441541679836,3.0,0.6931471805599453,1.791759469228055,3.0,1.0,1.0,3.0,4.0,1.0,0,1.0,4.0,2,0.6525023402111533,0.0,3.079441541679836,1,0,3.05,12.0,3.8,0,0.32473420471378706,0.7111433939677959,0,0,0,0,0,1,10.450000000000003,0.0,4
8.94324493313279,28.0,0,950.0,3.0,10.0,8039.0,1121.0,93.0,2.302585092994046,17.0,0.0,2.079441541679836,4.0,1.3862943611198906,2.079441541679836,2.0,1.0,2.0,3.0,2.0,1.7320508075688772,0,3.0,3.0,2,0.8130222666484355,0.0,3.302585092994046,0,0,2.5,6.0,2.3,0,0.30279310656411385,0.5978172515166711,0,0,0,0,0,1,18.0,0.0,4
9.768011412973678,46.0,0,406.0,3.0,23.0,15596.0,1124.0,52.0,2.5649493574615367,12.0,1.3862943611198906,2.302585092994046,1.0,0.6931471805599453,2.302585092994046,3.0,2.0,4.0,3.0,3.0,1.7320508075688772,1,4.0,1.0,2,0.4070004755405699,0.0,7.1298987149230735,0,0,2.65,9.0,1.3,0,0.5610177871991211,0.5075268316659042,0,0,0,0,0,0,-8.100000000000001,0.0,2
8.902727664035522,38.0,0,130.0,2.0,10.0,20619.0,1125.0,32.0,0.6931471805599453,16.0,2.079441541679836,0.0,4.0,0.0,0.0,3.0,0.0,3.0,3.0,2.0,1.4142135623730951,2,3.0,2.0,2,0.8093388785486838,0.0,0.0,1,0,2.9000000000000004,6.0,1.2,0,0.0,0.3556832529791765,1,0,0,0,1,0,2.1999999999999993,0.0,0
9.289243969571649,43.0,0,1082.0,27.0,18.0,11535.0,1126.0,83.0,2.19722457733622,11.0,2.19722457733622,0.6931471805599453,3.0,0.6931471805599453,2.079441541679836,3.0,0.0,3.0,3.0,1.0,1.0,1,3.0,3.0,1,0.48890757734587625,0.0,0.0,1,0,2.3,3.0,3.7,0,0.0,0.653385616329301,0,0,0,0,0,0,-5.1000000000000005,0.0,1
9.406729185981574,39.0,0,203.0,2.0,21.0,13547.0,1127.0,84.0,2.9444389791664403,11.0,2.079441541679836,1.791759469228055,1.0,1.3862943611198906,2.079441541679836,3.0,3.3166247903554,4.0,3.0,4.0,2.0,0,4.0,3.0,1,0.4275785993627988,0.0,13.082224102347562,1,0,3.0,12.0,1.2,0,0.8408356189240089,0.5309107587774416,0,0,0,0,0,0,1.0,0.0,2
9.88466144828608,40.0,0,1308.0,14.0,21.0,17544.0,1128.0,44.0,3.044522437723423,14.0,0.6931471805599453,2.302585092994046,3.0,0.0,2.079441541679836,4.0,2.0,1.0,2.0,3.0,1.4142135623730951,2,5.0,3.0,2,0.4493027931039127,0.0,8.089044875446845,0,0,2.9499999999999997,6.0,1.4,0,0.4944959586194701,0.6709067469500568,0,0,0,0,0,0,0.0,0.0,0
7.635786861395585,21.0,1,984.0,1.0,2.0,25326.0,1131.0,70.0,1.0986122886681096,11.0,0.6931471805599453,1.0986122886681096,4.0,0.0,1.0986122886681096,4.0,1.4142135623730951,3.0,2.0,2.0,2.449489742783178,2,1.0,1.0,2,2.5452622871318615,0.1,2.9678859607972816,0,0,3.1500000000000004,4.0,2.1,0,0.6738803398843289,0.5722234446692246,0,0,0,0,0,0,16.14999999999999,1.0,0
8.82217476094608,39.0,0,439.0,9.0,9.0,8770.0,1132.0,70.0,1.791759469228055,15.0,2.302585092994046,1.3862943611198906,3.0,0.0,1.6094379124341005,2.0,0.0,3.0,3.0,2.0,1.4142135623730951,2,2.0,3.0,0,0.882217476094608,0.0,0.0,1,0,2.4,6.0,2.9,0,0.0,0.42017056153371574,0,0,0,0,0,0,1.6,0.0,0
8.959311617172437,36.0,0,217.0,18.0,18.0,23238.0,1133.0,78.0,2.4849066497880004,20.0,1.0986122886681096,2.302585092994046,1.0,0.0,2.302585092994046,3.0,0.0,1.0,3.0,4.0,0.0,2,2.0,4.0,0,0.4715427166932862,0.0,0.0,0,1,2.55,12.0,2.8,0,0.0,0.5671539246652625,0,0,0,0,0,0,5.800000000000001,0.0,0
7.934513463882263,31.0,0,793.0,20.0,3.0,21981.0,1135.0,67.0,1.0986122886681096,12.0,0.0,1.0986122886681096,3.0,0.6931471805599453,1.0986122886681096,3.0,1.4142135623730951,1.0,4.0,4.0,2.0,1,1.0,3.0,1,1.9836283659705658,0.0,2.9678859607972816,0,0,3.05,16.0,3.0,0,0.6738803398843289,0.5218688960497814,0,0,1,0,0,0,8.55,0.0,1
8.07153089355666,28.0,0,1451.0,2.0,6.0,19911.0,1136.0,67.0,1.791759469228055,17.0,0.0,1.6094379124341005,1.0,0.0,1.3862943611198906,1.0,0.0,1.0,2.0,2.0,1.4142135623730951,1,1.0,1.0,2,1.1530758419366658,0.0,0.0,0,0,1.3499999999999999,4.0,3.2,0,0.0,0.6317390633189803,0,0,0,0,0,0,31.800000000000004,0.0,2
8.51097389160232,35.0,0,1182.0,11.0,5.0,18500.0,1137.0,54.0,1.791759469228055,11.0,0.6931471805599453,1.0986122886681096,4.0,0.6931471805599453,1.0986122886681096,3.0,0.0,4.0,3.0,4.0,1.7320508075688772,0,2.0,2.0,1,1.4184956486003868,0.0,0.0,0,0,3.75,12.0,2.1,0,0.0,0.5643704858791585,0,0,0,0,0,0,1.25,0.0,2
9.481969279105716,49.0,0,174.0,8.0,22.0,11879.0,1138.0,56.0,2.302585092994046,17.0,1.9459101490553128,1.3862943611198906,4.0,0.6931471805599453,2.19722457733622,3.0,1.4142135623730951,2.0,2.0,2.0,1.7320508075688772,1,4.0,4.0,2,0.41225953387416153,0.0,4.670560629403389,1,0,2.75,4.0,1.8,0,0.4282141178960517,0.41605943397095757,0,0,0,0,0,0,-11.25,0.0,2
8.302513718514158,34.0,0,1003.0,2.0,5.0,15834.0,1140.0,95.0,1.3862943611198906,11.0,1.0986122886681096,1.0986122886681096,4.0,0.0,1.0986122886681096,2.0,0.0,4.0,3.0,3.0,1.7320508075688772,2,2.0,2.0,1,1.3837522864190264,0.0,0.0,0,0,3.15,9.0,2.2,0,0.0,0.6323830676147574,0,0,0,0,0,0,5.1000000000000005,0.0,0
8.09925056179696,29.0,0,490.0,10.0,8.0,17940.0,1143.0,61.0,2.079441541679836,14.0,0.0,0.6931471805599453,4.0,1.0986122886681096,1.791759469228055,2.0,1.0,4.0,3.0,2.0,1.4142135623730951,0,1.0,3.0,1,0.8999167290885511,0.0,3.079441541679836,0,0,2.8000000000000003,6.0,3.0,0,0.32473420471378706,0.42115876698097976,0,0,0,0,0,1,13.199999999999998,0.0,2
8.360071435644025,42.0,0,188.0,29.0,16.0,9558.0,1148.0,56.0,0.6931471805599453,19.0,1.6094379124341005,0.0,2.0,0.0,0.0,3.0,0.0,1.0,1.0,4.0,1.7320508075688772,2,2.0,3.0,2,0.4917689079790603,0.0,0.0,1,0,2.8,4.0,3.9,1,0.0,0.28966734434424823,1,0,0,0,1,0,-2.4000000000000004,0.0,0
8.528528701079983,29.0,1,718.0,8.0,10.0,17689.0,1150.0,79.0,2.3978952727983707,15.0,0.6931471805599453,1.0986122886681096,2.0,0.6931471805599453,2.079441541679836,2.0,1.0,3.0,2.0,4.0,1.4142135623730951,1,2.0,1.0,2,0.7753207910072711,0.8,3.3978952727983707,0,0,2.8499999999999996,8.0,4.8,0,0.2942998296638024,0.5641325404180131,0,0,0,0,0,0,12.650000000000004,8.0,2
7.953318346560431,38.0,0,433.0,1.0,7.0,6004.0,1152.0,37.0,2.079441541679836,13.0,0.6931471805599453,0.0,3.0,0.6931471805599453,1.9459101490553128,4.0,2.23606797749979,4.0,4.0,3.0,1.4142135623730951,1,1.0,3.0,2,0.9941647933200539,0.0,6.885840619932866,0,0,3.4,12.0,0.1,0,0.7261277563593606,0.19169284624830576,0,1,0,0,0,0,1.2000000000000002,0.0,2
7.902487437162855,28.0,1,773.0,6.0,3.0,22088.0,1154.0,39.0,1.3862943611198906,14.0,0.6931471805599453,1.0986122886681096,3.0,0.6931471805599453,0.6931471805599453,3.0,0.0,4.0,2.0,3.0,1.4142135623730951,0,1.0,3.0,1,1.9756218592907138,0.6,0.0,0,0,3.15,6.0,3.6,0,0.0,0.41634942146804915,0,0,1,0,0,1,10.200000000000001,6.0,2
7.552237287560802,18.0,0,247.0,8.0,1.0,13556.0,1156.0,80.0,0.0,12.0,0.6931471805599453,0.0,3.0,0.0,0.0,3.0,0.0,4.0,3.0,3.0,0.0,2,1.0,1.0,0,3.776118643780401,0.0,0.0,0,1,3.15,9.0,1.8,0,0.0,0.35003487534904665,0,0,0,0,1,0,18.700000000000003,0.0,0
9.014933575633572,33.0,1,603.0,9.0,6.0,18385.0,1157.0,77.0,1.791759469228055,17.0,0.0,1.3862943611198906,1.0,0.0,1.0986122886681096,3.0,0.0,1.0,3.0,1.0,1.7320508075688772,2,2.0,4.0,2,1.2878476536619388,0.9,0.0,0,0,1.5,3.0,3.9,0,0.0,0.589179402530724,0,0,0,0,0,0,17.5,9.0,0
8.469472455204826,41.0,1,167.0,12.0,6.0,9051.0,1158.0,46.0,0.6931471805599453,11.0,1.3862943611198906,0.0,2.0,0.6931471805599453,0.0,3.0,0.0,1.0,3.0,4.0,2.0,1,1.0,4.0,2,1.2099246364578324,1.2,0.0,0,0,2.8,12.0,4.2,1,0.0,0.25540306534892654,0,0,0,0,1,0,-1.2000000000000002,12.0,2
7.867488568699128,31.0,0,874.0,15.0,2.0,6233.0,1160.0,72.0,1.0986122886681096,12.0,0.6931471805599453,1.0986122886681096,3.0,0.6931471805599453,1.0986122886681096,2.0,1.4142135623730951,3.0,3.0,3.0,2.23606797749979,1,1.0,3.0,1,2.622496189566376,0.0,2.9678859607972816,0,0,2.75,9.0,3.5,0,0.6738803398843289,0.3898319438498153,0,0,1,0,0,0,11.25,0.0,1
8.653819788948063,37.0,0,367.0,25.0,9.0,17171.0,1161.0,52.0,1.9459101490553128,13.0,2.079441541679836,1.3862943611198906,3.0,1.0986122886681096,1.0986122886681096,3.0,1.0,3.0,2.0,4.0,1.4142135623730951,0,2.0,2.0,2,0.8653819788948063,0.0,2.9459101490553126,1,0,3.3499999999999996,8.0,3.5,0,0.3394536660667256,0.4114840947810357,0,0,0,0,0,0,1.950000000000001,0.0,4
7.8399193600125825,27.0,0,199.0,6.0,4.0,7950.0,1162.0,55.0,1.6094379124341005,13.0,0.6931471805599453,1.0986122886681096,4.0,0.6931471805599453,1.0986122886681096,3.0,1.4142135623730951,3.0,2.0,3.0,0.0,1,1.0,3.0,2,1.5679838720025165,0.0,3.690302485934842,0,0,3.25,6.0,1.6,0,0.5419609930683914,0.2229636343676713,0,0,1,0,0,0,9.75,0.0,2
8.65084957622891,34.0,0,1400.0,9.0,6.0,5829.0,1163.0,70.0,1.9459101490553128,20.0,0.6931471805599453,1.3862943611198906,2.0,0.0,1.791759469228055,2.0,1.0,1.0,3.0,3.0,1.7320508075688772,1,2.0,1.0,2,1.2358356537469872,0.0,2.9459101490553126,0,0,2.1999999999999997,9.0,2.9,0,0.3394536660667256,0.5464980121718229,0,0,0,0,0,0,10.8,0.0,2
8.371936178759098,35.0,0,528.0,8.0,6.0,7108.0,1164.0,100.0,1.791759469228055,17.0,0.6931471805599453,1.6094379124341005,3.0,0.0,1.6094379124341005,1.0,1.0,2.0,3.0,3.0,1.4142135623730951,2,1.0,4.0,2,1.195990882679871,0.0,2.791759469228055,0,0,2.3499999999999996,9.0,3.8,0,0.3581970477838151,0.4841781855070074,0,0,0,0,0,0,8.250000000000002,0.0,0
8.900685318713995,29.0,0,408.0,23.0,11.0,11162.0,1165.0,45.0,2.4849066497880004,13.0,0.6931471805599453,2.3978952727983707,4.0,0.6931471805599453,2.19722457733622,1.0,1.7320508075688772,1.0,2.0,1.0,1.7320508075688772,1,3.0,1.0,2,0.7417237765594996,0.0,6.036035377067456,0,0,1.75,2.0,5.3,0,0.49701497963345564,0.35673831446310766,1,0,0,0,0,0,24.75,0.0,2
9.51044496442652,40.0,0,593.0,9.0,20.0,13782.0,1166.0,88.0,2.9444389791664403,17.0,2.302585092994046,2.639057329615259,2.0,0.0,2.079441541679836,2.0,1.4142135623730951,3.0,3.0,3.0,1.7320508075688772,2,3.0,4.0,1,0.45287833163935814,0.0,5.578279100290266,1,0,2.5,9.0,2.9,0,0.3585335125838236,0.6271101238321708,0,0,0,0,0,0,0.0,0.0,0
9.529448434427817,42.0,1,481.0,12.0,22.0,2447.0,1167.0,44.0,3.091042453358316,12.0,0.0,2.70805020110221,3.0,0.0,2.302585092994046,2.0,3.605551275463989,2.0,3.0,1.0,1.4142135623730951,2,4.0,3.0,1,0.4143238449751225,1.2,14.750463335683405,0,0,1.9000000000000001,3.0,5.2,0,0.8813282474016397,0.3379306510097323,1,0,0,0,0,0,-4.199999999999999,12.0,0
8.547916364059079,42.0,0,647.0,4.0,9.0,2253.0,1171.0,45.0,1.9459101490553128,13.0,2.079441541679836,1.791759469228055,2.0,0.0,1.6094379124341005,4.0,1.0,4.0,3.0,1.0,1.7320508075688772,2,2.0,4.0,2,0.8547916364059078,0.0,2.9459101490553126,1,0,2.45,3.0,0.4,0,0.3394536660667256,0.2768742341676292,1,0,0,0,0,0,-3.0999999999999996,0.0,0
7.7226775164680035,35.0,0,982.0,1.0,10.0,16340.0,1172.0,58.0,2.19722457733622,12.0,1.9459101490553128,2.079441541679836,4.0,0.6931471805599453,0.0,3.0,1.0,2.0,2.0,3.0,1.4142135623730951,1,1.0,4.0,2,0.7020615924061822,0.0,3.19722457733622,1,0,3.0999999999999996,6.0,1.1,0,0.3127712726495909,0.44698422679433925,0,0,0,0,0,0,4.500000000000002,0.0,2
8.188133414510478,24.0,0,477.0,24.0,6.0,6409.0,1173.0,49.0,1.6094379124341005,22.0,2.19722457733622,1.0986122886681096,4.0,0.0,1.3862943611198906,3.0,1.0,4.0,3.0,2.0,1.4142135623730951,2,1.0,3.0,2,1.1697333449300682,0.0,2.6094379124341005,1,0,3.0500000000000003,6.0,3.4,0,0.383224293337255,0.2685914823860051,0,0,1,0,0,0,15.199999999999996,0.0,0
7.830425617820331,28.0,1,1485.0,12.0,1.0,22955.0,1175.0,79.0,0.6931471805599453,11.0,0.6931471805599453,0.0,3.0,0.0,0.6931471805599453,2.0,0.0,4.0,3.0,4.0,2.0,1,1.0,1.0,2,3.9152128089101654,1.2,0.0,0,0,3.25,12.0,5.2,0,0.0,0.6885426898632698,0,0,0,0,1,0,9.0,12.0,2
8.394121193826242,26.0,0,1384.0,3.0,8.0,13421.0,1177.0,82.0,2.19722457733622,22.0,0.6931471805599453,2.079441541679836,1.0,0.6931471805599453,2.079441541679836,3.0,0.0,2.0,4.0,4.0,1.4142135623730951,1,1.0,4.0,2,0.9326801326473603,0.0,0.0,0,0,2.6999999999999997,16.0,1.3,0,0.0,0.638536847840168,0,0,0,0,0,0,18.200000000000003,0.0,2
8.791638037085997,30.0,0,852.0,10.0,10.0,2706.0,1179.0,72.0,2.3978952727983707,18.0,0.6931471805599453,1.6094379124341005,3.0,0.6931471805599453,1.3862943611198906,3.0,1.0,1.0,2.0,3.0,1.7320508075688772,1,2.0,3.0,2,0.7992398215532724,0.0,3.3978952727983707,0,0,2.6999999999999997,6.0,2.0,0,0.2942998296638024,0.4374762057758491,0,0,0,0,0,0,13.000000000000004,0.0,2
8.394573477868327,40.0,1,902.0,26.0,16.0,21203.0,1180.0,92.0,0.6931471805599453,13.0,1.3862943611198906,0.0,3.0,0.6931471805599453,0.6931471805599453,1.0,0.0,4.0,2.0,4.0,1.7320508075688772,1,2.0,2.0,1,0.4937984398746075,2.6,0.0,0,0,3.0,8.0,7.6,0,0.0,0.6661542854921645,0,0,0,0,1,0,0.0,26.0,1
9.237469039364436,35.0,0,819.0,2.0,15.0,19588.0,1182.0,44.0,2.079441541679836,18.0,1.0986122886681096,1.6094379124341005,3.0,0.6931471805599453,2.079441541679836,4.0,2.449489742783178,2.0,2.0,2.0,1.4142135623730951,0,3.0,3.0,2,0.5773418149602773,0.0,7.543060469845175,0,0,2.75,4.0,0.2,0,0.7954331035772741,0.5429986150896275,0,0,0,0,0,0,6.25,0.0,4
8.583729715216482,34.0,0,669.0,1.0,14.0,25755.0,1184.0,97.0,2.639057329615259,20.0,0.0,2.302585092994046,4.0,0.0,2.302585092994046,3.0,2.0,3.0,2.0,1.0,1.7320508075688772,2,2.0,3.0,1,0.5722486476810987,0.0,7.278114659230518,0,0,2.55,2.0,1.1,0,0.5495928804758486,0.7058129513035645,0,0,0,0,0,0,8.700000000000001,0.0,0
7.773594467360194,35.0,0,636.0,4.0,2.0,26537.0,1185.0,47.0,1.0986122886681096,13.0,0.6931471805599453,1.0986122886681096,4.0,0.6931471805599453,1.0986122886681096,4.0,1.4142135623730951,2.0,2.0,4.0,1.4142135623730951,1,1.0,4.0,1,2.5911981557867314,0.0,2.9678859607972816,0,0,3.6999999999999997,8.0,0.4,0,0.6738803398843289,0.4529316511417413,0,0,0,0,0,0,1.5000000000000013,0.0,1
8.584290934948731,43.0,0,1372.0,9.0,7.0,9489.0,1188.0,85.0,1.6094379124341005,13.0,2.19722457733622,1.3862943611198906,1.0,0.0,1.3862943611198906,2.0,1.0,2.0,1.0,3.0,1.4142135623730951,2,2.0,3.0,2,1.0730363668685914,0.0,2.6094379124341005,1,0,2.0999999999999996,3.0,2.9,0,0.383224293337255,0.625533464693667,0,0,0,0,0,0,-5.700000000000001,0.0,0
7.947325027016463,32.0,0,862.0,2.0,1.0,14947.0,1190.0,76.0,0.6931471805599453,12.0,0.6931471805599453,0.0,3.0,1.3862943611198906,0.0,3.0,0.0,3.0,3.0,1.0,1.7320508075688772,0,1.0,1.0,0,3.9736625135082315,0.0,0.0,0,0,2.3,3.0,1.2,0,0.0,0.49695722162475053,0,0,0,0,1,1,13.600000000000001,0.0,0
9.884684885113384,56.0,0,718.0,4.0,28.0,18575.0,1191.0,92.0,1.791759469228055,13.0,1.6094379124341005,1.0986122886681096,4.0,0.6931471805599453,1.0986122886681096,3.0,2.0,4.0,3.0,1.0,1.4142135623730951,0,5.0,4.0,2,0.34085120293494425,0.0,5.58351893845611,1,0,2.7,3.0,1.4,0,0.7163940955676302,0.7471034588353629,0,0,0,0,0,0,-20.799999999999997,0.0,4
8.049427057110695,29.0,0,1401.0,6.0,10.0,26342.0,1192.0,54.0,2.3978952727983707,13.0,0.6931471805599453,2.19722457733622,2.0,0.6931471805599453,2.19722457733622,3.0,0.0,1.0,3.0,4.0,2.23606797749979,1,1.0,1.0,2,0.7317660961009722,0.0,0.0,0,0,2.8,12.0,1.6,0,0.0,0.6388375275950176,0,0,0,0,0,0,13.200000000000003,0.0,2
7.845024417241484,19.0,0,645.0,9.0,1.0,7172.0,1193.0,54.0,0.6931471805599453,25.0,0.6931471805599453,0.0,3.0,0.0,0.6931471805599453,3.0,0.0,3.0,3.0,1.0,2.0,2,1.0,2.0,2,3.922512208620742,0.0,0.0,0,0,2.3,3.0,1.9,0,0.0,0.29187693075322885,0,0,0,0,1,0,35.7,0.0,0
8.4069317971587,45.0,1,1457.0,7.0,7.0,20100.0,1195.0,83.0,1.3862943611198906,19.0,1.6094379124341005,1.0986122886681096,1.0,0.6931471805599453,1.0986122886681096,2.0,0.0,3.0,3.0,3.0,1.4142135623730951,1,1.0,3.0,2,1.0508664746448375,0.7,0.0,1,0,2.25,9.0,4.7,0,0.0,0.7234225558260794,0,0,0,0,0,0,-8.75,7.0,2
8.775703886567738,37.0,0,977.0,1.0,14.0,9961.0,1196.0,56.0,2.70805020110221,13.0,0.6931471805599453,2.4849066497880004,4.0,0.6931471805599453,2.19722457733622,2.0,1.7320508075688772,2.0,2.0,4.0,1.4142135623730951,1,2.0,3.0,2,0.5850469257711826,0.0,6.42253134532502,0,0,3.1999999999999997,8.0,2.1,0,0.4671055443246234,0.4740296471448828,0,0,0,0,0,0,2.400000000000001,0.0,2
8.017637159908478,20.0,0,805.0,3.0,2.0,12828.0,1198.0,87.0,1.0986122886681096,12.0,0.6931471805599453,1.0986122886681096,1.0,0.0,1.0986122886681096,2.0,1.0,1.0,2.0,3.0,1.4142135623730951,2,1.0,3.0,2,2.672545719969493,0.0,2.0986122886681096,0,0,1.9499999999999997,6.0,2.3,0,0.4765053580405044,0.5113898249092375,0,0,1,0,0,0,41.00000000000001,0.0,0
7.98514393119862,44.0,1,1097.0,10.0,6.0,10826.0,1200.0,96.0,1.9459101490553128,11.0,0.6931471805599453,1.0986122886681096,3.0,0.0,1.6094379124341005,3.0,0.0,3.0,3.0,3.0,2.0,2,1.0,4.0,2,1.1407348473140886,1.0,0.0,0,0,3.0,9.0,4.0,0,0.0,0.5726327141109373,0,0,0,0,0,0,-4.0,10.0,0
9.83129313298764,53.0,0,1223.0,7.0,26.0,18640.0,1201.0,50.0,2.079441541679836,18.0,1.3862943611198906,2.079441541679836,4.0,0.6931471805599453,2.079441541679836,3.0,2.0,2.0,3.0,3.0,2.449489742783178,0,5.0,2.0,2,0.3641219678884311,0.0,6.158883083359672,0,0,3.0999999999999996,9.0,1.7,0,0.6494684094275741,0.6831026520180858,0,0,0,0,0,0,-11.700000000000005,0.0,4
7.682021510826875,29.0,1,942.0,15.0,6.0,26933.0,1202.0,69.0,1.791759469228055,18.0,0.0,1.3862943611198906,2.0,0.6931471805599453,1.6094379124341005,2.0,1.0,1.0,1.0,4.0,1.4142135623730951,1,1.0,1.0,2,1.0974316444038392,1.5,2.791759469228055,0,0,2.55,4.0,5.5,0,0.3581970477838151,0.5816190573936612,0,0,0,0,0,0,15.950000000000003,15.0,2
7.956476798036782,22.0,1,1256.0,3.0,1.0,4223.0,1203.0,48.0,0.0,11.0,0.0,0.0,3.0,0.6931471805599453,0.0,3.0,0.0,2.0,2.0,4.0,2.23606797749979,1,1.0,4.0,1,3.978238399018391,0.3,0.0,0,0,3.1999999999999997,8.0,3.3,1,0.0,0.36067779990523086,0,0,1,0,1,0,14.400000000000006,3.0,1
7.736743682453495,44.0,0,111.0,17.0,6.0,4279.0,1206.0,74.0,0.0,13.0,1.0986122886681096,0.0,4.0,0.0,0.0,3.0,0.0,4.0,1.0,3.0,1.7320508075688772,2,1.0,3.0,0,1.1052490974933564,0.0,0.0,0,0,3.4,3.0,2.7,0,0.0,0.22851127835600837,0,0,0,0,1,0,-2.4000000000000004,0.0,0
8.188966863648876,33.0,0,147.0,2.0,5.0,8429.0,1207.0,99.0,1.791759469228055,13.0,0.6931471805599453,1.6094379124341005,2.0,0.6931471805599453,1.6094379124341005,3.0,1.0,4.0,3.0,3.0,1.4142135623730951,1,1.0,3.0,2,1.364827810608146,0.0,2.791759469228055,0,0,2.9,9.0,1.2,0,0.3581970477838151,0.40846329426293043,0,0,0,0,0,0,7.700000000000001,0.0,2
7.653494909661253,41.0,0,906.0,5.0,5.0,20293.0,1210.0,95.0,0.6931471805599453,17.0,1.9459101490553128,0.0,1.0,0.6931471805599453,0.0,1.0,0.0,1.0,2.0,1.0,1.4142135623730951,0,1.0,2.0,0,1.2755824849435422,0.0,0.0,1,0,1.0,2.0,3.5,1,0.0,0.5986954675648261,0,0,0,0,1,0,-3.0,0.0,0
8.32263709695394,30.0,0,1329.0,29.0,8.0,13192.0,1211.0,61.0,1.6094379124341005,19.0,2.19722457733622,1.3862943611198906,3.0,1.3862943611198906,1.3862943611198906,3.0,0.0,3.0,3.0,1.0,1.7320508075688772,0,2.0,4.0,2,0.9247374552171045,0.0,0.0,1,0,2.3,3.0,3.9,0,0.0,0.5446671339081954,0,0,0,0,0,1,17.0,0.0,4
8.372860820526318,40.0,0,1184.0,2.0,5.0,25440.0,1212.0,62.0,0.0,12.0,1.791759469228055,0.0,2.0,1.3862943611198906,0.0,3.0,0.0,4.0,3.0,2.0,1.4142135623730951,1,2.0,4.0,1,1.395476803421053,0.0,0.0,1,0,2.55,6.0,1.2,0,0.0,0.6499646217828384,0,0,0,0,1,0,0.0,0.0,1
9.790150867197124,50.0,0,1421.0,2.0,32.0,9490.0,1215.0,30.0,1.0986122886681096,22.0,1.0986122886681096,1.0986122886681096,4.0,0.6931471805599453,1.0986122886681096,3.0,1.4142135623730951,3.0,3.0,1.0,1.7320508075688772,1,4.0,3.0,1,0.29667123839991283,0.0,2.9678859607972816,0,0,2.55,3.0,1.2,0,0.6738803398843289,0.5513855987779719,0,0,0,0,0,0,-14.500000000000002,0.0,1
8.069968149059841,28.0,0,1179.0,19.0,6.0,12449.0,1216.0,78.0,1.9459101490553128,12.0,0.6931471805599453,1.3862943611198906,4.0,1.3862943611198906,1.791759469228055,3.0,1.7320508075688772,3.0,2.0,1.0,1.4142135623730951,1,1.0,4.0,2,1.1528525927228344,0.0,5.102466052696606,0,0,2.55,2.0,2.9,0,0.5879509964430881,0.5472973125378431,0,0,1,0,0,0,17.400000000000002,0.0,2
9.856500761311793,46.0,0,1450.0,15.0,25.0,10849.0,1217.0,52.0,1.6094379124341005,11.0,1.791759469228055,1.3862943611198906,4.0,0.6931471805599453,1.0986122886681096,3.0,0.0,1.0,3.0,2.0,1.4142135623730951,1,5.0,2.0,2,0.37909618312737664,0.0,0.0,1,0,2.6,6.0,2.5,0,0.0,0.6550337594296928,0,0,0,0,0,0,-8.399999999999999,0.0,2
9.101306450952048,35.0,1,1361.0,17.0,15.0,21026.0,1218.0,94.0,2.079441541679836,15.0,1.3862943611198906,2.079441541679836,3.0,1.3862943611198906,2.079441541679836,3.0,1.0,4.0,3.0,1.0,1.4142135623730951,1,2.0,4.0,2,0.568831653184503,1.7,3.079441541679836,0,0,2.45,3.0,4.7,0,0.32473420471378706,0.8201821149744082,0,0,0,1,0,0,7.749999999999999,17.0,2
7.701200180857446,24.0,0,984.0,17.0,1.0,3372.0,1219.0,97.0,0.6931471805599453,13.0,0.6931471805599453,0.0,4.0,0.6931471805599453,0.0,1.0,0.0,1.0,3.0,2.0,1.7320508075688772,1,1.0,2.0,2,3.850600090428723,0.0,0.0,0,0,2.1,6.0,4.7,1,0.0,0.45443162741148696,0,0,0,0,1,0,30.4,0.0,2
8.420682291035394,33.0,0,1146.0,25.0,10.0,4905.0,1220.0,82.0,2.3978952727983707,12.0,0.6931471805599453,0.6931471805599453,2.0,0.6931471805599453,2.079441541679836,2.0,0.0,1.0,3.0,3.0,1.7320508075688772,1,2.0,3.0,1,0.7655165719123086,0.0,0.0,0,0,2.1999999999999997,9.0,4.5,1,0.0,0.5129608085630021,0,0,0,0,0,0,12.600000000000001,0.0,1
7.91644286012226,36.0,0,917.0,6.0,7.0,6865.0,1221.0,60.0,2.079441541679836,14.0,0.6931471805599453,2.079441541679836,3.0,0.6931471805599453,2.079441541679836,3.0,1.0,3.0,1.0,3.0,2.0,0,1.0,4.0,2,0.9895553575152825,0.0,3.079441541679836,0,0,3.0,3.0,1.6,0,0.32473420471378706,0.36562180475131745,0,0,0,0,0,0,4.0,0.0,4
8.158229916959494,30.0,0,853.0,7.0,10.0,11309.0,1224.0,49.0,2.3978952727983707,13.0,0.6931471805599453,2.302585092994046,3.0,1.3862943611198906,2.079441541679836,2.0,2.8284271247461903,1.0,3.0,3.0,2.0,0,2.0,4.0,2,0.7416572651781358,0.0,9.610699156629767,0,0,2.4499999999999997,9.0,2.7,0,0.8324056210292823,0.38225076189116214,1,0,0,0,0,1,15.500000000000004,0.0,4
8.421122722665503,44.0,0,200.0,29.0,20.0,7744.0,1225.0,32.0,3.044522437723423,25.0,0.6931471805599453,2.8903717578961645,4.0,0.0,2.4849066497880004,3.0,3.605551275463989,2.0,3.0,4.0,1.7320508075688772,2,2.0,4.0,2,0.4010058439364525,0.0,14.582733033976409,0,0,3.4499999999999997,12.0,3.9,0,0.8914652671561093,0.1936377906650221,1,1,0,0,0,0,-2.200000000000001,0.0,0
7.893198869544609,20.0,0,654.0,21.0,2.0,5050.0,1226.0,43.0,1.0986122886681096,17.0,0.6931471805599453,1.0986122886681096,3.0,0.0,0.6931471805599453,3.0,1.4142135623730951,4.0,4.0,4.0,1.4142135623730951,2,1.0,3.0,2,2.631066289848203,0.0,2.9678859607972816,0,0,3.5,16.0,3.1,0,0.6738803398843289,0.23743529975894845,0,0,1,0,0,0,10.0,0.0,0
8.906528917594517,46.0,0,150.0,2.0,12.0,17433.0,1228.0,60.0,1.9459101490553128,11.0,1.0986122886681096,1.6094379124341005,4.0,0.6931471805599453,1.3862943611198906,2.0,1.0,3.0,3.0,4.0,1.7320508075688772,0,2.0,4.0,2,0.6851176090457322,0.0,2.9459101490553126,0,0,3.3499999999999996,12.0,2.2,0,0.3394536660667256,0.4276386152047218,0,0,0,0,0,0,-3.900000000000002,0.0,4
8.744009988096742,42.0,0,179.0,2.0,10.0,12858.0,1231.0,79.0,1.6094379124341005,16.0,2.079441541679836,1.3862943611198906,4.0,0.6931471805599453,1.3862943611198906,4.0,0.0,1.0,4.0,1.0,1.7320508075688772,1,2.0,5.0,0,0.7949099989178857,0.0,0.0,1,0,2.5,4.0,0.2,0,0.0,0.4394638009583449,0,0,0,0,0,0,-3.0,0.0,0
8.560444233410552,60.0,1,696.0,7.0,12.0,10893.0,1233.0,52.0,2.4849066497880004,18.0,0.0,2.302585092994046,2.0,0.6931471805599453,2.079441541679836,3.0,1.0,2.0,4.0,4.0,1.7320508075688772,0,2.0,4.0,2,0.6584957102623501,0.7,3.4849066497880004,0,0,2.9499999999999997,16.0,3.7,0,0.28695173228265203,0.3985517857410372,1,0,0,0,0,0,-21.000000000000007,7.0,4
7.917171988845776,32.0,0,116.0,13.0,2.0,7331.0,1234.0,77.0,1.0986122886681096,20.0,0.6931471805599453,1.0986122886681096,3.0,0.6931471805599453,1.0986122886681096,3.0,1.4142135623730951,3.0,2.0,2.0,1.4142135623730951,1,1.0,3.0,1,2.6390573296152584,0.0,2.9678859607972816,0,0,2.6500000000000004,4.0,2.3,0,0.6738803398843289,0.2877396178469725,0,0,0,0,0,0,10.799999999999997,0.0,1
8.51699317141357,32.0,1,1316.0,2.0,10.0,2338.0,1235.0,38.0,2.19722457733622,14.0,1.6094379124341005,2.079441541679836,4.0,0.0,2.079441541679836,3.0,0.0,4.0,3.0,3.0,1.4142135623730951,2,2.0,2.0,1,0.7742721064921428,0.2,0.0,1,0,3.4,9.0,3.2,0,0.0,0.36953765335663435,1,0,0,0,0,0,4.800000000000001,2.0,0
9.235325624670091,36.0,1,363.0,1.0,17.0,4235.0,1237.0,77.0,2.079441541679836,21.0,1.0986122886681096,2.079441541679836,3.0,0.6931471805599453,2.079441541679836,3.0,2.6457513110645907,3.0,1.0,1.0,1.4142135623730951,0,3.0,3.0,2,0.513073645815005,0.1,8.147436496246192,0,0,2.3,1.0,3.1,0,0.8591659478690193,0.4249349331219203,0,0,0,0,0,0,6.800000000000001,1.0,4
7.930925372483388,33.0,0,117.0,9.0,15.0,6311.0,1238.0,60.0,2.70805020110221,13.0,0.0,2.3978952727983707,1.0,0.6931471805599453,2.3978952727983707,3.0,2.0,2.0,3.0,4.0,2.23606797749979,1,1.0,3.0,2,0.4956828357802118,0.0,7.41610040220442,0,0,2.6999999999999997,12.0,1.9,0,0.5393670235115761,0.21825991996798333,0,0,0,0,0,0,9.100000000000001,0.0,2
8.832441791585824,40.0,0,107.0,10.0,7.0,11591.0,1239.0,84.0,1.791759469228055,12.0,2.079441541679836,1.3862943611198906,2.0,0.6931471805599453,0.6931471805599453,4.0,1.0,2.0,2.0,2.0,1.4142135623730951,0,2.0,3.0,2,1.104055223948228,0.0,2.791759469228055,1,0,2.5,4.0,1.0,0,0.3581970477838151,0.4400415274297332,0,0,0,0,0,0,0.0,0.0,4
8.507344855361422,25.0,0,1356.0,10.0,5.0,20623.0,1240.0,57.0,1.6094379124341005,14.0,0.0,0.6931471805599453,3.0,0.0,1.3862943611198906,3.0,1.0,2.0,3.0,4.0,2.0,2,2.0,4.0,2,1.4178908092269038,0.0,2.6094379124341005,0,0,3.1999999999999997,12.0,2.0,1,0.383224293337255,0.6271923225373481,0,0,1,0,0,0,12.000000000000004,0.0,0
8.183118079394745,30.0,1,1465.0,1.0,12.0,9369.0,1241.0,63.0,2.4849066497880004,21.0,0.0,2.079441541679836,4.0,0.6931471805599453,2.302585092994046,3.0,2.23606797749979,1.0,3.0,2.0,1.4142135623730951,1,1.0,3.0,2,0.6294706214919035,0.1,7.792488164167022,0,0,2.6,6.0,3.1,0,0.6416435796453308,0.5246397662532147,0,0,0,0,0,0,14.0,1.0,2
9.487365864239434,42.0,1,458.0,26.0,20.0,23281.0,1242.0,60.0,0.6931471805599453,17.0,1.3862943611198906,0.0,1.0,0.0,0.0,3.0,0.0,3.0,3.0,1.0,2.449489742783178,1,3.0,5.0,1,0.4517793268685445,2.6,0.0,0,0,1.8,3.0,5.6,0,0.0,0.5961312245087597,0,0,0,1,1,0,-4.4,26.0,1
9.247443459927686,35.0,1,1212.0,8.0,16.0,13755.0,1243.0,78.0,2.639057329615259,11.0,1.6094379124341005,2.5649493574615367,3.0,0.6931471805599453,1.0986122886681096,2.0,2.0,2.0,2.0,4.0,2.449489742783178,1,3.0,2.0,0,0.5439672623486874,0.8,7.278114659230518,1,0,2.9499999999999997,8.0,4.8,0,0.5495928804758486,0.6771428089501239,0,0,0,0,0,0,5.250000000000002,8.0,0
7.71244383427499,27.0,1,1103.0,14.0,9.0,14377.0,1244.0,42.0,2.302585092994046,14.0,0.6931471805599453,2.19722457733622,1.0,1.0986122886681096,2.079441541679836,2.0,2.449489742783178,4.0,3.0,1.0,1.7320508075688772,1,1.0,3.0,2,0.771244383427499,1.4,8.089648309957543,0,0,1.7000000000000002,3.0,5.4,0,0.7416886087142506,0.3908267864445327,0,0,0,0,0,0,29.9,14.0,2
9.259416209622776,54.0,0,966.0,1.0,33.0,9659.0,1245.0,53.0,1.791759469228055,17.0,2.079441541679836,1.6094379124341005,4.0,0.6931471805599453,1.6094379124341005,1.0,1.0,1.0,3.0,3.0,1.4142135623730951,0,3.0,4.0,1,0.2723357708712581,0.0,2.791759469228055,1,0,2.4499999999999997,9.0,3.1,0,0.3581970477838151,0.503844884870961,0,0,0,0,0,0,-21.700000000000003,0.0,2
7.60688453121963,44.0,0,1117.0,2.0,10.0,19982.0,1246.0,72.0,2.3978952727983707,13.0,0.6931471805599453,2.079441541679836,1.0,0.6931471805599453,1.791759469228055,3.0,2.6457513110645907,4.0,4.0,4.0,2.23606797749979,1,1.0,1.0,2,0.6915349573836027,0.0,8.989985872866464,0,0,3.0,16.0,1.2,0,0.778644160179091,0.5468030180609385,0,1,0,0,0,0,-4.0,0.0,2
7.528331766707247,19.0,1,504.0,10.0,1.0,6148.0,1248.0,96.0,0.6931471805599453,25.0,0.6931471805599453,0.0,1.0,0.0,0.6931471805599453,4.0,0.0,2.0,2.0,2.0,1.4142135623730951,2,1.0,3.0,0,3.7641658833536233,1.0,0.0,0,0,2.25,4.0,3.0,1,0.0,0.376556451545564,0,0,1,0,1,0,36.75,10.0,0
8.232440158470336,29.0,0,1010.0,1.0,3.0,5598.0,1249.0,97.0,1.3862943611198906,15.0,0.6931471805599453,1.0986122886681096,1.0,1.3862943611198906,1.0986122886681096,3.0,1.0,1.0,3.0,4.0,2.23606797749979,0,1.0,3.0,2,2.058110039617584,0.0,2.386294361119891,0,0,2.55,12.0,1.1,0,0.41905978419640516,0.5314324654541905,0,0,1,0,0,1,15.950000000000003,0.0,4
9.785829509067897,54.0,0,685.0,3.0,34.46000000000004,23474.0,1250.0,85.0,2.3978952727983707,14.0,1.3862943611198906,2.302585092994046,4.0,0.0,2.302585092994046,3.0,0.0,1.0,3.0,4.0,1.4142135623730951,1,4.0,3.0,2,0.2759681192630537,0.0,0.0,0,0,3.3,12.0,1.3,0,0.0,0.7560700313741984,0,0,0,0,0,0,-9.800000000000002,0.0,2
8.829665432675236,31.0,1,1332.0,11.0,6.0,17089.0,1251.0,80.0,1.9459101490553128,12.0,0.6931471805599453,0.6931471805599453,3.0,0.0,1.791759469228055,2.0,0.0,4.0,3.0,1.0,1.4142135623730951,1,2.0,2.0,2,1.2613807760964624,1.1,0.0,0,0,2.2,3.0,5.1,0,0.0,0.6999039652064643,0,0,0,0,0,0,16.2,11.0,2
8.826587830773668,31.0,0,1062.0,24.0,10.0,17198.0,1252.0,96.0,2.3978952727983707,19.0,0.6931471805599453,2.19722457733622,3.0,0.0,2.302585092994046,3.0,1.0,2.0,2.0,1.0,1.4142135623730951,2,2.0,3.0,2,0.802417075524879,0.0,3.3978952727983707,0,0,2.15,2.0,3.4,0,0.2942998296638024,0.7095334761679146,0,0,0,0,0,0,16.650000000000002,0.0,0
8.551014739891748,59.0,0,326.0,3.0,13.0,16490.0,1254.0,48.0,1.9459101490553128,17.0,1.791759469228055,1.791759469228055,3.0,0.0,0.6931471805599453,3.0,0.0,4.0,2.0,4.0,1.4142135623730951,2,2.0,3.0,2,0.6107867671351249,0.0,0.0,1,0,3.5,8.0,1.3,0,0.0,0.3733487009909765,1,0,0,0,0,0,-9.5,0.0,0
9.884684885113384,43.0,0,920.0,3.0,25.0,18625.0,1255.0,96.0,2.19722457733622,14.0,1.3862943611198906,2.079441541679836,3.0,0.6931471805599453,2.079441541679836,3.0,0.0,2.0,1.0,4.0,1.4142135623730951,1,5.0,3.0,2,0.3801801878889763,0.0,0.0,0,0,3.1999999999999997,4.0,1.3,0,0.0,0.7980399708482169,0,0,0,0,0,0,-2.400000000000001,0.0,2
9.836920308264014,49.0,0,1098.0,4.0,23.0,12124.0,1256.0,85.0,0.6931471805599453,13.0,1.0986122886681096,0.0,1.0,0.6931471805599453,0.0,4.0,0.0,3.0,2.0,3.0,1.4142135623730951,1,5.0,2.0,2,0.4098716795110006,0.0,0.0,0,0,2.75,6.0,0.4,0,0.0,0.7208543959221294,0,0,0,0,1,0,-11.25,0.0,2
8.214194414852564,36.0,0,469.0,3.0,12.0,9256.0,1257.0,46.0,2.4849066497880004,12.0,0.6931471805599453,2.079441541679836,3.0,0.0,2.3978952727983707,2.0,0.0,3.0,3.0,2.0,1.4142135623730951,1,1.0,3.0,1,0.6318611088348126,0.0,0.0,0,0,2.4,6.0,2.3,0,0.0,0.2874771544978608,0,0,0,0,0,0,6.4,0.0,1
7.847762537473608,48.0,0,969.0,2.0,7.0,16620.0,1258.0,76.0,0.6931471805599453,11.0,1.791759469228055,0.0,4.0,0.0,0.0,2.0,0.0,3.0,4.0,2.0,2.0,2,1.0,2.0,2,0.980970317184201,0.0,0.0,1,0,2.6500000000000004,8.0,2.2,0,0.0,0.5235278677829744,0,0,0,0,1,0,-10.799999999999997,0.0,0
7.831220214604293,27.0,0,1167.0,4.0,5.0,3208.0,1259.0,76.0,1.791759469228055,11.0,0.6931471805599453,1.3862943611198906,1.0,1.3862943611198906,1.3862943611198906,3.0,0.0,2.0,3.0,3.0,1.4142135623730951,0,1.0,2.0,2,1.3052033691007154,0.0,0.0,0,0,2.3499999999999996,9.0,1.4,0,0.0,0.42277228816262363,0,0,0,0,0,1,21.450000000000003,0.0,4
8.798454696065095,29.0,1,1329.0,7.0,6.0,4204.0,1260.0,82.0,1.9459101490553128,11.0,0.6931471805599453,0.0,3.0,1.0986122886681096,0.0,3.0,1.0,2.0,3.0,4.0,1.4142135623730951,0,2.0,3.0,2,1.2569220994378707,0.7,2.9459101490553126,0,0,3.1999999999999997,12.0,3.7,1,0.3394536660667256,0.5742307413156099,0,0,1,0,0,1,8.800000000000002,7.0,4
9.812796687251623,48.0,0,715.0,1.0,25.0,8733.0,1263.0,76.0,0.6931471805599453,12.0,1.9459101490553128,0.0,4.0,0.0,0.0,4.0,0.0,3.0,2.0,4.0,1.7320508075688772,2,5.0,3.0,2,0.3774152572019855,0.0,0.0,1,0,3.8499999999999996,8.0,0.1,0,0.0,0.5838618192134666,0,0,0,0,1,0,-1.2000000000000028,0.0,0
9.688126141663972,29.0,0,694.0,1.0,9.0,3423.0,1264.0,87.0,2.079441541679836,14.0,1.3862943611198906,2.079441541679836,4.0,1.0986122886681096,2.079441541679836,2.0,1.0,2.0,2.0,4.0,1.4142135623730951,0,4.0,3.0,2,0.9688126141663972,0.0,3.079441541679836,0,0,3.1999999999999997,8.0,2.1,0,0.32473420471378706,0.5543522835848866,0,0,0,0,0,1,8.800000000000002,0.0,4
7.857867559331803,34.0,0,1320.0,20.0,2.0,21643.0,1265.0,89.0,0.6931471805599453,17.0,0.0,0.0,3.0,0.0,0.0,2.0,0.0,4.0,4.0,3.0,2.23606797749979,1,1.0,3.0,2,2.6192891864439343,0.0,0.0,0,0,2.9,12.0,4.0,0,0.0,0.6841423501687625,0,0,0,0,1,0,6.6000000000000005,0.0,2
9.809945808127765,44.0,0,1099.0,5.0,26.0,8751.0,1267.0,88.0,3.1354942159291497,11.0,2.079441541679836,2.3978952727983707,2.0,0.6931471805599453,2.302585092994046,3.0,1.7320508075688772,3.0,3.0,2.0,2.23606797749979,1,5.0,3.0,2,0.36333132622695424,0.0,7.162886096396504,1,0,2.4,6.0,1.5,0,0.4188255906385606,0.6953499918388868,0,0,0,0,0,0,-6.4,0.0,2
9.033722518098909,33.0,1,536.0,10.0,10.0,21708.0,1268.0,82.0,2.302585092994046,14.0,0.0,2.19722457733622,4.0,1.0986122886681096,2.19722457733622,3.0,0.0,4.0,4.0,3.0,1.7320508075688772,0,3.0,5.0,2,0.8212475016453553,1.0,0.0,0,0,3.4,12.0,4.0,0,0.0,0.6301718365890526,0,0,0,0,0,1,4.200000000000001,10.0,4
8.00469951054955,19.0,1,265.0,25.0,1.0,21221.0,1269.0,57.0,0.6931471805599453,12.0,0.6931471805599453,0.6931471805599453,2.0,0.0,0.0,3.0,0.0,4.0,4.0,4.0,1.4142135623730951,2,1.0,3.0,2,4.002349755274775,2.5,0.0,0,0,3.25,16.0,5.5,0,0.0,0.39064371093939443,0,0,1,0,1,0,15.75,25.0,0
7.228649665640015,23.0,0,373.0,1.0,1.0,16901.0,1270.0,47.0,0.6931471805599453,22.0,0.6931471805599453,0.6931471805599453,4.0,0.6931471805599453,0.0,3.0,0.0,4.0,3.0,3.0,1.4142135623730951,1,1.0,2.0,2,3.6143248328200075,0.0,0.0,0,0,3.4,9.0,1.1,0,0.0,0.25784587681271454,0,0,0,0,1,0,10.200000000000001,0.0,2
7.228649665640015,25.0,1,599.0,24.0,1.0,8040.0,1273.0,73.0,0.6931471805599453,14.0,0.6931471805599453,0.0,3.0,0.0,0.0,3.0,1.0,4.0,1.0,4.0,2.0,2,1.0,1.0,1,3.6143248328200075,2.4,1.6931471805599454,0,0,3.5,4.0,5.4,0,0.5906161091496412,0.30219882542104626,0,0,0,0,1,0,7.5,24.0,0
7.964155718840937,26.0,1,583.0,4.0,8.0,9973.0,1275.0,53.0,2.19722457733622,20.0,0.6931471805599453,1.0986122886681096,3.0,0.0,1.791759469228055,2.0,1.4142135623730951,2.0,3.0,4.0,1.4142135623730951,2,1.0,2.0,2,0.8849061909823264,0.4,4.521558359221469,0,0,2.9499999999999997,12.0,4.4,0,0.4423253757017446,0.3165404066663541,0,0,0,0,0,0,14.700000000000003,4.0,0
9.842941052668094,45.0,1,1449.0,2.0,26.0,2493.0,1277.0,94.0,3.218875824868201,16.0,1.0986122886681096,2.4849066497880004,1.0,0.0,2.3978952727983707,3.0,1.0,1.0,1.0,2.0,1.4142135623730951,2,5.0,3.0,2,0.3645533723210405,0.2,4.218875824868201,0,0,1.8499999999999999,2.0,3.2,0,0.2370299675817646,0.7196997542443218,0,0,0,0,0,0,-10.750000000000002,2.0,0
9.516206114861593,55.0,1,177.0,8.0,34.0,25592.0,1278.0,37.0,3.4657359027997265,15.0,0.6931471805599453,0.0,4.0,0.6931471805599453,2.302585092994046,3.0,3.605551275463989,4.0,2.0,2.0,1.7320508075688772,0,4.0,1.0,0,0.27189160328175976,0.8,16.101439780224883,0,0,3.0500000000000003,4.0,3.8,0,0.8073812141921654,0.48961478852929474,0,0,0,0,0,0,-14.249999999999996,8.0,0
7.873217054862741,21.0,0,251.0,10.0,2.0,25308.0,1279.0,45.0,1.0986122886681096,20.0,0.6931471805599453,1.0986122886681096,1.0,0.0,1.0986122886681096,1.0,1.4142135623730951,3.0,2.0,3.0,1.4142135623730951,2,1.0,2.0,1,2.624405684954247,0.0,2.9678859607972816,0,0,1.9999999999999998,6.0,4.0,0,0.6738803398843289,0.3739312777994862,0,0,0,0,0,0,38.0,0.0,0
9.84108009240751,46.0,0,168.0,4.0,26.0,9946.0,1280.0,33.0,2.4849066497880004,14.0,1.0986122886681096,2.19722457733622,4.0,0.6931471805599453,1.6094379124341005,3.0,0.0,3.0,2.0,2.0,1.4142135623730951,1,5.0,2.0,2,0.36448444786694484,0.0,0.0,0,0,2.9000000000000004,4.0,1.4,0,0.0,0.34724051113140186,1,0,0,0,0,0,-6.599999999999998,0.0,2
8.420462002456466,34.0,1,131.0,2.0,4.0,6039.0,1281.0,86.0,1.3862943611198906,12.0,0.0,1.0986122886681096,3.0,0.0,1.0986122886681096,3.0,0.0,4.0,3.0,1.0,1.7320508075688772,2,2.0,3.0,2,1.6840924004912932,0.2,0.0,0,0,2.45,3.0,3.2,0,0.0,0.356969817588819,1,0,0,0,0,0,9.299999999999999,2.0,0
9.884684885113384,51.0,1,237.0,9.0,31.0,19196.0,1282.0,83.0,3.4011973816621555,24.0,1.6094379124341005,2.3978952727983707,4.0,0.6931471805599453,2.3978952727983707,2.0,3.3166247903554,1.0,3.0,2.0,2.23606797749979,0,5.0,3.0,1,0.30889640265979323,0.9,14.597120343267983,1,0,2.35,6.0,4.9,0,0.7535732898902261,0.6351169811887073,0,0,0,0,0,0,-18.15,9.0,2
9.26036786557583,59.0,0,1429.0,18.0,25.0,20002.0,1283.0,67.0,2.302585092994046,12.0,1.9459101490553128,1.6094379124341005,4.0,0.0,2.079441541679836,2.0,2.23606797749979,4.0,3.0,4.0,2.449489742783178,2,3.0,4.0,2,0.35616799482983963,0.0,7.384804769412152,1,0,3.5,12.0,3.8,0,0.6770659693956964,0.7406151132169204,0,0,0,0,0,0,-9.5,0.0,0
8.399535147948004,34.0,0,135.0,19.0,15.0,22534.0,1285.0,46.0,2.4849066497880004,13.0,1.6094379124341005,2.3978952727983707,3.0,1.0986122886681096,2.19722457733622,4.0,2.23606797749979,3.0,3.0,2.0,1.4142135623730951,0,2.0,3.0,1,0.5249709467467503,0.0,7.792488164167022,1,0,2.9000000000000004,6.0,1.9,0,0.6416435796453308,0.37843794973134304,1,0,0,0,0,1,6.599999999999998,0.0,2
7.675546002537848,28.0,1,791.0,1.0,5.0,6842.0,1286.0,44.0,1.6094379124341005,11.0,0.0,1.0986122886681096,4.0,0.0,1.0986122886681096,2.0,0.0,3.0,3.0,3.0,1.4142135623730951,2,1.0,4.0,1,1.2792576670896414,0.1,0.0,0,0,3.0,9.0,4.1,0,0.0,0.26302527360546524,0,0,1,0,0,0,12.0,1.0,0
9.862196698118249,44.0,0,1199.0,4.0,26.0,17477.0,1288.0,92.0,3.258096538021482,14.0,0.6931471805599453,2.639057329615259,3.0,1.0986122886681096,2.302585092994046,2.0,3.605551275463989,4.0,4.0,1.0,2.0,0,5.0,2.0,2,0.3652665443747499,0.0,15.352785403712149,0,0,2.2,4.0,2.4,0,0.8467518862640214,0.8200421777972098,0,0,0,0,0,0,-7.199999999999999,0.0,4
8.409830673087738,34.0,0,648.0,11.0,14.0,21833.0,1289.0,56.0,2.3978952727983707,11.0,1.6094379124341005,2.19722457733622,3.0,1.0986122886681096,2.302585092994046,4.0,1.0,4.0,2.0,2.0,2.23606797749979,1,2.0,3.0,1,0.5606553782058492,0.0,3.3978952727983707,1,0,3.0500000000000003,4.0,1.1,0,0.2942998296638024,0.4998884302199203,0,0,0,0,0,0,5.699999999999998,0.0,1
8.162516250140179,35.0,1,735.0,6.0,4.0,6020.0,1291.0,66.0,1.3862943611198906,14.0,0.0,1.0986122886681096,3.0,0.0,1.0986122886681096,3.0,1.4142135623730951,4.0,3.0,3.0,1.7320508075688772,1,1.0,1.0,2,1.6325032500280359,0.6,3.37472984931019,0,0,3.15,9.0,3.6,0,0.5926400302556987,0.36916007257964184,0,0,0,0,0,0,4.25,6.0,2
7.771910256435763,42.0,1,603.0,7.0,18.0,5628.0,1292.0,78.0,0.6931471805599453,16.0,1.9459101490553128,0.0,2.0,0.0,0.0,3.0,0.0,4.0,4.0,2.0,1.4142135623730951,1,2.0,4.0,2,0.4090479082334612,0.7,0.0,1,0,2.55,8.0,3.7,0,0.0,0.347694325480848,1,0,0,0,1,0,-2.9000000000000004,7.0,2
9.23327534325868,43.0,0,531.0,4.0,23.0,20364.0,1293.0,56.0,3.091042453358316,14.0,1.3862943611198906,2.8903717578961645,4.0,0.0,2.079441541679836,4.0,3.605551275463989,4.0,2.0,4.0,1.7320508075688772,2,3.0,4.0,2,0.38471980596911165,0.0,14.750463335683405,0,0,4.0,8.0,0.4,0,0.8813282474016397,0.5417116135321979,0,0,0,0,0,0,-0.0,0.0,0
8.596189197642735,36.0,1,429.0,2.0,18.0,2323.0,1294.0,53.0,2.833213344056216,11.0,2.302585092994046,2.5649493574615367,3.0,0.0,2.70805020110221,3.0,2.23606797749979,4.0,3.0,2.0,1.4142135623730951,2,2.0,4.0,2,0.4524310104022492,0.2,8.571325609568989,1,0,2.8000000000000003,6.0,3.2,0,0.5833403405440605,0.2716798568623676,1,1,0,0,0,0,4.799999999999999,2.0,0
8.984568369308281,44.0,0,621.0,15.0,10.0,14075.0,1295.0,73.0,2.3978952727983707,11.0,0.6931471805599453,1.791759469228055,1.0,0.6931471805599453,2.079441541679836,3.0,0.0,4.0,3.0,4.0,1.4142135623730951,1,3.0,3.0,2,0.8167789426643892,0.0,0.0,0,0,3.0,12.0,2.5,0,0.0,0.5319923388912882,0,0,0,0,0,0,-4.0,0.0,2
8.260492856573185,28.0,1,193.0,2.0,2.0,14222.0,1296.0,52.0,1.0986122886681096,12.0,0.6931471805599453,1.0986122886681096,4.0,0.6931471805599453,1.0986122886681096,3.0,1.4142135623730951,2.0,2.0,4.0,1.4142135623730951,1,1.0,3.0,1,2.7534976188577285,0.2,2.9678859607972816,0,0,3.4499999999999997,8.0,3.2,0,0.6738803398843289,0.3137214531905049,0,0,1,0,0,0,6.600000000000003,2.0,1
7.951207156472972,51.0,0,968.0,6.0,8.0,4257.0,1297.0,40.0,2.079441541679836,14.0,0.0,2.079441541679836,2.0,0.0,0.0,2.0,2.6457513110645907,2.0,2.0,3.0,2.449489742783178,2,1.0,2.0,1,0.8834674618303302,0.0,8.147436496246192,0,0,2.3499999999999996,6.0,2.6,0,0.8591659478690193,0.28041264972201074,0,1,0,0,0,0,-18.150000000000006,0.0,0
8.454466361507933,30.0,1,879.0,9.0,10.0,12858.0,1298.0,72.0,2.19722457733622,18.0,2.079441541679836,2.079441541679836,3.0,0.0,1.6094379124341005,3.0,1.0,3.0,3.0,3.0,1.7320508075688772,2,2.0,2.0,0,0.7685878510461758,0.9,3.19722457733622,1,0,3.0,9.0,3.9,0,0.3127712726495909,0.5124788647900799,0,0,0,0,0,0,10.0,9.0,0
8.113726085970747,29.0,1,806.0,7.0,10.0,17285.0,1299.0,39.0,2.079441541679836,13.0,1.3862943611198906,2.079441541679836,2.0,1.0986122886681096,2.079441541679836,3.0,2.6457513110645907,1.0,3.0,3.0,1.4142135623730951,0,1.0,3.0,2,0.737611462360977,0.7,8.147436496246192,0,0,2.4499999999999997,9.0,3.7,0,0.8591659478690193,0.3939246153758661,0,0,0,0,0,1,17.050000000000004,7.0,4
7.640603826393634,28.0,0,640.0,1.0,5.0,4732.0,1301.0,84.0,1.3862943611198906,11.0,1.0986122886681096,1.0986122886681096,4.0,0.0,1.0986122886681096,2.0,1.0,2.0,3.0,1.0,1.4142135623730951,2,1.0,3.0,2,1.2734339710656057,0.0,2.386294361119891,0,0,2.15,3.0,2.1,0,0.41905978419640516,0.3543907988675351,0,0,1,0,0,0,22.200000000000003,0.0,0
7.64826303090192,25.0,0,266.0,1.0,2.0,18830.0,1303.0,40.0,1.0986122886681096,18.0,0.6931471805599453,0.6931471805599453,4.0,0.0,1.0986122886681096,2.0,1.4142135623730951,4.0,3.0,2.0,1.7320508075688772,2,1.0,3.0,2,2.54942101030064,0.0,2.9678859607972816,0,0,2.8000000000000003,6.0,2.1,0,0.6738803398843289,0.272557499982554,0,0,1,0,0,0,17.999999999999996,0.0,0
8.733916174927524,32.0,0,604.0,8.0,10.0,11693.0,1304.0,56.0,2.3978952727983707,15.0,0.6931471805599453,2.19722457733622,3.0,1.0986122886681096,2.079441541679836,4.0,0.0,3.0,4.0,4.0,2.0,1,2.0,3.0,2,0.7939923795388658,0.0,0.0,0,0,3.5999999999999996,16.0,0.8,0,0.0,0.4207322561099859,0,0,0,0,0,0,3.200000000000003,0.0,2
9.801565562810744,45.0,0,364.0,25.0,22.0,13035.0,1306.0,83.0,0.0,22.0,1.3862943611198906,0.0,2.0,0.0,0.0,3.0,0.0,3.0,3.0,2.0,2.0,2,5.0,3.0,1,0.42615502447003234,0.0,0.0,0,0,2.4,6.0,3.5,0,0.0,0.5881756152265754,0,0,0,0,1,0,-8.0,0.0,0
9.748236267264836,39.0,1,412.0,13.0,21.0,17334.0,1307.0,94.0,2.995732273553991,13.0,1.9459101490553128,1.0986122886681096,3.0,1.0986122886681096,2.302585092994046,3.0,3.605551275463989,4.0,2.0,2.0,2.0,0,4.0,4.0,2,0.44310164851203804,1.3,14.406817595325217,1,0,2.8000000000000003,4.0,4.3,0,0.9023505652086754,0.6741855163209304,0,0,0,0,0,0,1.1999999999999997,13.0,4
7.771910256435763,58.0,0,848.0,23.0,2.0,26076.0,1308.0,88.0,1.0986122886681096,12.0,0.6931471805599453,1.0986122886681096,1.0,1.0986122886681096,1.0986122886681096,3.0,1.4142135623730951,4.0,3.0,3.0,1.7320508075688772,0,1.0,4.0,2,2.5906367521452545,0.0,2.9678859607972816,0,0,2.65,9.0,3.3,0,0.6738803398843289,0.632512550473626,0,0,0,0,0,0,-24.3,0.0,4
8.493719835230594,32.0,0,1089.0,7.0,10.0,22845.0,1309.0,79.0,2.3978952727983707,18.0,0.6931471805599453,0.6931471805599453,4.0,0.6931471805599453,1.6094379124341005,3.0,1.0,1.0,3.0,3.0,1.7320508075688772,1,2.0,2.0,2,0.7721563486573267,0.0,3.3978952727983707,0,0,2.9499999999999997,9.0,1.7,1,0.2942998296638024,0.6790050914576198,0,0,0,0,0,0,8.400000000000002,0.0,2
8.439880088313567,30.0,0,1138.0,6.0,10.0,23631.0,1311.0,48.0,2.302585092994046,12.0,0.0,2.079441541679836,1.0,0.6931471805599453,1.0986122886681096,3.0,2.449489742783178,1.0,2.0,4.0,2.449489742783178,1,2.0,3.0,2,0.7672618262103242,0.0,8.089648309957543,0,0,2.55,8.0,1.6,0,0.7416886087142506,0.5798818978761853,0,0,0,0,0,0,14.500000000000002,0.0,2
8.867145589594143,36.0,0,325.0,10.0,10.0,5747.0,1312.0,63.0,2.079441541679836,12.0,1.3862943611198906,2.079441541679836,4.0,0.0,2.079441541679836,3.0,1.0,1.0,3.0,3.0,0.0,1,3.0,4.0,2,0.8061041445085585,0.0,3.079441541679836,0,1,2.9499999999999997,9.0,2.0,0,0.32473420471378706,0.34865728120793393,1,0,0,0,0,0,4.200000000000001,0.0,2
8.138564737261632,46.0,0,991.0,1.0,10.0,22957.0,1314.0,44.0,2.079441541679836,12.0,1.9459101490553128,2.079441541679836,4.0,0.0,1.9459101490553128,4.0,2.23606797749979,3.0,3.0,1.0,1.7320508075688772,2,1.0,2.0,2,0.7398695215692392,0.0,6.885840619932866,1,0,2.8,3.0,0.1,0,0.7261277563593606,0.5041627179748405,0,1,0,0,0,0,-7.200000000000001,0.0,0
8.80612448326845,28.0,0,1476.0,1.0,10.0,16392.0,1315.0,55.0,2.302585092994046,11.0,0.0,1.791759469228055,3.0,1.3862943611198906,2.19722457733622,3.0,2.6457513110645907,1.0,1.0,4.0,2.449489742783178,1,2.0,3.0,0,0.8005567712062227,0.0,8.73781883969137,0,0,3.05,4.0,1.1,0,0.8011152586733246,0.6271753720405917,0,0,0,0,0,0,11.400000000000002,0.0,0
9.733944008101387,50.0,1,1322.0,28.0,25.0,22422.0,1317.0,43.0,1.3862943611198906,11.0,1.6094379124341005,1.0986122886681096,4.0,0.0,1.0986122886681096,3.0,1.0,2.0,3.0,1.0,1.4142135623730951,1,4.0,3.0,2,0.37438246185005336,2.8,2.386294361119891,1,0,2.4,3.0,5.8,0,0.41905978419640516,0.7046204401697689,0,0,0,1,0,0,-16.0,28.0,2
9.115480090952223,40.0,1,299.0,25.0,9.0,17235.0,1318.0,57.0,1.791759469228055,12.0,1.0986122886681096,0.0,4.0,0.0,1.6094379124341005,3.0,1.0,3.0,2.0,2.0,1.4142135623730951,2,3.0,4.0,2,0.9115480090952224,2.5,2.791759469228055,0,0,2.9000000000000004,4.0,5.5,0,0.3581970477838151,0.46126864047034466,0,0,0,0,0,0,0.0,25.0,0
9.041566627727496,52.0,1,1030.0,5.0,10.0,21534.0,1319.0,64.0,2.19722457733622,19.0,2.302585092994046,2.079441541679836,2.0,0.0,2.079441541679836,2.0,2.6457513110645907,3.0,3.0,2.0,1.4142135623730951,2,3.0,3.0,2,0.8219606025206815,0.5,8.459061117255237,1,0,2.15,6.0,4.5,0,0.8275150046759958,0.6532815361856014,0,0,0,0,0,0,-22.200000000000003,5.0,0
9.385721231090804,30.0,1,634.0,17.0,9.0,25927.0,1321.0,95.0,2.302585092994046,23.0,0.6931471805599453,2.19722457733622,2.0,1.0986122886681096,0.6931471805599453,3.0,0.0,4.0,3.0,1.0,1.4142135623730951,1,3.0,4.0,2,0.9385721231090803,1.7,0.0,0,0,2.2,3.0,4.7,0,0.0,0.7696208917324057,0,0,0,1,0,0,18.0,17.0,2
8.419580362549237,39.0,0,524.0,18.0,9.0,13352.0,1322.0,32.0,2.19722457733622,11.0,0.0,2.079441541679836,1.0,0.0,2.079441541679836,3.0,1.0,1.0,3.0,3.0,2.449489742783178,2,2.0,2.0,2,0.8419580362549237,0.0,3.19722457733622,0,0,2.1999999999999997,9.0,2.8,0,0.3127712726495909,0.307767921195528,1,0,0,0,0,0,1.8000000000000003,0.0,0
9.195531256322475,31.0,1,587.0,2.0,10.0,8935.0,1324.0,57.0,2.3978952727983707,19.0,0.6931471805599453,1.9459101490553128,4.0,0.6931471805599453,2.19722457733622,2.0,3.0,1.0,3.0,3.0,2.23606797749979,0,3.0,4.0,0,0.8359573869384068,0.2,10.193685818395112,0,0,2.6999999999999997,9.0,4.2,0,0.8828994889914074,0.4370258861324641,0,0,0,0,0,1,11.700000000000003,2.0,0
8.72453251118548,41.0,0,256.0,10.0,19.0,22074.0,1329.0,40.0,2.995732273553991,13.0,0.6931471805599453,2.302585092994046,3.0,0.0,1.0986122886681096,3.0,3.3166247903554,1.0,1.0,2.0,2.0,2,2.0,2.0,0,0.436226625559274,0.0,13.25234471409231,0,0,2.35,2.0,2.0,0,0.8300417954192508,0.4046358355610443,0,1,0,0,0,0,-1.65,0.0,0
7.741967899820685,31.0,1,1060.0,1.0,3.0,8319.0,1331.0,54.0,1.3862943611198906,11.0,0.6931471805599453,1.0986122886681096,4.0,0.0,1.0986122886681096,4.0,1.4142135623730951,1.0,3.0,2.0,1.4142135623730951,2,1.0,3.0,1,1.9354919749551713,0.1,3.37472984931019,0,0,2.85,6.0,2.1,0,0.5926400302556987,0.36795674662845645,0,0,1,0,0,0,10.35,1.0,0
7.767687277186908,44.0,0,935.0,3.0,10.0,14669.0,1333.0,89.0,1.3862943611198906,12.0,1.6094379124341005,1.0986122886681096,1.0,0.0,1.0986122886681096,4.0,1.0,3.0,3.0,1.0,2.0,1,1.0,3.0,2,0.7061533888351734,0.0,2.386294361119891,1,0,2.05,3.0,0.3,0,0.41905978419640516,0.5367504471729622,0,0,0,0,0,0,-7.800000000000001,0.0,2
9.790430830243832,42.0,1,495.0,2.0,21.0,26582.0,1334.0,37.0,3.044522437723423,13.0,0.0,2.3978952727983707,3.0,0.0,2.19722457733622,2.0,1.4142135623730951,4.0,3.0,3.0,1.7320508075688772,1,4.0,1.0,0,0.4450195831929014,0.2,5.719818484750756,0,0,2.9,9.0,4.2,0,0.34966144560916973,0.5822716833558504,0,0,0,0,0,0,-2.2,2.0,0
9.862040362621954,55.0,0,282.0,2.0,23.0,6992.0,1336.0,58.0,2.995732273553991,14.0,1.6094379124341005,2.4849066497880004,4.0,0.6931471805599453,2.302585092994046,3.0,3.0,4.0,1.0,3.0,2.23606797749979,1,5.0,2.0,2,0.4109183484425814,0.0,11.987196820661973,1,0,3.4,3.0,1.2,0,0.750801053377798,0.42924729505534587,0,0,0,0,0,0,-9.000000000000002,0.0,2
9.884684885113384,56.0,0,206.0,8.0,34.46000000000004,4022.0,1338.0,99.0,2.079441541679836,14.0,1.9459101490553128,2.079441541679836,4.0,0.0,1.3862943611198906,3.0,2.6457513110645907,1.0,3.0,2.0,2.0,2,5.0,4.0,2,0.278755918925927,0.0,8.147436496246192,1,0,2.6,6.0,1.8,0,0.8591659478690193,0.5343934248436316,0,0,0,0,0,0,-22.4,0.0,0
8.173293438966228,40.0,0,458.0,16.0,6.0,8532.0,1340.0,74.0,1.6094379124341005,16.0,2.302585092994046,0.0,3.0,0.6931471805599453,1.0986122886681096,3.0,0.0,2.0,3.0,3.0,0.0,0,1.0,2.0,0,1.1676133484237468,0.0,0.0,1,0,2.8499999999999996,9.0,2.6,1,0.0,0.37439121871317715,0,0,0,0,0,0,0.0,0.0,0
9.04793908261736,34.0,0,943.0,9.0,10.0,5494.0,1344.0,86.0,2.302585092994046,11.0,0.0,1.9459101490553128,4.0,0.6931471805599453,2.079441541679836,2.0,1.0,4.0,3.0,4.0,0.0,0,3.0,3.0,2,0.8225399166015781,0.0,3.302585092994046,0,0,3.5,12.0,2.9,0,0.30279310656411385,0.5558718521131952,0,0,0,0,0,1,3.0,0.0,4
8.447199819595703,40.0,0,523.0,2.0,9.0,22455.0,1346.0,98.0,2.302585092994046,13.0,0.6931471805599453,2.19722457733622,3.0,0.0,2.19722457733622,3.0,2.8284271247461903,3.0,3.0,4.0,2.0,2,2.0,3.0,2,0.8447199819595703,0.0,9.341121258806778,0,0,3.3499999999999996,12.0,1.2,0,0.8564282357921034,0.6372801740110035,0,1,0,0,0,0,0.0,0.0,0
8.319717386850606,41.0,0,1018.0,1.0,10.0,4297.0,1349.0,66.0,2.302585092994046,17.0,0.0,2.079441541679836,3.0,0.6931471805599453,1.3862943611198906,3.0,1.0,4.0,3.0,1.0,1.4142135623730951,0,2.0,3.0,1,0.7563379442591459,0.0,3.302585092994046,0,0,2.45,3.0,1.1,0,0.30279310656411385,0.41730518401509964,0,0,0,0,0,0,-1.5499999999999998,0.0,2
8.354674261918463,35.0,1,482.0,4.0,9.0,2690.0,1350.0,87.0,2.302585092994046,11.0,0.6931471805599453,0.6931471805599453,3.0,0.0,1.9459101490553128,3.0,1.0,2.0,3.0,3.0,1.7320508075688772,2,2.0,4.0,1,0.8354674261918463,0.4,3.302585092994046,0,0,2.8499999999999996,9.0,3.4,1,0.30279310656411385,0.38354438175666905,1,0,0,0,0,0,5.750000000000002,4.0,0
9.54873932271967,51.0,1,770.0,5.0,33.0,17588.0,1352.0,84.0,3.4657359027997265,11.0,0.6931471805599453,2.3978952727983707,3.0,0.6931471805599453,2.302585092994046,3.0,0.0,2.0,3.0,2.0,1.4142135623730951,0,4.0,3.0,2,0.2808452741976374,0.5,0.0,0,0,2.5,6.0,3.5,0,0.0,0.6863090734748474,0,0,0,0,0,0,-16.5,5.0,4
8.83840674707681,38.0,0,1009.0,2.0,11.0,19461.0,1355.0,31.0,2.079441541679836,15.0,1.3862943611198906,2.079441541679836,2.0,0.6931471805599453,2.079441541679836,3.0,1.0,4.0,3.0,1.0,1.7320508075688772,0,2.0,2.0,2,0.7365338955897341,0.0,3.079441541679836,0,0,2.2,3.0,1.2,0,0.32473420471378706,0.4917347897154599,0,0,0,0,0,0,3.5999999999999996,0.0,4
8.72029728739272,34.0,0,507.0,15.0,10.0,23553.0,1356.0,66.0,2.3978952727983707,12.0,0.6931471805599453,1.9459101490553128,3.0,0.0,2.19722457733622,4.0,3.0,4.0,3.0,1.0,2.449489742783178,2,2.0,2.0,2,0.7927542988538836,0.0,10.193685818395112,0,0,2.7,3.0,1.5,0,0.8828994889914074,0.5568584340131733,0,0,0,0,0,0,7.799999999999999,0.0,0
8.207946941048617,25.0,0,882.0,19.0,7.0,9075.0,1358.0,67.0,1.3862943611198906,11.0,1.3862943611198906,1.0986122886681096,4.0,1.3862943611198906,1.0986122886681096,2.0,1.0,3.0,3.0,4.0,2.449489742783178,1,1.0,1.0,2,1.025993367631077,0.0,2.386294361119891,0,0,3.3499999999999996,12.0,3.9,0,0.41905978419640516,0.4339805802682784,0,0,0,0,0,0,9.750000000000005,0.0,2
9.21123996721902,58.0,1,601.0,7.0,31.0,12023.0,1360.0,53.0,2.3978952727983707,14.0,2.079441541679836,2.302585092994046,3.0,0.0,2.302585092994046,2.0,2.23606797749979,4.0,2.0,1.0,0.0,1,3.0,4.0,2,0.2878512489755944,0.7,7.59792481040235,1,1,2.2,2.0,4.7,0,0.6580744248948713,0.45772191856623107,0,0,0,0,0,0,-32.4,7.0,2
7.778211474512493,40.0,0,329.0,1.0,7.0,6762.0,1361.0,88.0,1.6094379124341005,22.0,1.3862943611198906,1.3862943611198906,2.0,0.6931471805599453,1.0986122886681096,3.0,0.0,3.0,3.0,2.0,1.7320508075688772,1,1.0,4.0,2,0.9722764343140616,0.0,0.0,0,0,2.4,6.0,1.1,0,0.0,0.34635132782402156,0,0,0,0,0,0,0.0,0.0,2
8.442469645220301,36.0,0,607.0,7.0,17.0,2261.0,1362.0,83.0,2.772588722239781,16.0,1.0986122886681096,2.639057329615259,1.0,0.6931471805599453,2.079441541679836,2.0,2.449489742783178,4.0,4.0,1.0,1.4142135623730951,1,2.0,3.0,1,0.46902609140112783,0.0,9.24091737886584,0,0,1.7000000000000002,4.0,2.7,0,0.6492861859929748,0.39558542930250784,1,1,0,0,0,0,9.2,0.0,1
8.97449144816442,48.0,0,855.0,4.0,11.0,18706.0,1363.0,54.0,2.3978952727983707,11.0,0.6931471805599453,2.19722457733622,4.0,0.0,2.302585092994046,3.0,0.0,3.0,3.0,4.0,1.4142135623730951,2,3.0,3.0,2,0.747874287347035,0.0,0.0,0,0,3.5999999999999996,12.0,1.4,0,0.0,0.5515487998872077,0,0,0,0,0,0,-3.200000000000003,0.0,0
7.837948916025283,27.0,0,1291.0,11.0,5.0,6527.0,1364.0,98.0,0.6931471805599453,14.0,2.19722457733622,0.0,3.0,0.6931471805599453,0.0,3.0,0.0,2.0,4.0,4.0,2.0,1,1.0,3.0,2,1.3063248193375472,0.0,0.0,1,0,3.1999999999999997,16.0,2.1,1,0.0,0.5574840685995014,0,0,1,0,1,0,10.400000000000004,0.0,2
9.483644576482009,51.0,0,1405.0,11.0,29.0,24439.0,1367.0,82.0,1.791759469228055,16.0,1.3862943611198906,1.3862943611198906,4.0,0.0,1.0986122886681096,2.0,0.0,2.0,2.0,2.0,1.0,2,4.0,2.0,2,0.31612148588273364,0.0,0.0,0,0,2.5,4.0,3.1,0,0.0,0.8554468512494177,0,0,0,0,0,0,-16.5,0.0,0
7.385230923066573,18.0,0,1124.0,1.0,1.0,19305.0,1368.0,97.0,0.0,15.0,0.6931471805599453,0.0,4.0,0.0,0.0,4.0,0.0,3.0,3.0,4.0,2.23606797749979,2,1.0,3.0,0,3.6926154615332867,0.0,0.0,0,0,3.8499999999999996,12.0,0.1,0,0.0,0.6096823895086682,0,0,1,0,1,0,3.300000000000008,0.0,0
8.587465244401569,35.0,0,817.0,1.0,10.0,10846.0,1369.0,60.0,2.302585092994046,12.0,0.0,0.0,4.0,0.6931471805599453,2.079441541679836,3.0,0.0,2.0,2.0,4.0,0.0,1,2.0,3.0,2,0.7806786585819608,0.0,0.0,0,0,3.4499999999999997,8.0,1.1,1,0.0,0.4508483244348641,0,0,0,0,0,0,2.7500000000000013,0.0,2
8.531490496117062,27.0,0,793.0,2.0,8.0,20392.0,1371.0,43.0,1.9459101490553128,20.0,1.3862943611198906,0.0,4.0,0.0,1.0986122886681096,3.0,0.0,2.0,1.0,4.0,1.7320508075688772,2,2.0,1.0,1,0.9479433884574513,0.0,0.0,0,0,3.4499999999999997,4.0,1.2,1,0.0,0.47639461512264347,0,0,0,0,0,0,7.150000000000004,0.0,0
9.524859098381524,55.0,1,267.0,13.0,24.0,9277.0,1372.0,85.0,2.995732273553991,17.0,1.9459101490553128,2.19722457733622,1.0,0.0,2.079441541679836,2.0,1.7320508075688772,3.0,4.0,3.0,1.4142135623730951,2,4.0,4.0,2,0.380994363935261,1.3,6.920811311238215,1,0,2.25,12.0,5.3,0,0.4334751902755262,0.5141914306934807,0,0,0,0,0,0,-26.25,13.0,0
9.503233841478496,56.0,1,1369.0,23.0,33.0,18235.0,1373.0,68.0,2.995732273553991,12.0,1.6094379124341005,2.302585092994046,4.0,0.6931471805599453,2.833213344056216,3.0,3.605551275463989,1.0,3.0,2.0,0.0,1,4.0,3.0,2,0.279506877690544,2.3,14.406817595325217,1,0,2.6,6.0,5.3,0,0.9023505652086754,0.7385716680731423,0,0,0,0,0,0,-22.4,23.0,2
7.615791072035833,34.0,0,999.0,26.0,5.0,15891.0,1374.0,92.0,1.791759469228055,20.0,0.6931471805599453,0.0,1.0,1.3862943611198906,1.6094379124341005,3.0,0.0,3.0,2.0,3.0,1.4142135623730951,0,1.0,1.0,0,1.269298512005972,0.0,0.0,0,0,2.5,6.0,3.6,0,0.0,0.55688719034998,0,0,0,0,0,1,9.0,0.0,0
8.760609847570002,40.0,0,1202.0,2.0,15.0,13888.0,1375.0,89.0,2.5649493574615367,20.0,1.791759469228055,2.19722457733622,2.0,1.3862943611198906,2.4849066497880004,3.0,3.3166247903554,2.0,4.0,3.0,0.0,0,2.0,1.0,2,0.5475381154731251,0.0,11.823599415318487,1,0,2.5999999999999996,12.0,1.2,0,0.9303427504274677,0.6701507081675722,0,1,0,0,0,0,0.0,0.0,4
8.599694412927981,34.0,0,285.0,29.0,10.0,17491.0,1377.0,86.0,2.19722457733622,13.0,1.6094379124341005,2.079441541679836,2.0,1.0986122886681096,2.079441541679836,3.0,2.6457513110645907,1.0,3.0,3.0,1.0,1,2.0,3.0,2,0.781790401175271,0.0,8.459061117255237,1,0,2.4499999999999997,9.0,3.9,0,0.8275150046759958,0.5163560055416633,0,0,0,0,0,0,9.3,0.0,2
7.932362154339751,31.0,0,703.0,2.0,3.0,11882.0,1379.0,90.0,0.6931471805599453,14.0,2.079441541679836,0.0,3.0,0.0,0.0,4.0,0.0,3.0,2.0,4.0,1.7320508075688772,2,1.0,3.0,1,1.9830905385849378,0.0,0.0,1,0,3.5999999999999996,8.0,0.2,0,0.0,0.4863280934660935,0,0,1,0,1,0,3.600000000000003,0.0,0
8.437067146936952,35.0,1,662.0,18.0,5.0,23288.0,1380.0,67.0,1.6094379124341005,18.0,0.0,1.0986122886681096,4.0,0.6931471805599453,1.0986122886681096,2.0,1.7320508075688772,3.0,3.0,3.0,0.0,1,2.0,4.0,1,1.4061778578228254,1.8,4.519679043532329,0,0,3.0,9.0,5.8,0,0.6637639467548048,0.5588486541812621,0,0,0,0,0,0,5.0,18.0,1
7.867488568699128,38.0,0,693.0,7.0,4.0,15748.0,1382.0,57.0,1.6094379124341005,11.0,0.6931471805599453,1.3862943611198906,4.0,1.3862943611198906,1.0986122886681096,3.0,0.0,4.0,4.0,3.0,1.4142135623730951,0,1.0,3.0,1,1.5734977137398256,0.0,0.0,0,0,3.4,12.0,1.7,0,0.0,0.39938262697642557,0,0,0,0,0,0,1.2000000000000002,0.0,2
8.808070154764538,34.0,0,404.0,2.0,14.0,6163.0,1383.0,98.0,2.70805020110221,11.0,0.6931471805599453,2.4849066497880004,3.0,0.0,2.4849066497880004,4.0,2.0,4.0,3.0,4.0,1.4142135623730951,2,2.0,4.0,2,0.5872046769843026,0.0,7.41610040220442,0,0,3.75,12.0,0.2,0,0.5393670235115761,0.48641009633490767,0,0,0,0,0,0,1.5,0.0,0
8.460622839927844,28.0,0,736.0,26.0,5.0,24232.0,1387.0,48.0,1.791759469228055,11.0,0.6931471805599453,1.6094379124341005,3.0,0.6931471805599453,1.3862943611198906,3.0,0.0,3.0,2.0,1.0,0.0,1,2.0,3.0,2,1.4101038066546405,0.0,0.0,0,0,2.3,2.0,3.6,0,0.0,0.5159273686842131,0,0,1,0,0,0,20.400000000000002,0.0,2
8.729073550451737,31.0,1,330.0,22.0,10.0,21057.0,1389.0,98.0,2.3978952727983707,15.0,0.6931471805599453,2.079441541679836,4.0,1.0986122886681096,1.0986122886681096,2.0,2.449489742783178,4.0,3.0,3.0,1.7320508075688772,1,2.0,4.0,2,0.7935521409501579,2.2,8.323109617771056,0,0,3.15,9.0,6.2,0,0.7208844140643205,0.6152399886299154,0,0,0,0,0,0,7.65,22.0,2
8.71948076085107,39.0,1,1498.0,21.0,8.0,3567.0,1390.0,44.0,1.791759469228055,12.0,1.3862943611198906,1.6094379124341005,1.0,1.0986122886681096,1.6094379124341005,4.0,1.0,4.0,2.0,4.0,1.4142135623730951,1,2.0,4.0,2,0.9688311956501189,2.1,2.791759469228055,0,0,3.25,8.0,4.1,0,0.3581970477838151,0.45493209391755984,0,0,0,0,0,0,0.75,21.0,2
9.268326221174837,51.0,0,541.0,2.0,14.0,15395.0,1391.0,52.0,1.6094379124341005,11.0,1.0986122886681096,1.0986122886681096,2.0,0.0,1.0986122886681096,3.0,1.7320508075688772,2.0,3.0,2.0,2.23606797749979,1,3.0,3.0,1,0.6178884147449891,0.0,4.519679043532329,0,0,2.25,6.0,1.2,0,0.6637639467548048,0.4826350789426944,0,0,0,0,0,0,-19.25,0.0,1
8.60666819784384,41.0,1,1200.0,22.0,12.0,13953.0,1392.0,75.0,1.9459101490553128,14.0,1.3862943611198906,1.3862943611198906,4.0,1.0986122886681096,1.0986122886681096,2.0,1.7320508075688772,1.0,3.0,4.0,2.0,0,2.0,3.0,1,0.6620513998341415,2.2,5.102466052696606,0,0,3.05,12.0,6.2,0,0.5879509964430881,0.6059554803020347,0,0,0,0,0,0,-0.9500000000000002,22.0,2
8.005367067316664,37.0,1,1439.0,4.0,8.0,5182.0,1394.0,54.0,1.9459101490553128,15.0,2.079441541679836,1.3862943611198906,3.0,0.0,1.6094379124341005,3.0,1.0,4.0,3.0,3.0,1.4142135623730951,1,1.0,1.0,2,0.8894852297018515,0.4,2.9459101490553126,1,0,3.15,9.0,3.4,0,0.3394536660667256,0.42908350886162844,0,0,0,0,0,0,2.5500000000000003,4.0,2
9.21024036697585,33.0,0,1111.0,5.0,8.0,19293.0,1395.0,61.0,1.791759469228055,13.0,1.9459101490553128,1.0986122886681096,2.0,0.0,1.6094379124341005,4.0,1.0,1.0,3.0,4.0,1.4142135623730951,1,2.0,1.0,1,1.0233600407750945,0.0,2.791759469228055,1,0,3.05,12.0,0.5,0,0.3581970477838151,0.6504435740152141,0,0,0,0,0,0,6.650000000000001,0.0,1
8.313607139317558,32.0,1,499.0,2.0,4.0,20497.0,1396.0,36.0,1.3862943611198906,13.0,0.0,1.0986122886681096,3.0,1.3862943611198906,1.0986122886681096,2.0,1.0,1.0,3.0,2.0,1.7320508075688772,1,2.0,1.0,2,1.6627214278635116,0.2,2.386294361119891,0,0,2.1,6.0,4.2,0,0.41905978419640516,0.379327551604491,1,0,0,0,0,0,15.2,2.0,2
9.298442820197728,39.0,0,1485.0,25.0,13.0,3449.0,1397.0,71.0,1.9459101490553128,21.0,1.3862943611198906,1.791759469228055,3.0,0.6931471805599453,1.6094379124341005,3.0,0.0,2.0,3.0,3.0,1.4142135623730951,1,3.0,2.0,0,0.6641744871569806,0.0,0.0,0,0,2.8499999999999996,9.0,3.5,0,0.0,0.6023447036431961,0,0,0,0,0,0,1.1500000000000004,0.0,0
8.73761303680885,25.0,0,1372.0,18.0,6.0,12477.0,1399.0,93.0,1.3862943611198906,11.0,1.0986122886681096,1.0986122886681096,1.0,0.0,1.0986122886681096,2.0,1.0,2.0,4.0,3.0,1.7320508075688772,1,2.0,1.0,2,1.2482304338298358,0.0,2.386294361119891,0,0,2.0999999999999996,12.0,3.8,0,0.41905978419640516,0.6985303527560695,0,0,0,0,0,0,28.500000000000007,0.0,2
9.49160187662504,52.0,1,322.0,28.0,24.0,9731.0,1401.0,59.0,1.791759469228055,11.0,1.0986122886681096,1.0986122886681096,4.0,0.6931471805599453,1.3862943611198906,2.0,0.0,2.0,4.0,3.0,1.7320508075688772,1,4.0,2.0,1,0.3796640750650016,2.8,0.0,0,0,2.8499999999999996,12.0,6.8,0,0.0,0.43260378075448563,0,0,0,0,0,0,-13.800000000000004,28.0,1
8.31434234336979,43.0,1,930.0,6.0,20.0,20003.0,1402.0,73.0,3.044522437723423,14.0,0.6931471805599453,2.19722457733622,1.0,0.0,2.079441541679836,1.0,1.0,1.0,2.0,3.0,1.7320508075688772,2,2.0,3.0,2,0.39592106396999,0.6,4.044522437723423,0,0,1.6999999999999997,6.0,5.6,0,0.24724797930973505,0.5837103297627009,0,0,0,0,0,0,-6.9,6.0,0
8.660427359502146,27.0,1,205.0,10.0,6.0,7100.0,1403.0,98.0,1.9459101490553128,11.0,0.6931471805599453,1.6094379124341005,4.0,0.0,1.0986122886681096,3.0,2.0,4.0,2.0,4.0,1.7320508075688772,1,2.0,3.0,2,1.2372039085003066,1.0,5.891820298110625,0,0,3.75,8.0,4.0,0,0.6789073321334512,0.4463068962045211,0,0,1,0,0,0,3.25,10.0,2
7.781138509845015,27.0,1,135.0,17.0,8.0,25681.0,1405.0,51.0,2.19722457733622,13.0,0.6931471805599453,2.079441541679836,4.0,0.0,1.0986122886681096,3.0,2.6457513110645907,4.0,3.0,3.0,1.4142135623730951,2,1.0,4.0,2,0.864570945538335,1.7,8.459061117255237,0,0,3.4,9.0,4.7,0,0.8275150046759958,0.3696783917084422,0,0,0,0,0,0,7.800000000000001,17.0,0
8.270013062273787,26.0,0,683.0,2.0,5.0,4050.0,1407.0,36.0,1.6094379124341005,12.0,0.0,0.6931471805599453,1.0,0.0,1.3862943611198906,3.0,1.0,4.0,2.0,4.0,1.4142135623730951,2,1.0,1.0,2,1.3783355103789645,0.0,2.6094379124341005,0,0,3.0,8.0,1.2,0,0.383224293337255,0.24305458007325217,0,0,0,0,0,0,14.0,0.0,0
9.72913416539135,42.0,0,1147.0,10.0,21.0,16616.0,1408.0,31.0,3.044522437723423,14.0,0.0,2.302585092994046,3.0,0.6931471805599453,2.079441541679836,3.0,0.0,3.0,3.0,1.0,2.23606797749979,1,4.0,3.0,2,0.4422333711541523,0.0,0.0,0,0,2.3,3.0,2.0,0,0.0,0.5717119919539472,0,0,0,0,0,0,-3.4000000000000004,0.0,2
7.989899374942939,52.0,0,258.0,8.0,12.0,17363.0,1409.0,54.0,1.791759469228055,13.0,2.302585092994046,1.6094379124341005,3.0,0.0,1.6094379124341005,1.0,0.0,3.0,3.0,1.0,1.4142135623730951,1,1.0,4.0,2,0.6146076442263799,0.0,0.0,1,0,1.8,3.0,3.8,0,0.0,0.3385565111005302,0,0,0,0,0,0,-26.400000000000002,0.0,2
8.196987927258897,37.0,0,1462.0,11.0,8.0,19106.0,1411.0,94.0,1.3862943611198906,18.0,1.6094379124341005,1.0986122886681096,1.0,0.0,1.0986122886681096,3.0,0.0,1.0,3.0,3.0,2.449489742783178,2,1.0,3.0,2,0.9107764363620997,0.0,0.0,1,0,2.1999999999999997,9.0,2.1,0,0.0,0.7338641076505938,0,0,0,0,0,0,5.4,0.0,0
9.14452103093889,35.0,0,200.0,18.0,10.0,19944.0,1412.0,60.0,1.0986122886681096,11.0,1.0986122886681096,1.0986122886681096,3.0,0.0,1.0986122886681096,3.0,1.4142135623730951,3.0,3.0,4.0,1.4142135623730951,2,3.0,2.0,1,0.8313200937217172,0.0,2.9678859607972816,0,0,3.3499999999999996,12.0,2.8,0,0.6738803398843289,0.48419321138894855,0,0,0,0,0,0,3.2500000000000018,0.0,0
8.080237416216702,25.0,0,949.0,1.0,7.0,4910.0,1415.0,81.0,1.3862943611198906,11.0,1.6094379124341005,1.0986122886681096,1.0,0.6931471805599453,1.0986122886681096,2.0,0.0,2.0,3.0,4.0,1.4142135623730951,1,1.0,3.0,2,1.0100296770270878,0.0,0.0,1,0,2.4499999999999997,12.0,2.1,0,0.0,0.44214099311363697,0,0,1,0,0,0,23.250000000000004,0.0,2
8.182838710766026,26.0,0,652.0,7.0,8.0,23577.0,1417.0,100.0,2.079441541679836,12.0,0.0,2.079441541679836,3.0,0.0,2.079441541679836,3.0,0.0,4.0,4.0,1.0,1.4142135623730951,2,1.0,3.0,2,0.9092043011962251,0.0,0.0,0,0,2.45,4.0,1.7,0,0.0,0.653887954777781,0,0,0,0,0,0,21.699999999999996,0.0,0
8.985820874482043,29.0,0,332.0,17.0,10.0,9769.0,1419.0,51.0,2.3978952727983707,13.0,0.6931471805599453,2.302585092994046,2.0,0.0,2.302585092994046,2.0,0.0,1.0,2.0,1.0,1.7320508075688772,2,3.0,3.0,2,0.8168928067710948,0.0,0.0,0,0,1.5,2.0,3.7,0,0.0,0.3585965834618504,1,0,0,0,0,0,27.5,0.0,0
8.36287583103188,49.0,0,1475.0,28.0,20.0,22710.0,1420.0,97.0,1.6094379124341005,20.0,1.3862943611198906,1.3862943611198906,1.0,0.0,1.3862943611198906,3.0,1.0,1.0,2.0,1.0,1.4142135623730951,2,2.0,2.0,1,0.39823218243008957,0.0,2.6094379124341005,0,0,1.5,2.0,3.8,0,0.383224293337255,0.7986965232349442,0,0,0,0,0,0,-22.5,0.0,0
8.929832503272403,29.0,1,337.0,14.0,9.0,22930.0,1421.0,84.0,2.19722457733622,12.0,0.0,2.079441541679836,3.0,0.0,2.079441541679836,3.0,2.6457513110645907,1.0,3.0,4.0,1.0,2,3.0,1.0,1,0.8929832503272402,1.4,8.459061117255237,0,0,3.05,12.0,4.4,0,0.8275150046759958,0.6041906066544724,0,0,0,0,0,0,10.450000000000003,14.0,0
9.760136677640244,54.0,0,971.0,1.0,29.0,5652.0,1422.0,54.0,3.044522437723423,19.0,1.9459101490553128,2.079441541679836,4.0,0.0,2.079441541679836,2.0,3.4641016151377544,4.0,3.0,4.0,1.7320508075688772,2,4.0,3.0,2,0.3253378892546748,0.0,14.010636708978597,1,0,3.5,12.0,2.1,0,0.8564921244663993,0.5152186843246536,0,0,0,0,0,0,-7.0,0.0,0
9.884684885113384,58.0,1,1055.0,1.0,32.0,22456.0,1423.0,76.0,2.302585092994046,21.0,1.3862943611198906,1.791759469228055,4.0,0.6931471805599453,2.19722457733622,3.0,1.0,3.0,3.0,1.0,1.7320508075688772,1,5.0,3.0,2,0.29953590560949644,0.1,3.302585092994046,0,0,2.55,3.0,3.1,0,0.30279310656411385,0.789226444680398,0,0,0,0,0,0,-26.1,1.0,2
9.597845154707354,55.0,0,1136.0,1.0,31.0,12414.0,1424.0,81.0,2.079441541679836,13.0,1.0986122886681096,0.0,2.0,1.0986122886681096,2.079441541679836,4.0,0.0,4.0,4.0,4.0,2.0,0,4.0,4.0,2,0.2999326610846048,0.0,0.0,0,0,3.5,16.0,0.1,0,0.0,0.693777019516191,0,0,0,0,0,0,-7.5,0.0,4
9.13550906135318,36.0,1,1174.0,3.0,15.0,20763.0,1425.0,99.0,1.791759469228055,16.0,1.3862943611198906,0.6931471805599453,1.0,0.0,1.6094379124341005,3.0,0.0,4.0,3.0,2.0,1.7320508075688772,2,2.0,4.0,2,0.5709693163345737,0.3,0.0,0,0,2.3,6.0,3.3,0,0.0,0.8051539883048986,0,0,0,0,0,0,6.800000000000001,3.0,0
7.228649665640015,31.0,0,667.0,1.0,1.0,16154.0,1427.0,50.0,0.6931471805599453,12.0,0.6931471805599453,0.0,2.0,0.0,0.0,3.0,0.0,2.0,1.0,3.0,1.7320508075688772,2,1.0,4.0,1,3.6143248328200075,0.0,0.0,0,0,2.5999999999999996,3.0,1.1,1,0.0,0.31367440983786243,0,0,1,0,1,0,12.600000000000003,0.0,0
8.472195825485501,30.0,0,855.0,7.0,8.0,12761.0,1428.0,73.0,1.3862943611198906,14.0,2.079441541679836,1.0986122886681096,4.0,1.0986122886681096,1.0986122886681096,3.0,0.0,2.0,3.0,1.0,1.7320508075688772,0,2.0,4.0,2,0.9413550917206113,0.0,0.0,1,0,2.4,3.0,1.7,0,0.0,0.5124504659896896,0,0,0,0,0,1,16.0,0.0,4
9.70643807033756,31.0,0,182.0,8.0,9.0,8847.0,1430.0,93.0,1.3862943611198906,11.0,1.3862943611198906,0.0,1.0,0.0,1.0986122886681096,4.0,1.0,3.0,3.0,2.0,1.7320508075688772,2,4.0,5.0,2,0.970643807033756,0.0,2.386294361119891,0,0,2.4,6.0,0.8,0,0.41905978419640516,0.5403264577129996,0,0,0,0,0,0,14.4,0.0,0
8.005367067316664,34.0,0,560.0,1.0,10.0,20284.0,1431.0,91.0,1.6094379124341005,14.0,1.791759469228055,1.3862943611198906,4.0,1.0986122886681096,1.3862943611198906,3.0,1.0,3.0,3.0,1.0,1.4142135623730951,0,1.0,4.0,1,0.727760642483333,0.0,2.6094379124341005,1,0,2.55,3.0,1.1,0,0.383224293337255,0.5555210709943994,0,0,0,0,0,1,8.700000000000001,0.0,2
7.228649665640015,31.0,0,202.0,8.0,1.0,22262.0,1433.0,34.0,0.6931471805599453,12.0,0.6931471805599453,0.0,1.0,0.0,0.0,4.0,0.0,3.0,2.0,2.0,1.7320508075688772,2,1.0,3.0,2,3.6143248328200075,0.0,0.0,0,0,2.4,4.0,0.8,0,0.0,0.23463051199014792,0,0,1,0,1,0,14.4,0.0,0
7.649692623711514,27.0,0,1377.0,11.0,6.0,7679.0,1434.0,91.0,1.791759469228055,14.0,0.0,1.6094379124341005,2.0,0.0,0.0,4.0,1.0,2.0,3.0,1.0,1.7320508075688772,1,1.0,1.0,2,1.0928132319587878,0.0,2.791759469228055,0,0,2.15,3.0,1.1,0,0.3581970477838151,0.5417184612085716,0,0,0,0,0,0,24.05,0.0,2
8.667507952075105,36.0,0,172.0,4.0,10.0,22604.0,1435.0,37.0,2.3978952727983707,16.0,0.6931471805599453,2.19722457733622,1.0,0.0,1.6094379124341005,2.0,1.0,3.0,2.0,4.0,1.4142135623730951,2,2.0,4.0,2,0.7879552683704641,0.0,3.3978952727983707,0,0,2.5999999999999996,8.0,2.4,0,0.2942998296638024,0.37884210345571034,1,0,0,0,0,0,5.600000000000001,0.0,0
8.639056779173078,36.0,0,329.0,16.0,11.0,13494.0,1436.0,98.0,1.3862943611198906,13.0,1.6094379124341005,1.0986122886681096,3.0,1.0986122886681096,1.0986122886681096,2.0,0.0,1.0,2.0,1.0,1.7320508075688772,1,2.0,4.0,2,0.7199213982644231,0.0,0.0,1,0,1.75,2.0,3.6,0,0.0,0.5306696916524499,0,0,0,0,0,0,9.0,0.0,2
8.137688184977605,47.0,0,465.0,1.0,17.0,10205.0,1438.0,74.0,1.9459101490553128,12.0,2.079441541679836,1.0986122886681096,1.0,0.6931471805599453,1.791759469228055,2.0,1.0,3.0,3.0,4.0,1.4142135623730951,1,1.0,3.0,2,0.45209378805431144,0.0,2.9459101490553126,1,0,2.5999999999999996,12.0,2.1,0,0.3394536660667256,0.38908636582549105,0,0,0,0,0,0,-9.800000000000002,0.0,2
8.38958706681109,25.0,0,383.0,9.0,6.0,15182.0,1439.0,68.0,1.3862943611198906,12.0,1.3862943611198906,1.0986122886681096,1.0,0.0,1.0986122886681096,3.0,1.4142135623730951,1.0,2.0,1.0,1.4142135623730951,1,1.0,2.0,2,1.19851243811587,0.0,3.37472984931019,0,0,1.5,2.0,1.9,0,0.5926400302556987,0.4266533869562225,0,0,0,0,0,0,37.5,0.0,2
8.160803920954665,37.0,0,1413.0,5.0,7.0,25470.0,1440.0,84.0,1.9459101490553128,14.0,0.0,1.3862943611198906,3.0,0.0,1.791759469228055,1.0,1.0,1.0,4.0,3.0,1.4142135623730951,2,1.0,2.0,0,1.0201004901193331,0.0,2.9459101490553126,0,0,2.1999999999999997,12.0,3.5,0,0.3394536660667256,0.749857957213521,0,0,0,0,0,0,5.4,0.0,0
7.633853559681768,56.0,0,1255.0,1.0,5.0,10494.0,1441.0,90.0,1.3862943611198906,22.0,1.0986122886681096,0.0,1.0,0.6931471805599453,1.0986122886681096,4.0,1.0,4.0,3.0,1.0,1.7320508075688772,1,1.0,2.0,2,1.272308926613628,0.0,2.386294361119891,0,0,2.2,3.0,0.1,0,0.41905978419640516,0.5430810564766819,0,0,0,0,0,0,-28.799999999999997,0.0,2
9.75091895389152,47.0,0,359.0,2.0,26.0,26703.0,1443.0,82.0,3.044522437723423,19.0,1.3862943611198906,1.9459101490553128,1.0,1.0986122886681096,2.8903717578961645,4.0,2.23606797749979,2.0,3.0,3.0,1.4142135623730951,1,4.0,4.0,2,0.3611451464404267,0.0,9.043827107272733,0,0,2.5999999999999996,9.0,0.2,0,0.5528632890360291,0.7161436522002217,0,0,0,0,0,0,-9.800000000000002,0.0,2
8.333991247194975,24.0,1,1476.0,4.0,5.0,15211.0,1445.0,42.0,1.791759469228055,12.0,0.6931471805599453,1.3862943611198906,4.0,1.0986122886681096,1.6094379124341005,3.0,0.0,3.0,3.0,3.0,1.7320508075688772,1,2.0,1.0,2,1.3889985411991626,0.4,0.0,0,0,3.25,9.0,3.4,0,0.0,0.5244520888208725,0,0,0,0,0,0,12.0,4.0,2
9.12750209366718,32.0,0,601.0,7.0,7.0,23343.0,1446.0,97.0,1.6094379124341005,12.0,1.6094379124341005,1.3862943611198906,4.0,0.6931471805599453,1.3862943611198906,2.0,0.0,3.0,3.0,4.0,1.7320508075688772,1,2.0,5.0,2,1.1409377617083976,0.0,0.0,1,0,3.3499999999999996,12.0,2.7,0,0.0,0.7206147276089976,0,0,0,0,0,0,5.200000000000003,0.0,2
8.100161446936607,34.0,0,401.0,1.0,7.0,3708.0,1447.0,86.0,1.791759469228055,17.0,1.791759469228055,1.0986122886681096,4.0,0.6931471805599453,1.6094379124341005,2.0,0.0,1.0,2.0,2.0,1.4142135623730951,1,1.0,3.0,2,1.0125201808670758,0.0,0.0,1,0,2.35,4.0,2.1,0,0.0,0.3517403532259729,0,0,0,0,0,0,9.899999999999999,0.0,2
7.662937850461535,41.0,1,1283.0,5.0,7.0,5561.0,1448.0,90.0,1.6094379124341005,12.0,1.0986122886681096,1.3862943611198906,2.0,0.0,1.0986122886681096,2.0,0.0,1.0,4.0,3.0,2.23606797749979,1,1.0,5.0,2,0.9578672313076919,0.5,0.0,0,0,2.1999999999999997,12.0,4.5,0,0.0,0.5013111910987397,0,0,0,0,0,0,-1.8000000000000003,5.0,2
8.288031567776464,40.0,0,663.0,9.0,11.0,23099.0,1449.0,81.0,2.19722457733622,11.0,1.3862943611198906,2.079441541679836,3.0,1.0986122886681096,2.079441541679836,4.0,0.0,3.0,3.0,3.0,1.4142135623730951,0,2.0,4.0,0,0.6906692973147054,0.0,0.0,0,0,3.25,9.0,0.9,0,0.0,0.5931023873655358,0,0,0,0,0,0,0.0,0.0,0
9.286745703178587,31.0,0,326.0,8.0,13.0,8386.0,1453.0,31.0,2.639057329615259,18.0,0.6931471805599453,2.302585092994046,1.0,0.6931471805599453,2.079441541679836,3.0,3.0,1.0,3.0,4.0,2.23606797749979,0,3.0,2.0,2,0.6633389787984705,0.0,10.917171988845777,0,0,2.55,12.0,1.8,0,0.824389320713773,0.300536155252928,1,0,0,0,0,1,13.05,0.0,4
9.21999362900432,46.0,0,377.0,9.0,28.0,15986.0,1457.0,52.0,2.079441541679836,11.0,1.6094379124341005,1.3862943611198906,1.0,0.6931471805599453,2.079441541679836,4.0,2.0,1.0,3.0,4.0,1.0,0,3.0,3.0,2,0.3179308147932524,0.0,6.158883083359672,1,0,2.8,12.0,0.9,0,0.6494684094275741,0.45466970075429003,0,0,0,0,0,0,-7.200000000000001,0.0,4
8.20166019080868,39.0,1,592.0,2.0,11.0,17181.0,1458.0,54.0,0.6931471805599453,23.0,1.0986122886681096,0.0,1.0,0.0,0.0,4.0,0.0,2.0,2.0,1.0,1.4142135623730951,2,1.0,3.0,0,0.68347168256739,0.2,0.0,0,0,1.9000000000000001,2.0,2.2,1,0.0,0.41643254784770656,0,0,0,0,1,0,2.0999999999999996,2.0,0
8.915566545710645,31.0,0,1445.0,1.0,10.0,8931.0,1459.0,100.0,2.3978952727983707,11.0,0.6931471805599453,2.079441541679836,3.0,0.0,2.19722457733622,3.0,2.0,1.0,4.0,2.0,1.4142135623730951,2,3.0,5.0,1,0.8105060496100586,0.0,6.795790545596741,0,0,2.35,8.0,1.1,0,0.5885996593276048,0.7177487186240396,0,0,0,0,0,0,14.85,0.0,0
9.292104673778825,45.0,1,1038.0,20.0,24.0,19863.0,1460.0,95.0,2.079441541679836,18.0,1.0986122886681096,2.079441541679836,2.0,0.6931471805599453,2.079441541679836,3.0,0.0,2.0,1.0,1.0,1.4142135623730951,0,3.0,3.0,2,0.371684186951153,2.0,0.0,0,0,1.9000000000000001,1.0,5.0,0,0.0,0.7722356791100337,0,0,0,1,0,0,-10.499999999999998,20.0,4
7.654443226470112,31.0,0,1398.0,8.0,8.0,24609.0,1461.0,96.0,1.3862943611198906,18.0,2.302585092994046,1.0986122886681096,4.0,0.0,1.0986122886681096,3.0,0.0,4.0,4.0,2.0,1.7320508075688772,2,1.0,2.0,2,0.8504936918300124,0.0,0.0,1,0,3.0500000000000003,8.0,1.8,0,0.0,0.7337266027634213,0,0,0,0,0,0,8.549999999999997,0.0,0
8.222285073872717,31.0,1,523.0,2.0,7.0,21081.0,1464.0,94.0,1.0986122886681096,13.0,1.9459101490553128,1.0986122886681096,2.0,0.6931471805599453,1.0986122886681096,1.0,1.4142135623730951,3.0,3.0,4.0,1.4142135623730951,1,1.0,3.0,1,1.0277856342340896,0.2,2.9678859607972816,1,0,2.5999999999999996,12.0,5.2,0,0.6738803398843289,0.5880318901182504,0,0,1,0,0,0,12.600000000000003,2.0,1
9.14644164612595,45.0,1,1448.0,29.0,10.0,14720.0,1465.0,55.0,1.3862943611198906,18.0,1.6094379124341005,1.0986122886681096,2.0,1.0986122886681096,0.6931471805599453,4.0,1.0,4.0,3.0,4.0,2.0,1,3.0,3.0,2,0.8314946951023591,2.9,2.386294361119891,1,0,3.5,12.0,4.9,0,0.41905978419640516,0.6374132971072608,0,0,0,0,0,0,-2.5,29.0,2
8.610136937058975,48.0,0,1221.0,7.0,15.0,24795.0,1466.0,96.0,1.0986122886681096,11.0,1.6094379124341005,1.0986122886681096,3.0,1.3862943611198906,1.0986122886681096,3.0,1.4142135623730951,1.0,3.0,1.0,1.7320508075688772,0,2.0,3.0,2,0.5381335585661859,0.0,2.9678859607972816,1,0,2.0,3.0,1.7,0,0.6738803398843289,0.7938735968025823,0,0,0,0,0,0,-16.0,0.0,4
7.916807490937603,34.0,0,1107.0,9.0,2.0,3072.0,1467.0,52.0,1.0986122886681096,15.0,0.6931471805599453,1.0986122886681096,1.0,0.0,1.0986122886681096,3.0,1.4142135623730951,4.0,3.0,3.0,0.0,1,1.0,4.0,2,2.6389358303125343,0.0,2.9678859607972816,0,1,2.65,9.0,1.9,0,0.6738803398843289,0.33301144499021096,0,0,0,0,0,0,8.100000000000001,0.0,2
9.52937575208596,40.0,0,218.0,8.0,16.0,25178.0,1468.0,55.0,2.302585092994046,11.0,1.0986122886681096,2.19722457733622,4.0,0.6931471805599453,2.19722457733622,3.0,2.0,3.0,2.0,2.0,2.23606797749979,0,3.0,1.0,0,0.5605515148285859,0.0,6.605170185988092,0,0,2.9000000000000004,4.0,1.8,0,0.6055862131282277,0.5583214573433828,0,0,0,0,0,0,0.0,0.0,0
9.04357715409808,28.0,0,866.0,5.0,6.0,23490.0,1469.0,84.0,1.791759469228055,18.0,0.0,1.3862943611198906,4.0,0.0,1.6094379124341005,3.0,1.0,4.0,3.0,1.0,2.0,2,2.0,3.0,2,1.2919395934425828,0.0,2.791759469228055,0,0,2.7,3.0,1.5,0,0.3581970477838151,0.7151853562993367,0,0,1,0,0,0,15.599999999999998,0.0,0
8.059276223305648,44.0,0,981.0,5.0,7.0,7973.0,1471.0,90.0,1.791759469228055,14.0,1.3862943611198906,1.3862943611198906,3.0,0.0,1.0986122886681096,3.0,0.0,4.0,2.0,3.0,2.23606797749979,2,1.0,3.0,0,1.007409527913206,0.0,0.0,0,0,3.15,6.0,1.5,0,0.0,0.5087842674600419,0,0,0,0,0,0,-3.4000000000000004,0.0,0
8.802672840312818,49.0,0,1495.0,5.0,20.0,21534.0,1473.0,96.0,1.3862943611198906,14.0,1.0986122886681096,1.0986122886681096,1.0,0.6931471805599453,1.0986122886681096,2.0,1.0,2.0,3.0,3.0,0.0,1,2.0,4.0,2,0.41917489715775325,0.0,2.386294361119891,0,0,2.0999999999999996,9.0,2.5,0,0.41905978419640516,0.8282953411868209,0,0,0,0,0,0,-17.1,0.0,2
7.76046702921342,40.0,0,896.0,2.0,8.0,8045.0,1474.0,68.0,1.3862943611198906,14.0,1.0986122886681096,1.0986122886681096,3.0,0.6931471805599453,0.6931471805599453,4.0,1.0,3.0,3.0,3.0,1.7320508075688772,0,1.0,3.0,2,0.8622741143570467,0.0,2.386294361119891,0,0,3.25,9.0,0.2,0,0.41905978419640516,0.38759892608502655,0,0,0,0,0,0,0.0,0.0,4
8.137688184977605,44.0,0,1467.0,20.0,6.0,21158.0,1475.0,49.0,1.791759469228055,13.0,0.6931471805599453,1.3862943611198906,4.0,0.0,1.0986122886681096,2.0,1.0,3.0,3.0,2.0,1.7320508075688772,2,1.0,3.0,2,1.1625268835682294,0.0,2.791759469228055,0,0,2.6500000000000004,6.0,4.0,0,0.3581970477838151,0.5890612663571133,0,0,0,0,0,0,-5.399999999999999,0.0,0
8.383433201236713,33.0,0,430.0,7.0,5.0,17456.0,1477.0,54.0,1.6094379124341005,14.0,0.0,1.3862943611198906,4.0,1.0986122886681096,1.3862943611198906,3.0,0.0,1.0,3.0,1.0,1.4142135623730951,1,2.0,3.0,1,1.3972388668727855,0.0,0.0,0,0,2.25,3.0,1.7,0,0.0,0.4073117748482823,0,0,0,0,0,0,12.25,0.0,1
8.468002947225466,34.0,0,1326.0,3.0,15.0,15891.0,1478.0,81.0,2.639057329615259,18.0,1.3862943611198906,2.5649493574615367,4.0,0.0,2.302585092994046,3.0,1.7320508075688772,4.0,1.0,1.0,1.4142135623730951,2,2.0,3.0,2,0.5292501842015916,0.0,6.303032186549551,0,0,2.7,1.0,1.3,0,0.4759613962311495,0.6563343919942424,0,0,0,0,0,0,7.799999999999999,0.0,0
8.57583938684897,30.0,0,1358.0,16.0,4.0,2939.0,1479.0,96.0,1.0986122886681096,15.0,2.19722457733622,1.0986122886681096,4.0,1.0986122886681096,0.6931471805599453,2.0,1.4142135623730951,3.0,3.0,3.0,1.4142135623730951,1,2.0,1.0,2,1.7151678773697943,0.0,2.9678859607972816,1,0,3.0,9.0,3.6,0,0.6738803398843289,0.595768456759988,0,0,0,0,0,0,10.0,0.0,2
8.20903626577507,42.0,0,748.0,9.0,12.0,16458.0,1480.0,74.0,2.5649493574615367,13.0,0.6931471805599453,2.19722457733622,1.0,0.0,2.302585092994046,3.0,2.23606797749979,3.0,3.0,4.0,1.7320508075688772,2,1.0,2.0,1,0.6314643281365439,0.0,7.971469099628194,0,0,2.8499999999999996,12.0,1.9,0,0.6272369543818731,0.5092147803601126,0,1,0,0,0,0,-2.3000000000000007,0.0,0
8.469891918298224,44.0,0,383.0,1.0,11.0,9282.0,1481.0,79.0,0.6931471805599453,12.0,2.079441541679836,0.0,1.0,0.6931471805599453,0.0,2.0,0.0,3.0,3.0,3.0,2.0,1,2.0,5.0,1,0.7058243265248519,0.0,0.0,1,0,2.25,9.0,2.1,0,0.0,0.41427276088824905,0,0,0,0,1,0,-7.0,0.0,1
7.228649665640015,30.0,0,990.0,7.0,1.0,7152.0,1482.0,64.0,0.6931471805599453,13.0,0.6931471805599453,0.0,3.0,1.0986122886681096,0.0,2.0,0.0,2.0,3.0,3.0,1.4142135623730951,0,1.0,3.0,0,3.6143248328200075,0.0,0.0,0,0,2.5999999999999996,9.0,2.7,1,0.0,0.3311134627773288,0,0,1,0,1,1,14.000000000000004,0.0,0
8.497194544909547,57.0,0,405.0,1.0,13.0,2721.0,1483.0,93.0,2.5649493574615367,24.0,0.0,2.19722457733622,2.0,0.6931471805599453,2.302585092994046,2.0,1.4142135623730951,1.0,4.0,3.0,1.4142135623730951,1,2.0,2.0,2,0.6069424674935391,0.0,5.041599730495356,0,0,2.1999999999999997,12.0,2.1,0,0.39669948169477004,0.4049193665108673,0,0,0,0,0,0,-30.600000000000005,0.0,2
9.255982729854884,49.0,0,1490.0,7.0,29.0,20948.0,1484.0,35.0,2.19722457733622,14.0,1.3862943611198906,2.079441541679836,3.0,1.0986122886681096,2.079441541679836,3.0,0.0,2.0,3.0,2.0,1.7320508075688772,0,3.0,4.0,2,0.30853275766182947,0.0,0.0,0,0,2.5,6.0,1.7,0,0.0,0.6463289811292805,0,0,0,0,0,0,-13.5,0.0,4
9.74143910058173,34.0,0,829.0,15.0,16.0,11929.0,1485.0,71.0,2.70805020110221,14.0,2.079441541679836,2.302585092994046,2.0,1.0986122886681096,2.19722457733622,2.0,2.449489742783178,4.0,3.0,1.0,1.7320508075688772,0,4.0,3.0,1,0.5730258294459841,0.0,9.082830933324963,1,0,1.9500000000000002,3.0,3.5,0,0.6605869958435493,0.611770895354889,0,0,0,0,0,1,12.299999999999999,0.0,2
7.975908360165538,28.0,0,1496.0,1.0,5.0,15747.0,1486.0,92.0,1.3862943611198906,15.0,1.3862943611198906,1.0986122886681096,1.0,0.6931471805599453,1.0986122886681096,4.0,1.0,4.0,3.0,3.0,1.7320508075688772,1,1.0,3.0,1,1.3293180600275896,0.0,2.386294361119891,0,0,2.9,9.0,0.1,0,0.41905978419640516,0.678278417065293,0,0,1,0,0,0,13.200000000000001,0.0,1
8.659733878198347,29.0,0,115.0,13.0,7.0,17485.0,1487.0,51.0,1.791759469228055,11.0,1.791759469228055,0.0,1.0,0.0,1.3862943611198906,1.0,0.0,1.0,3.0,2.0,2.0,2,2.0,3.0,1,1.0824667347747934,0.0,0.0,1,0,1.3499999999999999,6.0,4.3,1,0.0,0.36652467325221794,1,0,1,0,0,0,29.150000000000006,0.0,0
8.433811582477187,34.0,1,790.0,24.0,16.0,7815.0,1489.0,40.0,2.772588722239781,23.0,0.0,2.3978952727983707,1.0,0.0,2.302585092994046,4.0,3.1622776601683795,3.0,2.0,2.0,1.4142135623730951,2,2.0,4.0,2,0.4961065636751286,2.4,11.929973037342032,0,0,2.4,4.0,4.4,0,0.8382248617577744,0.3296996627150412,1,0,0,1,0,0,9.600000000000001,24.0,0
7.785305182539862,35.0,0,660.0,7.0,1.0,16192.0,1492.0,76.0,0.6931471805599453,13.0,0.6931471805599453,0.0,4.0,0.6931471805599453,0.0,3.0,0.0,1.0,3.0,3.0,1.7320508075688772,1,1.0,1.0,2,3.892652591269931,0.0,0.0,0,0,2.9499999999999997,9.0,1.7,1,0.0,0.45805566196412495,0,0,0,0,1,0,5.250000000000002,0.0,2
8.062432791583195,24.0,1,381.0,9.0,4.0,16998.0,1494.0,89.0,0.0,11.0,1.0986122886681096,0.0,2.0,0.0,0.0,2.0,0.0,3.0,3.0,1.0,1.4142135623730951,2,1.0,3.0,1,1.612486558316639,0.9,0.0,0,0,1.8,3.0,4.9,0,0.0,0.48873126785426424,0,0,1,0,1,0,35.2,9.0,0
7.617759576608505,24.0,0,830.0,13.0,1.0,7103.0,1495.0,78.0,0.6931471805599453,13.0,0.6931471805599453,0.0,4.0,0.6931471805599453,0.0,3.0,0.0,3.0,3.0,2.0,1.4142135623730951,1,1.0,2.0,0,3.8088797883042527,0.0,0.0,0,0,2.9000000000000004,6.0,2.3,0,0.0,0.38861387985422113,0,0,0,0,1,0,17.599999999999994,0.0,0
9.231122911158712,44.0,1,1193.0,2.0,16.0,19719.0,1496.0,86.0,1.0986122886681096,18.0,1.791759469228055,1.0986122886681096,2.0,0.0,1.0986122886681096,2.0,1.4142135623730951,2.0,3.0,3.0,1.4142135623730951,2,3.0,1.0,1,0.5430072300681595,0.2,2.9678859607972816,1,0,2.3499999999999996,9.0,4.2,0,0.6738803398843289,0.7606454149824797,0,0,0,0,0,0,-6.600000000000001,2.0,0
9.061956366209923,29.0,0,1246.0,19.0,10.0,23757.0,1497.0,77.0,2.3978952727983707,14.0,0.6931471805599453,1.6094379124341005,3.0,1.0986122886681096,2.079441541679836,3.0,0.0,3.0,2.0,3.0,1.7320508075688772,0,2.0,3.0,2,0.823814215109993,0.0,0.0,0,0,3.0,6.0,2.9,0,0.0,0.7625983523595149,0,0,0,0,0,1,11.0,0.0,4
7.632885505395133,30.0,0,330.0,1.0,6.0,15428.0,1499.0,46.0,1.791759469228055,21.0,0.0,1.3862943611198906,3.0,0.6931471805599453,1.3862943611198906,4.0,1.0,1.0,3.0,3.0,1.7320508075688772,0,1.0,3.0,2,1.0904122150564475,0.0,2.791759469228055,0,0,2.9499999999999997,9.0,0.1,0,0.3581970477838151,0.2698420025497291,0,0,1,0,0,1,10.500000000000004,0.0,4
8.3030093814735,55.0,1,1229.0,4.0,4.0,16143.0,1501.0,30.0,1.3862943611198906,16.0,0.0,1.0986122886681096,4.0,0.0,1.0986122886681096,3.0,1.0,2.0,3.0,3.0,1.4142135623730951,1,2.0,4.0,2,1.6606018762947,0.4,2.386294361119891,0,0,3.0999999999999996,9.0,3.4,0,0.41905978419640516,0.44383245982592,0,0,0,0,0,0,-13.500000000000005,4.0,2
8.252967195000798,33.0,0,1099.0,4.0,8.0,8192.0,1502.0,82.0,1.791759469228055,11.0,2.19722457733622,1.0986122886681096,1.0,0.0,1.6094379124341005,3.0,0.0,4.0,2.0,2.0,2.23606797749979,1,1.0,4.0,2,0.9169963550000886,0.0,0.0,1,0,2.3,4.0,1.4,0,0.0,0.5217590838917622,0,0,0,0,0,0,11.900000000000002,0.0,2
8.432070937999402,47.0,1,571.0,14.0,11.0,24200.0,1503.0,78.0,1.791759469228055,17.0,1.3862943611198906,1.0986122886681096,3.0,0.6931471805599453,1.6094379124341005,2.0,1.0,3.0,3.0,3.0,2.0,1,2.0,3.0,2,0.7026725781666169,1.4,2.791759469228055,0,0,2.75,9.0,5.4,0,0.3581970477838151,0.5905339910012385,0,0,0,0,0,0,-8.75,14.0,2
7.848543482456679,28.0,0,289.0,2.0,8.0,5355.0,1504.0,38.0,0.0,11.0,2.079441541679836,0.0,3.0,0.0,0.0,2.0,0.0,3.0,2.0,1.0,1.4142135623730951,2,1.0,2.0,1,0.8720603869396311,0.0,0.0,1,0,2.05,2.0,2.2,0,0.0,0.1531180515579498,0,0,0,0,1,0,23.400000000000002,0.0,0
7.355001921105257,28.0,0,1423.0,1.0,1.0,12530.0,1506.0,72.0,0.6931471805599453,14.0,0.6931471805599453,0.0,1.0,0.6931471805599453,0.0,1.0,0.0,4.0,2.0,3.0,1.4142135623730951,0,1.0,3.0,2,3.6775009605526283,0.0,0.0,0,0,2.15,6.0,3.1,0,0.0,0.5030504466817458,0,0,1,0,1,1,22.200000000000003,0.0,4
8.496786381638575,28.0,0,467.0,7.0,5.0,11827.0,1507.0,55.0,1.6094379124341005,14.0,0.0,1.3862943611198906,3.0,0.0,1.0986122886681096,3.0,1.0,4.0,3.0,1.0,2.23606797749979,2,2.0,3.0,1,1.4161310636064293,0.0,2.6094379124341005,0,0,2.45,3.0,1.7,0,0.383224293337255,0.37166921425413363,1,0,1,0,0,0,18.599999999999998,0.0,0
8.474285690404962,49.0,0,271.0,3.0,10.0,23070.0,1509.0,43.0,1.3862943611198906,25.0,1.6094379124341005,1.0986122886681096,3.0,0.6931471805599453,1.0986122886681096,3.0,1.0,1.0,2.0,1.0,1.7320508075688772,1,2.0,2.0,2,0.7703896082186329,0.0,2.386294361119891,1,0,2.0,2.0,1.3,0,0.41905978419640516,0.40447789065448403,0,0,0,0,0,0,-18.0,0.0,2
8.064950891749143,29.0,0,410.0,2.0,4.0,4668.0,1513.0,97.0,1.3862943611198906,13.0,0.0,1.0986122886681096,4.0,1.3862943611198906,1.0986122886681096,3.0,0.0,3.0,3.0,2.0,1.7320508075688772,1,1.0,1.0,1,1.6129901783498286,0.0,0.0,0,0,2.9000000000000004,6.0,1.2,0,0.0,0.3989590782072485,0,0,0,0,0,0,12.099999999999996,0.0,1
8.787220328629298,28.0,0,1083.0,29.0,8.0,3173.0,1514.0,96.0,2.19722457733622,14.0,0.6931471805599453,2.079441541679836,3.0,1.0986122886681096,1.9459101490553128,2.0,1.0,2.0,1.0,2.0,1.4142135623730951,1,2.0,1.0,2,0.9763578142921442,0.0,3.19722457733622,0,0,2.25,2.0,4.9,0,0.3127712726495909,0.5688010699115565,0,0,0,0,0,0,21.0,0.0,2
8.762333040602343,33.0,1,516.0,8.0,14.0,22049.0,1515.0,69.0,0.0,17.0,1.0986122886681096,0.0,4.0,0.0,0.0,3.0,0.0,1.0,3.0,3.0,2.449489742783178,2,2.0,5.0,2,0.5841555360401561,0.8,0.0,0,0,2.9499999999999997,9.0,3.8,1,0.0,0.5580425699632054,0,0,0,0,1,0,7.350000000000001,8.0,0
9.327678864393416,32.0,0,495.0,10.0,10.0,21072.0,1516.0,64.0,1.791759469228055,25.0,1.0986122886681096,0.0,3.0,0.0,1.0986122886681096,4.0,0.0,2.0,3.0,4.0,2.23606797749979,2,3.0,3.0,2,0.8479708058539469,0.0,0.0,0,0,3.4499999999999997,12.0,1.0,1,0.0,0.5798334279802929,0,0,0,0,0,0,4.400000000000002,0.0,0
9.682404377188837,54.0,0,1050.0,11.0,26.0,24456.0,1520.0,87.0,2.70805020110221,20.0,1.3862943611198906,2.5649493574615367,2.0,0.6931471805599453,2.302585092994046,3.0,1.0,1.0,3.0,4.0,1.4142135623730951,0,4.0,4.0,1,0.3586075695255125,0.0,3.70805020110221,0,0,2.8,12.0,2.1,0,0.26968351175578803,0.8286539693762351,0,0,0,0,0,0,-16.800000000000004,0.0,2
7.767687277186908,29.0,0,224.0,1.0,11.0,7568.0,1522.0,100.0,2.302585092994046,13.0,1.9459101490553128,2.079441541679836,1.0,0.0,2.079441541679836,1.0,0.0,3.0,2.0,1.0,1.4142135623730951,2,1.0,4.0,2,0.647307273098909,0.0,0.0,1,0,1.2999999999999998,2.0,3.1,0,0.0,0.3775183578708984,0,0,0,0,0,0,29.700000000000003,0.0,0
9.70069794710231,44.0,0,136.0,28.0,24.0,22074.0,1523.0,32.0,3.044522437723423,13.0,1.3862943611198906,2.8903717578961645,4.0,0.6931471805599453,1.9459101490553128,4.0,3.605551275463989,3.0,3.0,1.0,1.0,1,4.0,3.0,2,0.38802791788409235,0.0,14.582733033976409,0,0,2.8,3.0,2.8,0,0.8914652671561093,0.44647164198565814,0,0,0,0,0,0,-4.800000000000001,0.0,2
9.033245134153807,39.0,0,1089.0,6.0,9.0,9150.0,1525.0,32.0,1.0986122886681096,18.0,1.6094379124341005,1.0986122886681096,2.0,0.0,0.0,3.0,1.4142135623730951,4.0,3.0,2.0,1.7320508075688772,2,3.0,3.0,2,0.9033245134153807,0.0,2.9678859607972816,1,0,2.55,6.0,1.6,0,0.6738803398843289,0.4244585113988544,0,0,0,0,0,0,1.4500000000000002,0.0,0
9.717579572206754,46.0,0,228.0,3.0,23.0,11380.0,1527.0,51.0,2.639057329615259,12.0,2.19722457733622,0.6931471805599453,3.0,0.6931471805599453,2.5649493574615367,4.0,2.23606797749979,4.0,3.0,2.0,1.4142135623730951,1,4.0,3.0,2,0.40489914884194805,0.0,8.137179563038577,1,0,3.0500000000000003,6.0,0.3,0,0.6144635203469573,0.425033701164898,0,0,0,0,0,0,-5.699999999999998,0.0,2
9.060331104649476,35.0,0,1029.0,16.0,11.0,21195.0,1529.0,91.0,2.4849066497880004,19.0,0.6931471805599453,1.3862943611198906,4.0,0.0,2.19722457733622,1.0,1.7320508075688772,4.0,2.0,2.0,1.7320508075688772,2,3.0,3.0,2,0.7550275920541231,0.0,6.036035377067456,0,0,2.55,4.0,4.6,0,0.49701497963345564,0.7478944328019502,0,0,0,0,0,0,7.250000000000001,0.0,0
7.728855823852543,23.0,0,507.0,20.0,5.0,24812.0,1533.0,97.0,1.6094379124341005,14.0,0.0,1.0986122886681096,1.0,0.0,1.3862943611198906,3.0,1.0,2.0,3.0,3.0,1.4142135623730951,2,2.0,1.0,2,1.2881426373087572,0.0,2.6094379124341005,0,0,2.3499999999999996,9.0,3.0,0,0.383224293337255,0.5868910607811733,0,0,0,0,0,0,28.050000000000004,0.0,0
7.610357618312838,40.0,0,676.0,9.0,15.0,21831.0,1534.0,86.0,1.791759469228055,14.0,1.3862943611198906,0.0,4.0,0.0,1.6094379124341005,1.0,1.0,2.0,3.0,1.0,1.7320508075688772,2,1.0,4.0,2,0.47564735114455237,0.0,2.791759469228055,0,0,1.9000000000000001,3.0,3.9,1,0.3581970477838151,0.536771340909638,0,0,0,0,0,0,0.0,0.0,0
8.865593998902725,34.0,1,971.0,1.0,10.0,12288.0,1535.0,64.0,2.3978952727983707,14.0,0.6931471805599453,1.9459101490553128,4.0,0.0,2.302585092994046,3.0,2.8284271247461903,4.0,2.0,3.0,1.7320508075688772,1,3.0,3.0,2,0.8059630908093386,0.1,9.610699156629767,0,0,3.4,6.0,3.1,0,0.8324056210292823,0.5333470396020317,0,0,0,0,0,0,3.6000000000000005,1.0,2
8.315077007294104,31.0,0,561.0,3.0,7.0,4156.0,1537.0,33.0,2.079441541679836,12.0,0.6931471805599453,2.079441541679836,4.0,0.0,1.0986122886681096,1.0,2.6457513110645907,1.0,3.0,3.0,1.4142135623730951,2,1.0,3.0,1,1.039384625911763,0.0,8.147436496246192,0,0,2.4499999999999997,9.0,3.3,0,0.8591659478690193,0.2158134949599162,0,0,1,0,0,0,13.950000000000003,0.0,0
9.575816471867984,50.0,1,333.0,22.0,32.0,24450.0,1539.0,88.0,3.4657359027997265,13.0,0.6931471805599453,2.302585092994046,3.0,0.0,1.9459101490553128,3.0,3.605551275463989,4.0,1.0,4.0,1.4142135623730951,2,4.0,5.0,1,0.29017625672327224,2.2,16.101439780224883,0,0,3.5,4.0,5.2,0,0.8073812141921654,0.693821889289352,0,0,0,0,0,0,-5.0,22.0,0
7.744569809354496,34.0,1,1440.0,7.0,12.0,4944.0,1541.0,55.0,2.4849066497880004,25.0,0.0,2.079441541679836,2.0,0.6931471805599453,2.3978952727983707,3.0,2.23606797749979,2.0,3.0,3.0,2.0,1,1.0,2.0,2,0.595736139181115,0.7,7.792488164167022,0,0,2.5999999999999996,9.0,3.7,0,0.6416435796453308,0.40589720467522306,0,0,0,0,0,0,8.400000000000002,7.0,2
8.485083137498004,42.0,0,1210.0,2.0,4.0,24052.0,1542.0,68.0,0.6931471805599453,14.0,1.6094379124341005,0.0,3.0,0.6931471805599453,0.0,3.0,0.0,2.0,2.0,2.0,1.7320508075688772,1,1.0,3.0,2,1.6970166274996008,0.0,0.0,1,0,2.5,4.0,1.2,1,0.0,0.6726760300332184,0,0,0,0,1,0,-3.0,0.0,2
8.363109176033522,37.0,0,674.0,13.0,10.0,3031.0,1543.0,47.0,2.3978952727983707,17.0,0.6931471805599453,2.079441541679836,1.0,0.0,2.19722457733622,3.0,1.7320508075688772,1.0,3.0,4.0,1.4142135623730951,1,2.0,3.0,2,0.7602826523666838,0.0,5.885327251284888,0,0,2.55,12.0,2.3,0,0.509742257636572,0.27926352624007583,1,0,0,0,0,0,4.3500000000000005,0.0,2
9.181529290122064,29.0,0,441.0,8.0,9.0,7288.0,1544.0,39.0,2.079441541679836,13.0,1.3862943611198906,2.079441541679836,3.0,0.6931471805599453,2.079441541679836,3.0,0.0,3.0,1.0,1.0,1.7320508075688772,1,2.0,1.0,2,0.9181529290122065,0.0,0.0,0,0,2.3,1.0,1.8,0,0.0,0.3287619925419732,1,0,0,0,0,0,18.700000000000003,0.0,2
8.371242135931933,33.0,0,575.0,25.0,5.0,24152.0,1545.0,44.0,1.791759469228055,13.0,0.6931471805599453,1.0986122886681096,4.0,0.0,1.3862943611198906,3.0,0.0,4.0,2.0,2.0,1.4142135623730951,2,2.0,3.0,2,1.3952070226553221,0.0,0.0,0,0,3.0500000000000003,4.0,3.5,0,0.0,0.463613881546696,0,0,0,0,0,0,6.649999999999999,0.0,0
7.665284718471351,45.0,0,950.0,28.0,8.0,4585.0,1546.0,97.0,1.791759469228055,20.0,1.6094379124341005,1.3862943611198906,4.0,0.6931471805599453,1.6094379124341005,3.0,0.0,4.0,3.0,4.0,1.7320508075688772,1,1.0,3.0,2,0.8516983020523723,0.0,0.0,1,0,3.75,12.0,3.8,0,0.0,0.45714287836307643,0,0,0,0,0,0,-1.25,0.0,2
9.22276289197474,42.0,1,288.0,2.0,24.0,18611.0,1547.0,40.0,3.044522437723423,14.0,1.0986122886681096,2.302585092994046,4.0,0.6931471805599453,2.19722457733622,1.0,3.605551275463989,3.0,3.0,4.0,1.7320508075688772,1,3.0,3.0,1,0.36891051567898964,0.2,14.582733033976409,0,0,3.0999999999999996,12.0,5.2,0,0.8914652671561093,0.42249635958486254,0,0,0,0,0,0,-1.8000000000000007,2.0,1
8.607764889600624,40.0,0,1342.0,9.0,9.0,19345.0,1548.0,47.0,2.19722457733622,12.0,0.0,0.6931471805599453,1.0,0.0,1.6094379124341005,4.0,2.6457513110645907,4.0,3.0,1.0,2.23606797749979,1,2.0,2.0,2,0.8607764889600624,0.0,8.459061117255237,0,0,2.2,3.0,0.9,0,0.8275150046759958,0.585595980548991,0,1,0,0,0,0,0.0,0.0,2
8.557951183888406,33.0,1,589.0,28.0,15.0,22949.0,1549.0,79.0,2.772588722239781,12.0,0.6931471805599453,2.079441541679836,2.0,0.6931471805599453,2.70805020110221,3.0,2.23606797749979,2.0,3.0,3.0,1.7320508075688772,1,2.0,4.0,2,0.5348719489930254,2.8,8.435764834077224,0,0,2.5999999999999996,9.0,5.8,0,0.5927144839080787,0.5966173991074192,0,0,0,0,0,0,9.800000000000002,28.0,2
9.707351006708445,40.0,1,898.0,6.0,21.0,17381.0,1550.0,38.0,3.091042453358316,21.0,0.6931471805599453,2.079441541679836,3.0,0.0,2.079441541679836,3.0,2.6457513110645907,4.0,3.0,4.0,1.4142135623730951,2,4.0,2.0,2,0.44124322757765655,0.6,10.823880934593664,0,0,3.5,12.0,3.6,0,0.6467181265480897,0.5577810564748905,0,0,0,0,0,0,0.0,6.0,0
7.739359202689098,24.0,0,350.0,21.0,2.0,10036.0,1551.0,57.0,0.6931471805599453,14.0,0.0,0.0,3.0,1.3862943611198906,0.6931471805599453,3.0,0.0,2.0,2.0,1.0,1.7320508075688772,0,1.0,2.0,2,2.579786400896366,0.0,0.0,0,0,2.15,2.0,3.1,1,0.0,0.2686030015443285,0,0,0,0,1,1,29.6,0.0,4
8.311398278436641,40.0,1,1142.0,8.0,8.0,8841.0,1552.0,72.0,1.0986122886681096,18.0,1.3862943611198906,1.0986122886681096,4.0,0.0,1.0986122886681096,3.0,1.4142135623730951,3.0,3.0,4.0,1.4142135623730951,0,2.0,2.0,0,0.9234886976040713,0.8,2.9678859607972816,0,0,3.5999999999999996,12.0,3.8,0,0.6738803398843289,0.5057544558924594,0,0,0,0,0,0,0.0,8.0,0
8.914894908906568,45.0,0,538.0,1.0,10.0,20933.0,1553.0,66.0,2.3978952727983707,12.0,0.6931471805599453,2.079441541679836,1.0,1.3862943611198906,2.19722457733622,3.0,2.6457513110645907,1.0,3.0,2.0,2.0,0,3.0,4.0,2,0.8104449917187789,0.0,8.989985872866464,0,0,1.8499999999999999,6.0,1.1,0,0.778644160179091,0.5544226475562668,0,0,0,0,0,0,-10.750000000000002,0.0,4
7.796057974316123,35.0,0,1402.0,28.0,6.0,26204.0,1554.0,98.0,1.791759469228055,23.0,0.0,1.0986122886681096,2.0,1.0986122886681096,1.3862943611198906,3.0,2.0,1.0,2.0,3.0,2.23606797749979,1,1.0,4.0,2,1.1137225677594462,0.0,5.58351893845611,0,0,2.4499999999999997,6.0,3.8,0,0.7163940955676302,0.7709256453784301,0,0,0,0,0,0,7.750000000000002,0.0,2
8.679141958402255,32.0,0,824.0,5.0,12.0,15624.0,1555.0,67.0,2.079441541679836,12.0,1.3862943611198906,1.791759469228055,4.0,0.6931471805599453,0.6931471805599453,3.0,1.4142135623730951,1.0,2.0,2.0,1.4142135623730951,1,2.0,2.0,2,0.6676263044924812,0.0,4.354987992778737,0,0,2.6,4.0,1.5,0,0.45924351647267875,0.5336923596812959,0,0,0,0,0,0,11.2,0.0,2
7.8804263442924,36.0,1,1157.0,2.0,7.0,17001.0,1556.0,70.0,1.3862943611198906,21.0,1.3862943611198906,1.0986122886681096,3.0,0.0,1.0986122886681096,2.0,1.0,4.0,3.0,4.0,1.7320508075688772,2,1.0,4.0,2,0.98505329303655,0.2,2.386294361119891,0,0,3.25,12.0,4.2,0,0.41905978419640516,0.5426418406536753,0,0,0,0,0,0,3.0,2.0,0
8.770283819098399,48.0,0,492.0,16.0,18.0,13693.0,1557.0,96.0,2.19722457733622,14.0,2.19722457733622,2.079441541679836,3.0,0.6931471805599453,2.079441541679836,3.0,2.6457513110645907,3.0,3.0,3.0,1.4142135623730951,0,2.0,4.0,2,0.4615938852157052,0.0,8.459061117255237,1,0,3.0,9.0,2.6,0,0.8275150046759958,0.5670458535784122,0,1,0,0,0,0,-8.0,0.0,4
7.804659297056102,29.0,0,598.0,9.0,5.0,22376.0,1558.0,91.0,0.6931471805599453,18.0,1.9459101490553128,0.0,3.0,1.0986122886681096,0.0,2.0,0.0,1.0,4.0,3.0,1.4142135623730951,1,1.0,3.0,2,1.3007765495093504,0.0,0.0,1,0,2.4499999999999997,12.0,2.9,1,0.0,0.5644294859228812,0,0,1,0,1,0,17.050000000000004,0.0,2
8.762958920766726,33.0,0,1242.0,8.0,8.0,10589.0,1560.0,46.0,1.0986122886681096,13.0,1.0986122886681096,1.0986122886681096,1.0,0.6931471805599453,1.0986122886681096,1.0,1.4142135623730951,4.0,3.0,1.0,2.449489742783178,1,2.0,4.0,2,0.973662102307414,0.0,2.9678859607972816,0,0,1.45,3.0,3.8,0,0.6738803398843289,0.4908427426584312,0,0,0,0,0,0,17.849999999999998,0.0,2
9.18142636181154,30.0,0,740.0,1.0,10.0,5323.0,1562.0,64.0,2.3978952727983707,11.0,0.6931471805599453,2.079441541679836,2.0,0.6931471805599453,2.19722457733622,3.0,2.449489742783178,4.0,2.0,1.0,2.0,1,2.0,3.0,2,0.8346751238010491,0.0,8.323109617771056,0,0,2.2,2.0,1.1,0,0.7208844140643205,0.45182057995150876,0,0,0,0,0,0,18.0,0.0,2
8.712430973476739,38.0,0,888.0,10.0,10.0,14814.0,1563.0,71.0,1.9459101490553128,11.0,1.3862943611198906,1.0986122886681096,3.0,0.0,1.3862943611198906,3.0,1.0,3.0,3.0,3.0,1.4142135623730951,1,2.0,4.0,1,0.7920391794069762,0.0,2.9459101490553126,0,0,3.0,9.0,2.0,0,0.3394536660667256,0.5544336275009869,0,0,0,0,0,0,2.0,0.0,1
7.804251383528112,35.0,0,992.0,1.0,3.0,21731.0,1564.0,68.0,1.3862943611198906,19.0,0.6931471805599453,1.0986122886681096,4.0,0.0,0.0,3.0,1.0,2.0,2.0,1.0,1.7320508075688772,2,1.0,3.0,2,1.951062845882028,0.0,2.386294361119891,0,0,2.4,2.0,1.1,0,0.41905978419640516,0.5462818622462852,0,0,0,0,0,0,8.0,0.0,0
9.132486932771318,30.0,0,1288.0,29.0,9.0,17799.0,1568.0,33.0,1.6094379124341005,12.0,1.3862943611198906,1.3862943611198906,3.0,0.6931471805599453,1.0986122886681096,3.0,1.0,2.0,3.0,2.0,1.7320508075688772,1,3.0,4.0,2,0.9132486932771318,0.0,2.6094379124341005,0,0,2.5,6.0,3.9,0,0.383224293337255,0.5598030413077923,0,0,0,0,0,0,15.0,0.0,2
7.637716432664798,35.0,1,104.0,2.0,1.0,26619.0,1569.0,69.0,0.6931471805599453,12.0,0.6931471805599453,0.0,1.0,0.6931471805599453,0.0,3.0,0.0,4.0,3.0,1.0,1.4142135623730951,0,1.0,3.0,2,3.818858216332399,0.2,0.0,0,0,1.9500000000000002,3.0,3.2,0,0.0,0.4243326439519009,0,0,0,0,1,0,10.25,2.0,4
9.227197489042606,53.0,0,607.0,2.0,34.0,14618.0,1572.0,78.0,3.4657359027997265,16.0,0.0,2.302585092994046,3.0,0.6931471805599453,2.079441541679836,3.0,1.0,2.0,2.0,4.0,2.0,1,3.0,5.0,2,0.26363421397264586,0.0,4.465735902799727,0,0,3.1999999999999997,8.0,1.2,0,0.22392725897047894,0.5756323542764346,0,0,0,0,0,0,-10.400000000000004,0.0,2
8.487970332739334,38.0,0,903.0,2.0,7.0,7653.0,1573.0,81.0,1.791759469228055,11.0,1.6094379124341005,1.6094379124341005,3.0,1.0986122886681096,1.0986122886681096,3.0,1.0,1.0,3.0,2.0,1.4142135623730951,1,2.0,3.0,2,1.0609962915924167,0.0,2.791759469228055,1,0,2.35,6.0,1.2,0,0.3581970477838151,0.4998216650772211,0,0,0,0,0,0,3.3,0.0,2
8.31581113188354,32.0,0,1200.0,1.0,9.0,25174.0,1574.0,62.0,1.9459101490553128,14.0,1.6094379124341005,1.0986122886681096,4.0,0.6931471805599453,1.791759469228055,2.0,1.0,2.0,3.0,1.0,1.7320508075688772,1,2.0,4.0,0,0.831581113188354,0.0,2.9459101490553126,1,0,2.15,3.0,2.1,0,0.3394536660667256,0.64478793702366,0,0,0,0,0,0,14.8,0.0,0
7.769800996003896,48.0,0,1108.0,15.0,10.0,16530.0,1576.0,65.0,2.19722457733622,12.0,2.19722457733622,1.9459101490553128,3.0,0.6931471805599453,1.0986122886681096,2.0,2.6457513110645907,4.0,3.0,1.0,1.7320508075688772,1,1.0,4.0,2,0.7063455450912633,0.0,8.459061117255237,1,0,2.2,3.0,3.5,0,0.8275150046759958,0.5008753018229303,0,1,0,0,0,0,-14.399999999999999,0.0,2
7.997326822998097,34.0,0,479.0,7.0,1.0,22061.0,1577.0,35.0,0.6931471805599453,13.0,0.6931471805599453,0.0,1.0,0.0,0.0,1.0,0.0,3.0,3.0,4.0,2.0,2,1.0,4.0,2,3.9986634114990487,0.0,0.0,0,0,2.3499999999999996,12.0,3.7,0,0.0,0.35810671732949145,0,0,0,0,1,0,9.900000000000002,0.0,0
9.882621359854744,55.0,0,685.0,26.0,34.46000000000004,23037.0,1578.0,60.0,3.4657359027997265,21.0,0.6931471805599453,2.639057329615259,3.0,0.6931471805599453,1.9459101490553128,3.0,1.4142135623730951,3.0,2.0,4.0,1.7320508075688772,1,5.0,5.0,2,0.2786977258842282,0.0,6.3155042797158325,0,0,3.3499999999999996,8.0,3.6,0,0.31668096662108364,0.6715082056620193,0,0,0,0,0,0,-9.750000000000005,0.0,2
8.609772372709331,34.0,0,1351.0,1.0,9.0,13008.0,1580.0,45.0,1.0986122886681096,17.0,2.302585092994046,0.6931471805599453,2.0,0.6931471805599453,1.0986122886681096,2.0,1.4142135623730951,2.0,3.0,4.0,1.7320508075688772,1,2.0,4.0,2,0.8609772372709331,0.0,2.9678859607972816,1,0,2.6999999999999997,12.0,2.1,1,0.6738803398843289,0.5166409478484291,0,0,0,0,0,0,7.800000000000002,0.0,2
7.631431664576906,26.0,0,474.0,3.0,1.0,11133.0,1581.0,89.0,0.6931471805599453,21.0,0.6931471805599453,0.0,1.0,0.0,0.0,3.0,0.0,1.0,3.0,4.0,2.23606797749979,1,1.0,3.0,2,3.815715832288453,0.0,0.0,0,0,2.55,12.0,1.3,1,0.0,0.4059322614999342,0,0,1,0,1,0,20.300000000000004,0.0,2
9.202812105555392,38.0,0,1245.0,14.0,10.0,12355.0,1582.0,80.0,2.302585092994046,11.0,0.0,2.079441541679836,3.0,0.6931471805599453,2.19722457733622,3.0,2.6457513110645907,4.0,3.0,2.0,1.7320508075688772,1,2.0,3.0,2,0.8366192823232175,0.0,8.73781883969137,0,0,2.8000000000000003,6.0,2.4,0,0.8011152586733246,0.671936837232558,0,1,0,0,0,0,2.3999999999999995,0.0,2
8.342601680684194,38.0,0,437.0,16.0,8.0,16379.0,1583.0,90.0,1.3862943611198906,12.0,1.0986122886681096,1.0986122886681096,2.0,0.0,1.0986122886681096,4.0,1.0,2.0,3.0,2.0,2.23606797749979,2,2.0,3.0,2,0.9269557422982437,0.0,2.386294361119891,0,0,2.5,6.0,1.6,0,0.41905978419640516,0.522481528229156,0,0,0,0,0,0,3.0,0.0,0
8.827028068509152,36.0,0,884.0,1.0,15.0,21447.0,1585.0,73.0,0.6931471805599453,13.0,1.9459101490553128,0.0,2.0,0.0,0.0,3.0,0.0,1.0,3.0,3.0,2.23606797749979,2,2.0,4.0,2,0.551689254281822,0.0,0.0,1,0,2.4499999999999997,9.0,1.1,1,0.0,0.6382301616125934,0,0,0,0,1,0,6.200000000000001,0.0,0
8.460411177317253,29.0,1,1370.0,3.0,10.0,16213.0,1586.0,87.0,2.3978952727983707,18.0,0.6931471805599453,1.791759469228055,2.0,0.0,2.302585092994046,3.0,1.0,4.0,3.0,1.0,1.7320508075688772,2,1.0,1.0,2,0.769128288847023,0.3,3.3978952727983707,0,0,2.2,3.0,3.3,0,0.2942998296638024,0.688154684544549,0,0,0,0,0,0,19.799999999999997,3.0,0
8.723068501163928,35.0,1,670.0,10.0,10.0,4223.0,1587.0,51.0,1.791759469228055,16.0,1.3862943611198906,1.6094379124341005,1.0,0.0,1.0986122886681096,3.0,0.0,3.0,3.0,3.0,2.0,2,2.0,4.0,2,0.7930062273785389,1.0,0.0,0,0,2.5,9.0,4.0,0,0.0,0.3386801540018026,1,0,0,0,0,0,7.5,10.0,0
9.016512874996026,39.0,0,1462.0,6.0,11.0,4658.0,1588.0,38.0,2.079441541679836,11.0,1.0986122886681096,1.9459101490553128,4.0,0.6931471805599453,1.9459101490553128,3.0,2.6457513110645907,1.0,4.0,3.0,1.7320508075688772,1,3.0,3.0,2,0.7513760729163356,0.0,8.147436496246192,0,0,2.9499999999999997,12.0,1.6,0,0.8591659478690193,0.4659709864549548,0,0,0,0,0,0,1.0500000000000003,0.0,2
9.088624613292088,29.0,0,995.0,2.0,6.0,24483.0,1590.0,87.0,1.9459101490553128,19.0,0.6931471805599453,1.3862943611198906,1.0,0.6931471805599453,1.6094379124341005,4.0,1.0,4.0,3.0,4.0,0.0,0,2.0,1.0,1,1.2983749447560127,0.0,2.9459101490553126,0,0,3.25,12.0,0.2,0,0.3394536660667256,0.7631928061977431,0,0,0,0,0,1,8.25,0.0,2
9.869517032964977,50.0,1,264.0,9.0,27.0,19519.0,1591.0,59.0,0.6931471805599453,16.0,1.6094379124341005,0.0,3.0,0.6931471805599453,0.0,3.0,0.0,3.0,3.0,3.0,1.4142135623730951,1,5.0,3.0,2,0.3524827511773206,0.9,0.0,1,0,3.0,9.0,3.9,0,0.0,0.5560491206892533,0,0,0,0,1,0,-10.0,9.0,2
7.637234388789473,23.0,0,977.0,10.0,4.0,12826.0,1592.0,45.0,1.0986122886681096,16.0,1.0986122886681096,1.0986122886681096,4.0,0.6931471805599453,1.0986122886681096,3.0,1.4142135623730951,4.0,4.0,3.0,1.4142135623730951,1,1.0,3.0,2,1.5274468777578947,0.0,2.9678859607972816,0,0,3.4,12.0,2.0,0,0.6738803398843289,0.35634448306405003,0,0,1,0,0,0,10.200000000000001,0.0,2
8.623892810075294,36.0,1,1302.0,6.0,9.0,19711.0,1594.0,80.0,1.3862943611198906,13.0,1.3862943611198906,1.0986122886681096,1.0,0.6931471805599453,1.0986122886681096,3.0,0.0,4.0,4.0,1.0,1.7320508075688772,1,2.0,4.0,1,0.8623892810075293,0.6,0.0,0,0,1.9500000000000002,4.0,3.6,0,0.0,0.701486932997478,0,0,0,0,0,0,8.2,6.0,1
9.883998875952264,42.0,0,1059.0,9.0,24.0,26362.0,1595.0,93.0,0.6931471805599453,22.0,2.19722457733622,0.6931471805599453,4.0,0.0,0.0,3.0,0.0,4.0,2.0,4.0,1.4142135623730951,2,5.0,2.0,2,0.39535995503809057,0.0,0.0,1,0,3.75,8.0,1.9,0,0.0,0.8898009733968112,0,0,0,0,1,0,-0.5,0.0,0
8.133880887949207,35.0,0,750.0,28.0,10.0,25348.0,1596.0,46.0,2.3978952727983707,17.0,0.6931471805599453,2.19722457733622,2.0,1.0986122886681096,2.302585092994046,2.0,2.449489742783178,4.0,4.0,3.0,1.7320508075688772,1,2.0,3.0,2,0.7394437170862915,0.0,8.323109617771056,0,0,2.65,12.0,4.8,0,0.7208844140643205,0.4917377794598292,0,1,0,0,0,0,6.75,0.0,2
8.529911963824013,34.0,0,653.0,10.0,8.0,15332.0,1597.0,92.0,2.19722457733622,14.0,0.6931471805599453,2.079441541679836,4.0,0.6931471805599453,1.0986122886681096,2.0,2.6457513110645907,2.0,2.0,3.0,1.7320508075688772,1,2.0,4.0,1,0.9477679959804459,0.0,8.459061117255237,0,0,2.8499999999999996,6.0,3.0,0,0.8275150046759958,0.5753993354413476,0,0,0,0,0,0,6.900000000000002,0.0,1
8.442469645220301,40.0,0,118.0,14.0,5.0,11262.0,1598.0,84.0,1.791759469228055,15.0,0.6931471805599453,1.0986122886681096,4.0,0.6931471805599453,1.6094379124341005,3.0,1.0,3.0,3.0,1.0,1.4142135623730951,1,2.0,2.0,2,1.4070782742033836,0.0,2.791759469228055,0,0,2.55,3.0,2.4,0,0.3581970477838151,0.4020012528310367,0,0,0,0,0,0,0.0,0.0,2
8.492285555710053,43.0,0,990.0,27.0,8.0,5855.0,1599.0,87.0,1.9459101490553128,12.0,1.791759469228055,1.0986122886681096,4.0,0.6931471805599453,1.6094379124341005,3.0,0.0,3.0,4.0,2.0,0.0,0,1.0,3.0,2,0.9435872839677837,0.0,0.0,1,0,2.9000000000000004,8.0,3.7,0,0.0,0.5191768999519045,0,0,0,0,0,0,-3.299999999999999,0.0,4
7.897668150726906,35.0,0,1349.0,7.0,1.0,7713.0,1601.0,63.0,0.6931471805599453,18.0,0.6931471805599453,0.6931471805599453,3.0,0.6931471805599453,0.0,2.0,0.0,4.0,2.0,4.0,2.23606797749979,1,1.0,2.0,2,3.948834075363453,0.0,0.0,0,0,3.25,8.0,2.7,0,0.0,0.46038978127363017,0,0,0,0,1,0,3.75,0.0,2
9.773834344309256,46.0,0,563.0,1.0,27.0,3156.0,1602.0,56.0,3.295836866004329,15.0,0.6931471805599453,2.5649493574615367,4.0,0.0,0.0,1.0,0.0,2.0,4.0,1.0,2.23606797749979,2,4.0,4.0,2,0.34906551229675914,0.0,0.0,0,0,1.9000000000000001,4.0,3.1,0,0.0,0.42558202750534874,0,0,0,0,0,0,-12.599999999999998,0.0,0
7.786967002614872,28.0,1,329.0,24.0,1.0,7324.0,1604.0,51.0,0.6931471805599453,17.0,0.6931471805599453,0.0,3.0,1.3862943611198906,0.6931471805599453,3.0,0.0,3.0,3.0,2.0,1.7320508075688772,1,1.0,3.0,2,3.893483501307436,2.4,0.0,0,0,2.6500000000000004,6.0,5.4,0,0.0,0.22067402448412804,0,0,1,0,1,0,16.199999999999996,24.0,2
7.942717540573791,22.0,1,457.0,26.0,4.0,10293.0,1605.0,85.0,1.6094379124341005,14.0,0.6931471805599453,1.3862943611198906,2.0,0.0,1.0986122886681096,2.0,1.0,2.0,2.0,3.0,1.4142135623730951,1,1.0,2.0,0,1.5885435081147583,2.6,2.6094379124341005,0,0,2.3499999999999996,6.0,6.6,0,0.383224293337255,0.40947213545431604,0,0,0,1,0,0,29.700000000000006,26.0,0
9.327767788852148,50.0,1,1234.0,20.0,32.0,20689.0,1606.0,41.0,3.4339872044851463,15.0,1.0986122886681096,2.639057329615259,2.0,0.6931471805599453,2.19722457733622,3.0,3.4641016151377544,3.0,3.0,3.0,1.7320508075688772,1,4.0,5.0,1,0.2826596299652166,2.0,15.359782236557132,0,0,2.75,9.0,5.0,0,0.7812610761784978,0.6261020049451416,0,0,0,0,0,0,-12.5,20.0,1
8.105609402299896,32.0,0,634.0,5.0,6.0,18783.0,1607.0,35.0,1.3862943611198906,17.0,1.3862943611198906,1.0986122886681096,2.0,1.0986122886681096,1.0986122886681096,3.0,0.0,4.0,4.0,4.0,1.7320508075688772,1,1.0,4.0,2,1.1579442003285565,0.0,0.0,0,0,3.25,16.0,1.5,0,0.0,0.3631318139040644,0,0,0,0,0,0,6.0,0.0,2
9.854822380554848,44.0,1,1313.0,7.0,23.0,3549.0,1608.0,31.0,3.1354942159291497,14.0,0.0,2.3978952727983707,2.0,0.6931471805599453,2.079441541679836,2.0,1.0,4.0,3.0,4.0,2.0,0,5.0,3.0,2,0.41061759918978535,0.7,4.13549421592915,0,0,3.0,12.0,4.7,0,0.24180906749867698,0.4820805015062546,0,0,0,0,0,0,-4.0,7.0,4
7.669495251007694,30.0,0,241.0,7.0,6.0,5348.0,1609.0,48.0,1.9459101490553128,12.0,0.6931471805599453,0.6931471805599453,2.0,0.6931471805599453,1.6094379124341005,2.0,1.0,2.0,2.0,2.0,1.7320508075688772,1,1.0,3.0,2,1.095642178715385,0.0,2.9459101490553126,0,0,2.0,4.0,2.7,1,0.3394536660667256,0.16331927393606208,0,0,1,0,0,0,20.0,0.0,2
8.660427359502146,45.0,1,1015.0,5.0,10.0,23447.0,1611.0,50.0,2.3978952727983707,14.0,0.6931471805599453,1.6094379124341005,3.0,0.0,2.079441541679836,3.0,1.0,1.0,1.0,1.0,1.7320508075688772,2,2.0,5.0,2,0.7873115781365587,0.5,3.3978952727983707,0,0,2.0,1.0,3.5,0,0.2942998296638024,0.5839253520120166,0,0,0,0,0,0,-10.0,5.0,0
8.386172928977834,45.0,0,336.0,26.0,10.0,24162.0,1612.0,52.0,2.3978952727983707,15.0,0.6931471805599453,1.791759469228055,1.0,0.6931471805599453,2.079441541679836,3.0,2.0,1.0,2.0,1.0,1.4142135623730951,1,2.0,3.0,0,0.7623793571798031,0.0,6.795790545596741,0,0,1.5,2.0,3.6,0,0.5885996593276048,0.45092083440951225,0,0,0,0,0,0,-12.5,0.0,0
8.581669210600602,31.0,0,715.0,2.0,10.0,21602.0,1613.0,54.0,1.791759469228055,13.0,2.079441541679836,1.3862943611198906,4.0,0.0,1.0986122886681096,3.0,0.0,4.0,3.0,1.0,1.7320508075688772,2,2.0,4.0,1,0.7801517464182365,0.0,0.0,1,0,2.7,3.0,1.2,0,0.0,0.5185910867778144,0,0,0,0,0,0,11.7,0.0,0
8.447628728030327,36.0,1,559.0,12.0,7.0,12421.0,1614.0,76.0,1.3862943611198906,12.0,2.302585092994046,0.6931471805599453,3.0,1.0986122886681096,1.0986122886681096,3.0,1.0,2.0,3.0,3.0,1.4142135623730951,1,2.0,4.0,2,1.055953591003791,1.2,2.386294361119891,1,0,2.8499999999999996,9.0,4.2,1,0.41905978419640516,0.4644687466412536,0,0,0,0,0,0,4.600000000000001,12.0,2
8.460622839927844,34.0,0,426.0,10.0,9.0,17000.0,1615.0,42.0,2.302585092994046,13.0,0.6931471805599453,1.0986122886681096,3.0,0.6931471805599453,2.079441541679836,3.0,2.6457513110645907,1.0,4.0,4.0,1.7320508075688772,0,2.0,4.0,1,0.8460622839927844,0.0,8.73781883969137,0,0,3.05,16.0,2.0,0,0.8011152586733246,0.36642691292841223,1,0,0,0,0,1,5.700000000000001,0.0,2
8.074649075066652,49.0,0,722.0,25.0,10.0,22102.0,1617.0,84.0,2.302585092994046,14.0,0.6931471805599453,1.6094379124341005,3.0,0.6931471805599453,1.9459101490553128,2.0,1.0,4.0,3.0,1.0,1.7320508075688772,1,1.0,4.0,2,0.7340590068242411,0.0,3.302585092994046,0,0,2.2,3.0,4.5,0,0.30279310656411385,0.5842822997066631,0,0,0,0,0,0,-16.2,0.0,2
8.59007183682881,39.0,0,1387.0,10.0,10.0,3835.0,1618.0,76.0,2.079441541679836,13.0,1.0986122886681096,2.079441541679836,2.0,1.3862943611198906,2.079441541679836,3.0,2.6457513110645907,4.0,3.0,1.0,1.7320508075688772,1,2.0,5.0,2,0.7809156215298919,0.0,8.147436496246192,0,0,2.2,3.0,2.0,0,0.8591659478690193,0.5398633884296817,0,1,0,0,0,0,1.7999999999999998,0.0,2
8.310660905907225,27.0,0,1302.0,19.0,7.0,16290.0,1619.0,67.0,2.079441541679836,11.0,0.6931471805599453,2.079441541679836,4.0,1.0986122886681096,2.079441541679836,3.0,0.0,1.0,2.0,1.0,1.7320508075688772,0,1.0,3.0,2,1.0388326132384031,0.0,0.0,0,0,2.25,2.0,2.9,0,0.0,0.5912348339327267,0,0,1,0,0,1,22.75,0.0,4
8.558143177745192,35.0,0,819.0,18.0,16.0,26312.0,1621.0,48.0,2.833213344056216,11.0,0.6931471805599453,2.3978952727983707,2.0,0.0,2.772588722239781,3.0,1.0,4.0,4.0,1.0,1.4142135623730951,1,2.0,5.0,2,0.5034201869261877,0.0,3.833213344056216,0,0,2.2,4.0,2.8,0,0.26087773109487916,0.5608390941078022,0,0,0,0,0,0,9.0,0.0,2
8.492490578775866,28.0,0,580.0,27.0,6.0,20460.0,1622.0,39.0,1.791759469228055,21.0,0.0,0.0,2.0,0.6931471805599453,1.3862943611198906,2.0,0.0,2.0,1.0,1.0,2.23606797749979,0,2.0,3.0,2,1.2132129398251237,0.0,0.0,0,0,1.6500000000000001,1.0,4.7,1,0.0,0.42100322299951715,0,0,1,0,0,1,28.199999999999996,0.0,4
8.044947049617722,21.0,0,546.0,5.0,3.0,26009.0,1623.0,97.0,1.0986122886681096,18.0,0.6931471805599453,1.0986122886681096,3.0,0.0,1.0986122886681096,3.0,1.4142135623730951,3.0,3.0,4.0,1.4142135623730951,2,1.0,1.0,2,2.0112367624044305,0.0,2.9678859607972816,0,0,3.3499999999999996,12.0,1.5,0,0.6738803398843289,0.6356381296606755,0,0,0,0,0,0,12.350000000000007,0.0,0
7.358830898342354,18.0,1,544.0,3.0,1.0,18420.0,1624.0,70.0,0.0,12.0,0.6931471805599453,0.0,2.0,0.0,0.0,4.0,0.0,3.0,3.0,4.0,1.4142135623730951,2,1.0,2.0,1,3.679415449171177,0.3,0.0,0,0,3.3499999999999996,12.0,2.3,0,0.0,0.39809130671181203,0,0,0,0,1,0,14.300000000000008,3.0,0
9.884684885113384,47.0,0,1176.0,26.0,27.0,5220.0,1625.0,98.0,1.791759469228055,11.0,1.3862943611198906,0.0,4.0,0.6931471805599453,1.0986122886681096,3.0,1.0,3.0,3.0,3.0,1.4142135623730951,1,5.0,4.0,2,0.35302446018262085,0.0,2.791759469228055,0,0,3.25,9.0,3.6,0,0.3581970477838151,0.7164339501866988,0,0,0,0,0,0,-5.25,0.0,2
8.029432840581244,39.0,0,170.0,3.0,11.0,10302.0,1627.0,76.0,2.3978952727983707,15.0,0.0,2.079441541679836,3.0,0.6931471805599453,2.19722457733622,3.0,0.0,4.0,2.0,3.0,1.7320508075688772,0,2.0,2.0,2,0.6691194033817703,0.0,0.0,0,0,3.15,6.0,1.3,0,0.0,0.3342216643267274,1,0,0,0,0,0,0.8500000000000001,0.0,4
9.25301664625662,40.0,0,884.0,15.0,18.0,25800.0,1628.0,80.0,2.9444389791664403,13.0,0.6931471805599453,2.5649493574615367,1.0,1.0986122886681096,2.772588722239781,3.0,3.605551275463989,4.0,2.0,3.0,1.4142135623730951,1,3.0,3.0,2,0.48700087611876947,0.0,14.221876992323434,0,0,2.65,6.0,2.5,0,0.9140846884709403,0.7470224913225016,0,0,0,0,0,0,0.0,0.0,2
8.330622620332868,35.0,0,208.0,8.0,15.0,12250.0,1630.0,52.0,2.70805020110221,12.0,0.6931471805599453,2.302585092994046,3.0,0.6931471805599453,2.4849066497880004,3.0,1.4142135623730951,4.0,3.0,3.0,2.23606797749979,1,2.0,4.0,0,0.5206639137708042,0.0,5.243974884359028,0,0,3.15,9.0,1.8,0,0.3813900798734395,0.30321153699766823,1,0,0,0,0,0,4.25,0.0,0
8.660254034256889,37.0,0,671.0,19.0,9.0,26493.0,1631.0,85.0,1.6094379124341005,17.0,1.3862943611198906,1.0986122886681096,3.0,1.3862943611198906,1.3862943611198906,2.0,0.0,1.0,3.0,3.0,1.4142135623730951,1,2.0,3.0,2,0.8660254034256889,0.0,0.0,0,0,2.4499999999999997,9.0,3.9,0,0.0,0.6779247404914472,0,0,0,0,0,0,4.65,0.0,2
8.525756422076725,39.0,0,711.0,4.0,10.0,3140.0,1633.0,81.0,2.302585092994046,13.0,0.0,2.19722457733622,1.0,0.0,1.0986122886681096,1.0,1.7320508075688772,4.0,3.0,3.0,1.4142135623730951,2,2.0,3.0,1,0.7750687656433386,0.0,5.720245177385273,0,0,2.15,9.0,3.4,0,0.5244530447506625,0.42371680087181307,0,0,0,0,0,0,1.85,0.0,0
8.660600654710967,45.0,0,1329.0,2.0,10.0,5388.0,1635.0,59.0,2.3978952727983707,19.0,0.6931471805599453,2.302585092994046,4.0,1.0986122886681096,2.079441541679836,3.0,1.7320508075688772,1.0,2.0,4.0,1.7320508075688772,0,2.0,2.0,2,0.7873273322464516,0.0,5.885327251284888,0,0,3.3,8.0,1.2,0,0.509742257636572,0.4909975006007682,0,0,0,0,0,0,-3.500000000000001,0.0,4
8.956350940490871,38.0,1,397.0,2.0,10.0,14199.0,1638.0,54.0,1.791759469228055,19.0,1.3862943611198906,1.0986122886681096,4.0,0.6931471805599453,1.6094379124341005,4.0,0.0,4.0,2.0,3.0,2.449489742783178,1,3.0,2.0,2,0.8142137218628065,0.2,0.0,0,0,3.65,6.0,2.2,0,0.0,0.42263805488997697,0,0,0,0,0,0,0.7000000000000002,2.0,2
9.240578555036793,35.0,0,737.0,10.0,15.0,21530.0,1639.0,55.0,2.639057329615259,17.0,2.302585092994046,0.0,4.0,0.0,2.5649493574615367,3.0,2.449489742783178,3.0,2.0,1.0,1.7320508075688772,1,3.0,3.0,2,0.5775361596897995,0.0,8.913833602292518,1,0,2.55,2.0,2.0,0,0.6731110617161262,0.5873967887585201,0,0,0,0,0,0,7.250000000000001,0.0,2
8.278174290943738,37.0,0,1470.0,10.0,8.0,9953.0,1640.0,71.0,2.19722457733622,11.0,0.6931471805599453,2.079441541679836,2.0,0.6931471805599453,1.6094379124341005,1.0,2.6457513110645907,1.0,3.0,2.0,1.4142135623730951,1,1.0,3.0,2,0.9197971434381932,0.0,8.459061117255237,0,0,1.5999999999999999,6.0,4.0,0,0.8275150046759958,0.568915436418912,0,1,0,0,0,0,7.200000000000001,0.0,2
8.980423936374544,40.0,1,448.0,16.0,18.0,19948.0,1641.0,84.0,1.6094379124341005,15.0,1.9459101490553128,1.3862943611198906,3.0,0.0,1.0986122886681096,2.0,1.7320508075688772,4.0,3.0,4.0,1.4142135623730951,2,3.0,3.0,2,0.4726538913881339,1.6,4.519679043532329,1,0,3.25,12.0,5.6,0,0.6637639467548048,0.5988827843723955,0,0,0,0,0,0,0.0,16.0,0
8.65591111072806,44.0,1,602.0,1.0,14.0,10503.0,1642.0,37.0,2.3978952727983707,11.0,1.6094379124341005,1.0986122886681096,1.0,0.0,2.079441541679836,3.0,0.0,3.0,3.0,4.0,1.7320508075688772,1,2.0,5.0,1,0.577060740715204,0.1,0.0,1,0,2.8499999999999996,12.0,3.1,0,0.0,0.3332295641700831,1,0,0,0,0,0,-4.600000000000001,1.0,1
9.629248055780836,48.0,0,365.0,4.0,23.0,5602.0,1644.0,89.0,1.0986122886681096,25.0,1.0986122886681096,1.0986122886681096,3.0,0.6931471805599453,1.0986122886681096,3.0,1.4142135623730951,2.0,2.0,4.0,1.7320508075688772,1,4.0,5.0,1,0.40121866899086817,0.0,2.9678859607972816,0,0,3.1999999999999997,8.0,1.4,0,0.6738803398843289,0.5189501803508263,0,0,0,0,0,0,-6.400000000000002,0.0,1
8.601718146485926,35.0,1,763.0,15.0,7.0,22098.0,1645.0,59.0,1.0986122886681096,14.0,1.9459101490553128,1.0986122886681096,1.0,1.0986122886681096,1.0986122886681096,2.0,1.4142135623730951,4.0,1.0,4.0,1.4142135623730951,0,2.0,2.0,2,1.0752147683107407,1.5,2.9678859607972816,1,0,2.75,4.0,5.5,0,0.6738803398843289,0.551904096152692,0,0,0,0,0,0,6.25,15.0,4
8.232440158470336,24.0,1,567.0,2.0,6.0,17218.0,1646.0,32.0,1.9459101490553128,13.0,0.6931471805599453,1.3862943611198906,1.0,0.0,1.3862943611198906,3.0,1.0,3.0,3.0,4.0,1.4142135623730951,2,1.0,1.0,1,1.1760628797814765,0.2,2.9459101490553126,0,0,2.8499999999999996,12.0,3.2,0,0.3394536660667256,0.33665583044937347,0,0,0,0,0,0,18.400000000000006,2.0,0
8.165647925297504,27.0,0,486.0,8.0,5.0,22490.0,1647.0,86.0,1.3862943611198906,17.0,2.079441541679836,1.0986122886681096,2.0,0.0,1.0986122886681096,3.0,0.0,1.0,4.0,3.0,0.0,1,1.0,3.0,2,1.3609413208829173,0.0,0.0,1,1,2.4499999999999997,12.0,1.8,0,0.0,0.5616518901421945,0,0,1,0,0,0,20.150000000000002,0.0,2
7.855932199718614,27.0,0,591.0,2.0,6.0,6297.0,1648.0,87.0,1.6094379124341005,13.0,1.0986122886681096,1.0986122886681096,4.0,0.0,1.0986122886681096,2.0,1.0,3.0,3.0,4.0,0.0,2,1.0,3.0,1,1.1222760285312305,0.0,2.6094379124341005,0,1,3.3499999999999996,12.0,2.2,0,0.383224293337255,0.3923138298354121,0,0,1,0,0,0,8.450000000000005,0.0,0
7.681099001536359,40.0,1,1329.0,7.0,10.0,3339.0,1649.0,73.0,1.6094379124341005,14.0,1.3862943611198906,1.3862943611198906,1.0,0.0,1.0986122886681096,1.0,0.0,2.0,3.0,1.0,1.7320508075688772,2,1.0,3.0,2,0.6982817274123962,0.7,0.0,0,0,1.15,3.0,5.7,0,0.0,0.42823349588701926,0,0,0,0,0,0,0.0,7.0,0
8.677609912822142,29.0,0,469.0,10.0,8.0,23413.0,1650.0,42.0,1.791759469228055,11.0,2.302585092994046,1.6094379124341005,3.0,0.0,1.0986122886681096,3.0,1.0,3.0,2.0,3.0,1.4142135623730951,2,2.0,3.0,2,0.9641788792024601,0.0,2.791759469228055,1,0,3.0,6.0,2.0,0,0.3581970477838151,0.45892056153779126,0,0,0,0,0,0,11.0,0.0,0
8.988321188323683,36.0,0,711.0,5.0,9.0,22792.0,1651.0,42.0,1.3862943611198906,12.0,1.6094379124341005,1.0986122886681096,2.0,1.0986122886681096,1.0986122886681096,3.0,0.0,3.0,3.0,1.0,2.449489742783178,1,3.0,4.0,2,0.8988321188323682,0.0,0.0,1,0,2.05,3.0,1.5,0,0.0,0.5252397390736739,0,0,0,0,0,0,7.800000000000001,0.0,2
8.557759153162898,25.0,0,772.0,2.0,7.0,4973.0,1653.0,77.0,2.079441541679836,17.0,0.6931471805599453,2.079441541679836,4.0,1.0986122886681096,2.079441541679836,3.0,0.0,3.0,4.0,3.0,2.449489742783178,0,2.0,1.0,1,1.0697198941453623,0.0,0.0,0,0,3.25,12.0,1.2,0,0.0,0.4417595207028609,0,0,0,0,0,1,11.25,0.0,2
8.574707097616844,39.0,0,492.0,12.0,7.0,7693.0,1654.0,66.0,1.791759469228055,21.0,1.6094379124341005,0.0,4.0,0.0,1.6094379124341005,3.0,1.0,3.0,3.0,2.0,1.7320508075688772,1,2.0,3.0,2,1.0718383872021056,0.0,2.791759469228055,1,0,2.9000000000000004,6.0,2.2,0,0.3581970477838151,0.3812654173837864,1,0,0,0,0,0,1.0999999999999996,0.0,2
9.705889908189658,49.0,0,301.0,22.0,27.0,3498.0,1655.0,72.0,1.6094379124341005,16.0,1.3862943611198906,1.0986122886681096,1.0,1.0986122886681096,1.0986122886681096,3.0,1.0,2.0,3.0,2.0,1.4142135623730951,1,4.0,4.0,2,0.3466389252924878,0.0,2.6094379124341005,0,0,2.0,6.0,3.2,0,0.383224293337255,0.43287645796792085,0,0,0,0,0,0,-18.0,0.0,2
9.493261127326251,50.0,0,813.0,17.0,19.0,21981.0,1656.0,50.0,2.70805020110221,15.0,1.791759469228055,2.4849066497880004,4.0,1.3862943611198906,2.4849066497880004,3.0,1.0,3.0,2.0,1.0,1.7320508075688772,0,3.0,5.0,2,0.47466305636631256,0.0,3.70805020110221,1,0,2.55,2.0,2.7,0,0.26968351175578803,0.6114512342111427,0,0,0,0,0,0,-14.500000000000002,0.0,4
7.931644021454311,20.0,0,1141.0,2.0,2.0,13251.0,1657.0,31.0,1.0986122886681096,19.0,0.6931471805599453,1.0986122886681096,3.0,0.0,1.0986122886681096,3.0,1.4142135623730951,1.0,3.0,3.0,1.7320508075688772,2,1.0,3.0,2,2.64388134048477,0.0,2.9678859607972816,0,0,2.6999999999999997,9.0,1.2,0,0.6738803398843289,0.36767068142001524,0,0,1,0,0,0,26.000000000000007,0.0,0
8.600430789986293,34.0,0,1130.0,3.0,11.0,19332.0,1658.0,66.0,2.4849066497880004,12.0,0.6931471805599453,2.302585092994046,4.0,0.6931471805599453,2.19722457733622,3.0,2.6457513110645907,3.0,3.0,2.0,1.4142135623730951,0,2.0,3.0,2,0.716702565832191,0.0,9.220196337614313,0,0,2.9000000000000004,6.0,1.3,0,0.759202921899082,0.6146938639909347,0,0,0,0,0,1,6.599999999999998,0.0,4
7.607878073278507,36.0,0,311.0,7.0,15.0,10950.0,1659.0,77.0,1.6094379124341005,11.0,1.0986122886681096,1.3862943611198906,1.0,0.0,1.3862943611198906,3.0,1.0,3.0,3.0,2.0,2.0,2,1.0,3.0,2,0.4754923795799067,0.0,2.6094379124341005,0,0,2.15,6.0,1.7,0,0.383224293337255,0.32985150101318683,0,0,0,0,0,0,7.4,0.0,0
9.54445268330577,49.0,1,465.0,6.0,30.0,11652.0,1661.0,41.0,2.772588722239781,19.0,1.0986122886681096,2.5649493574615367,3.0,0.6931471805599453,2.4849066497880004,3.0,1.4142135623730951,2.0,2.0,3.0,1.7320508075688772,1,4.0,1.0,2,0.30788557042921844,0.6,5.335246136247284,0,0,2.8499999999999996,6.0,3.6,0,0.3748655542641495,0.4181664899089466,0,0,0,0,0,0,-10.350000000000003,6.0,2
8.383661798791715,36.0,0,894.0,1.0,4.0,15411.0,1662.0,33.0,1.3862943611198906,15.0,0.0,1.0986122886681096,4.0,0.0,1.0986122886681096,3.0,1.0,3.0,2.0,3.0,2.449489742783178,1,2.0,4.0,0,1.676732359758343,0.0,2.386294361119891,0,0,3.25,6.0,1.1,0,0.41905978419640516,0.39484036038874676,1,0,0,0,0,0,3.0,0.0,0
8.830981510952498,36.0,0,1040.0,3.0,13.0,26308.0,1664.0,79.0,1.791759469228055,20.0,1.9459101490553128,1.6094379124341005,4.0,0.6931471805599453,1.6094379124341005,3.0,0.0,1.0,4.0,1.0,1.7320508075688772,0,2.0,2.0,2,0.6307843936394641,0.0,0.0,1,0,2.25,4.0,1.3,0,0.0,0.7367432393614424,0,0,0,0,0,0,7.0,0.0,4
9.765776006660642,54.0,0,584.0,22.0,34.46000000000004,18685.0,1665.0,91.0,2.3978952727983707,25.0,1.3862943611198906,2.079441541679836,2.0,0.6931471805599453,2.19722457733622,3.0,2.0,3.0,3.0,3.0,2.449489742783178,1,4.0,5.0,2,0.2754025946604803,0.0,6.795790545596741,0,0,2.75,9.0,3.2,0,0.5885996593276048,0.7094639403078296,0,0,0,0,0,0,-17.5,0.0,2
9.77588142793098,43.0,0,1291.0,15.0,14.0,3525.0,1666.0,65.0,2.70805020110221,24.0,0.6931471805599453,2.4849066497880004,3.0,0.6931471805599453,2.3978952727983707,3.0,2.449489742783178,1.0,2.0,3.0,1.7320508075688772,1,4.0,2.0,2,0.6517254285287319,0.0,9.082830933324963,0,0,2.6999999999999997,6.0,2.5,0,0.6605869958435493,0.591900812058123,0,0,0,0,0,0,-3.900000000000001,0.0,2
8.42989086301344,35.0,1,880.0,12.0,13.0,10414.0,1667.0,36.0,2.4849066497880004,24.0,1.3862943611198906,2.079441541679836,4.0,0.0,2.302585092994046,4.0,2.449489742783178,1.0,3.0,4.0,1.4142135623730951,2,2.0,4.0,1,0.6021350616438171,1.2,8.536243093212596,0,0,3.55,12.0,3.2,0,0.7028853249002206,0.35723998972863913,1,1,0,0,0,0,2.250000000000001,12.0,0
8.462948176563842,38.0,0,1189.0,1.0,19.0,9867.0,1668.0,90.0,2.639057329615259,15.0,2.079441541679836,2.302585092994046,4.0,1.0986122886681096,2.4849066497880004,4.0,1.4142135623730951,4.0,3.0,4.0,2.0,1,2.0,3.0,1,0.4231474088281921,0.0,5.146404229795118,1,0,4.0,12.0,0.1,0,0.3886208526763203,0.6030148606003809,0,0,0,0,0,0,0.0,0.0,1
8.339978571990427,29.0,1,991.0,5.0,10.0,3356.0,1669.0,43.0,2.3978952727983707,13.0,0.6931471805599453,2.302585092994046,1.0,0.6931471805599453,0.0,2.0,0.0,2.0,2.0,2.0,1.7320508075688772,0,2.0,3.0,2,0.7581798701809479,0.5,0.0,0,0,1.75,4.0,4.5,0,0.0,0.322791739359149,1,0,0,0,0,1,24.75,5.0,4
8.613593685702552,33.0,0,392.0,2.0,6.0,3921.0,1670.0,93.0,1.9459101490553128,14.0,0.6931471805599453,1.6094379124341005,4.0,1.0986122886681096,1.0986122886681096,3.0,0.0,3.0,3.0,4.0,2.23606797749979,0,2.0,4.0,2,1.2305133836717932,0.0,0.0,0,0,3.5999999999999996,12.0,1.2,0,0.0,0.42559482585351655,0,0,0,0,0,1,2.8000000000000025,0.0,4
8.607216694063826,32.0,0,977.0,2.0,10.0,25518.0,1671.0,45.0,2.302585092994046,13.0,0.0,1.9459101490553128,4.0,1.0986122886681096,1.791759469228055,2.0,1.0,3.0,3.0,2.0,2.0,0,2.0,3.0,2,0.7824742449148933,0.0,3.302585092994046,0,0,2.6500000000000004,6.0,2.2,0,0.30279310656411385,0.5750484534132387,0,0,0,0,0,1,10.799999999999997,0.0,4
8.60831278478372,31.0,0,1112.0,5.0,10.0,22589.0,1673.0,67.0,2.3978952727983707,11.0,0.6931471805599453,1.0986122886681096,1.0,1.0986122886681096,0.0,3.0,0.0,1.0,3.0,4.0,1.4142135623730951,1,2.0,4.0,2,0.7825738895257928,0.0,0.0,0,0,2.55,12.0,1.5,0,0.0,0.6484802371996051,0,0,0,0,0,0,13.05,0.0,2
7.858640655620791,49.0,1,464.0,16.0,17.0,24941.0,1674.0,74.0,1.0986122886681096,16.0,1.6094379124341005,1.0986122886681096,4.0,0.6931471805599453,1.0986122886681096,2.0,1.4142135623730951,2.0,3.0,1.0,1.4142135623730951,0,1.0,3.0,2,0.43659114753448836,1.6,2.9678859607972816,1,0,2.15,3.0,5.6,0,0.6738803398843289,0.5105640942528054,0,0,0,1,0,0,-16.650000000000002,16.0,4
7.80016307039296,38.0,0,148.0,2.0,4.0,23826.0,1675.0,42.0,1.6094379124341005,22.0,0.6931471805599453,1.3862943611198906,4.0,0.0,1.3862943611198906,3.0,1.7320508075688772,2.0,2.0,2.0,1.7320508075688772,2,1.0,3.0,1,1.560032614078592,0.0,4.519679043532329,0,0,2.75,4.0,1.2,0,0.6637639467548048,0.323031881093398,0,0,0,0,0,0,2.5,0.0,0
9.678655075789957,47.0,0,1225.0,2.0,29.0,21086.0,1676.0,47.0,1.3862943611198906,14.0,1.9459101490553128,1.0986122886681096,2.0,1.3862943611198906,1.0986122886681096,3.0,1.0,3.0,4.0,2.0,1.4142135623730951,0,4.0,4.0,2,0.3226218358596652,0.0,2.386294361119891,1,0,2.4,8.0,1.2,0,0.41905978419640516,0.6829324821625339,0,0,0,0,0,0,-11.200000000000001,0.0,4
9.640823243059636,49.0,0,809.0,1.0,23.0,22384.0,1677.0,36.0,2.19722457733622,14.0,1.6094379124341005,0.0,3.0,0.0,2.079441541679836,3.0,0.0,1.0,3.0,3.0,1.4142135623730951,2,4.0,3.0,2,0.40170096846081815,0.0,0.0,1,0,2.6999999999999997,9.0,1.1,1,0.0,0.578670109211181,0,0,0,0,0,0,-11.700000000000003,0.0,0
8.865452825753623,41.0,1,1206.0,23.0,21.0,11591.0,1678.0,80.0,1.0986122886681096,16.0,1.3862943611198906,1.0986122886681096,4.0,0.0,0.0,3.0,0.0,4.0,3.0,3.0,1.4142135623730951,2,3.0,2.0,2,0.4029751284433465,2.3,0.0,0,0,3.4,9.0,5.3,0,0.0,0.6255344240457283,0,0,0,0,0,0,-0.6000000000000001,23.0,0
7.911690520708339,20.0,0,727.0,9.0,2.0,21082.0,1680.0,54.0,1.0986122886681096,11.0,0.6931471805599453,1.0986122886681096,4.0,0.0,1.0986122886681096,3.0,0.0,1.0,3.0,1.0,1.7320508075688772,2,1.0,1.0,2,2.637230173569446,0.0,0.0,0,0,2.25,3.0,1.9,0,0.0,0.45245679327630883,0,0,0,0,0,0,35.0,0.0,0
8.58839695042257,33.0,1,530.0,16.0,7.0,16130.0,1681.0,36.0,1.9459101490553128,25.0,0.6931471805599453,1.0986122886681096,3.0,0.6931471805599453,1.791759469228055,3.0,1.0,3.0,3.0,4.0,1.4142135623730951,0,2.0,3.0,0,1.0735496188028213,1.6,2.9459101490553126,0,0,3.3499999999999996,12.0,4.6,0,0.3394536660667256,0.36690323644461087,1,0,0,0,0,1,4.5500000000000025,16.0,0
8.584477938221834,36.0,0,1351.0,26.0,10.0,7419.0,1682.0,80.0,1.3862943611198906,14.0,1.9459101490553128,1.0986122886681096,1.0,1.0986122886681096,1.0986122886681096,2.0,0.0,2.0,3.0,3.0,1.4142135623730951,1,2.0,4.0,2,0.780407085292894,0.0,0.0,1,0,2.0999999999999996,9.0,4.6,0,0.0,0.5831569105489968,0,0,0,0,0,0,7.600000000000001,0.0,2
8.069655306886165,44.0,1,528.0,1.0,8.0,4167.0,1683.0,44.0,1.0986122886681096,18.0,1.6094379124341005,1.0986122886681096,3.0,1.3862943611198906,1.0986122886681096,3.0,1.4142135623730951,1.0,3.0,4.0,1.4142135623730951,0,1.0,3.0,2,0.8966283674317962,0.1,2.9678859607972816,1,0,3.05,12.0,3.1,0,0.6738803398843289,0.226203736186168,0,0,0,0,0,0,-3.8000000000000007,1.0,4
8.29154650988391,23.0,1,1320.0,8.0,5.0,20586.0,1684.0,93.0,1.791759469228055,11.0,0.6931471805599453,1.0986122886681096,4.0,0.0,1.6094379124341005,3.0,1.0,1.0,2.0,3.0,1.4142135623730951,2,1.0,1.0,2,1.381924418313985,0.8,2.791759469228055,0,0,2.9499999999999997,6.0,3.8,0,0.3581970477838151,0.7286378883039992,0,0,0,0,0,0,17.850000000000005,8.0,0
8.103796712981794,38.0,0,1495.0,4.0,7.0,26176.0,1687.0,87.0,0.0,19.0,2.079441541679836,0.0,4.0,0.6931471805599453,0.0,2.0,0.0,4.0,3.0,3.0,2.23606797749979,1,1.0,2.0,2,1.0129745891227242,0.0,0.0,1,0,3.15,9.0,2.4,0,0.0,0.7769676571868762,0,0,0,0,1,0,1.7000000000000002,0.0,2
8.854522203757432,53.0,0,1395.0,24.0,11.0,3458.0,1689.0,48.0,1.6094379124341005,15.0,1.3862943611198906,1.0986122886681096,2.0,0.0,1.3862943611198906,3.0,1.0,3.0,4.0,4.0,1.4142135623730951,1,3.0,4.0,2,0.7378768503131193,0.0,2.6094379124341005,0,0,3.0999999999999996,16.0,3.4,0,0.383224293337255,0.4624021059966154,0,0,0,0,0,0,-11.700000000000005,0.0,2
7.884576510596324,48.0,1,708.0,7.0,19.0,11740.0,1691.0,95.0,2.302585092994046,11.0,1.0986122886681096,2.079441541679836,4.0,1.0986122886681096,2.079441541679836,3.0,2.6457513110645907,3.0,3.0,3.0,1.7320508075688772,1,1.0,2.0,1,0.3942288255298162,0.7,8.73781883969137,0,0,3.25,9.0,3.7,0,0.8011152586733246,0.4991567582162144,0,1,0,0,0,0,-6.0,7.0,1
7.239932591320469,32.0,0,1259.0,2.0,1.0,24852.0,1692.0,95.0,0.6931471805599453,12.0,0.6931471805599453,0.0,4.0,0.0,0.0,3.0,0.0,1.0,3.0,2.0,1.4142135623730951,2,1.0,4.0,2,3.6199662956602343,0.0,0.0,0,0,2.6,6.0,1.2,1,0.0,0.6687037914154526,0,0,0,0,1,0,11.2,0.0,0
7.852050207265889,26.0,0,786.0,7.0,7.0,11925.0,1693.0,76.0,2.079441541679836,20.0,0.6931471805599453,2.079441541679836,4.0,0.0,2.079441541679836,3.0,2.23606797749979,3.0,3.0,4.0,2.23606797749979,2,1.0,3.0,0,0.9815062759082361,0.0,6.885840619932866,0,0,3.5999999999999996,12.0,1.7,0,0.7261277563593606,0.4440536079481795,0,0,1,0,0,0,5.600000000000005,0.0,0
8.17131687471973,55.0,0,1441.0,22.0,8.0,23737.0,1694.0,94.0,1.6094379124341005,12.0,1.791759469228055,1.0986122886681096,1.0,0.6931471805599453,1.0986122886681096,3.0,1.0,4.0,2.0,2.0,1.0,0,1.0,3.0,2,0.9079240971910811,0.0,2.6094379124341005,1,0,2.3,4.0,3.2,0,0.383224293337255,0.7741764095065804,0,0,0,0,0,0,-25.500000000000004,0.0,4
8.290794347381356,34.0,0,1157.0,5.0,15.0,11912.0,1696.0,57.0,2.772588722239781,14.0,0.6931471805599453,2.639057329615259,2.0,0.6931471805599453,2.3978952727983707,4.0,2.0,3.0,2.0,4.0,1.7320508075688772,1,2.0,2.0,2,0.5181746467113347,0.0,7.545177444479562,0,0,3.3499999999999996,8.0,0.5,0,0.5301399509068676,0.4837551436912999,0,0,0,0,0,0,3.900000000000002,0.0,2
9.295049099903135,60.0,0,370.0,1.0,19.0,20467.0,1697.0,92.0,0.6931471805599453,20.0,1.3862943611198906,0.0,3.0,0.6931471805599453,0.0,4.0,0.0,3.0,1.0,4.0,1.4142135623730951,0,3.0,4.0,2,0.46475245499515677,0.0,0.0,0,0,3.5999999999999996,4.0,0.1,0,0.0,0.6483197023669429,0,0,0,0,1,0,-8.000000000000007,0.0,4
7.615298339825815,33.0,0,267.0,21.0,14.0,13637.0,1698.0,79.0,2.70805020110221,18.0,0.6931471805599453,2.639057329615259,2.0,1.3862943611198906,2.4849066497880004,3.0,1.4142135623730951,4.0,4.0,2.0,2.449489742783178,1,1.0,3.0,2,0.5076865559883876,0.0,5.243974884359028,0,0,2.55,8.0,3.1,0,0.3813900798734395,0.3567912723932311,0,0,0,0,0,0,10.150000000000002,0.0,2
9.161780181360806,37.0,0,1278.0,1.0,6.0,7677.0,1700.0,31.0,1.9459101490553128,14.0,0.6931471805599453,1.3862943611198906,3.0,1.0986122886681096,1.3862943611198906,2.0,1.0,3.0,1.0,4.0,1.4142135623730951,0,2.0,4.0,1,1.3088257401944008,0.0,2.9459101490553126,0,0,3.0999999999999996,4.0,2.1,0,0.3394536660667256,0.4520217665171066,0,0,0,0,0,0,2.700000000000001,0.0,2
7.982757702011113,34.0,0,678.0,19.0,10.0,20338.0,1701.0,35.0,2.3978952727983707,12.0,0.6931471805599453,2.079441541679836,2.0,0.0,2.302585092994046,3.0,2.8284271247461903,2.0,2.0,4.0,1.7320508075688772,1,1.0,3.0,2,0.7257052456373739,0.0,9.610699156629767,0,0,2.9499999999999997,8.0,2.9,0,0.8324056210292823,0.37505169707860425,0,0,0,0,0,0,6.300000000000002,0.0,2
7.730174795246222,23.0,1,427.0,7.0,3.0,25103.0,1702.0,99.0,1.3862943611198906,21.0,0.6931471805599453,1.0986122886681096,3.0,0.6931471805599453,1.0986122886681096,3.0,0.0,2.0,3.0,4.0,1.4142135623730951,0,1.0,3.0,2,1.9325436988115554,0.7,0.0,0,0,3.1999999999999997,12.0,3.7,0,0.0,0.5827627743581494,0,0,1,0,0,1,13.600000000000005,7.0,4
8.972083182851925,44.0,1,921.0,2.0,9.0,14810.0,1703.0,96.0,2.19722457733622,19.0,0.6931471805599453,2.079441541679836,3.0,0.6931471805599453,2.079441541679836,3.0,2.449489742783178,2.0,4.0,4.0,1.4142135623730951,1,3.0,3.0,2,0.8972083182851925,0.2,7.831568807559353,0,0,3.1999999999999997,16.0,3.2,0,0.7661300241924137,0.6740245321872792,0,0,0,0,0,0,-3.200000000000001,2.0,2
8.503297086224126,35.0,1,146.0,2.0,6.0,13970.0,1704.0,79.0,1.791759469228055,14.0,0.0,1.6094379124341005,1.0,0.0,1.6094379124341005,4.0,1.0,3.0,2.0,4.0,1.4142135623730951,2,1.0,4.0,1,1.2147567266034467,0.2,2.791759469228055,0,0,3.0999999999999996,8.0,2.2,0,0.3581970477838151,0.4220635423662207,0,0,0,0,0,0,4.500000000000002,2.0,0
8.9680140012452,43.0,1,1179.0,2.0,10.0,6069.0,1706.0,73.0,2.3978952727983707,17.0,0.6931471805599453,2.19722457733622,4.0,0.6931471805599453,2.302585092994046,3.0,2.8284271247461903,1.0,3.0,4.0,1.7320508075688772,1,2.0,3.0,2,0.8152740001132,0.2,9.610699156629767,0,0,3.3,12.0,3.2,0,0.8324056210292823,0.54992560232923,0,1,0,0,0,0,-2.1000000000000005,2.0,2
8.389814262086407,24.0,0,581.0,9.0,5.0,17616.0,1707.0,62.0,1.791759469228055,16.0,0.6931471805599453,1.6094379124341005,3.0,0.6931471805599453,1.3862943611198906,3.0,0.0,4.0,4.0,3.0,1.0,1,1.0,3.0,2,1.3983023770144012,0.0,0.0,0,0,3.15,12.0,1.9,0,0.0,0.46511211601795255,0,0,1,0,0,0,13.600000000000001,0.0,2
9.131513591430211,41.0,0,918.0,6.0,10.0,15869.0,1708.0,35.0,2.3978952727983707,12.0,0.6931471805599453,2.079441541679836,4.0,0.0,2.19722457733622,3.0,2.8284271247461903,2.0,3.0,3.0,1.7320508075688772,2,3.0,3.0,2,0.8301375992209283,0.0,9.610699156629767,0,0,3.0999999999999996,9.0,1.6,0,0.8324056210292823,0.48126734844602237,0,0,0,0,0,0,-0.9000000000000004,0.0,0
7.99799931797973,29.0,0,1082.0,9.0,9.0,25412.0,1709.0,43.0,1.791759469228055,17.0,2.302585092994046,1.0986122886681096,4.0,0.6931471805599453,1.3862943611198906,3.0,1.0,3.0,3.0,3.0,1.4142135623730951,1,1.0,4.0,2,0.7997999317979729,0.0,2.791759469228055,1,0,3.25,9.0,1.9,0,0.3581970477838151,0.5282890751233754,0,0,0,0,0,0,8.25,0.0,2
8.412499120301572,36.0,0,530.0,2.0,17.0,7439.0,1710.0,51.0,2.639057329615259,15.0,1.3862943611198906,2.079441541679836,3.0,0.0,2.079441541679836,2.0,2.449489742783178,3.0,3.0,4.0,1.4142135623730951,2,2.0,4.0,2,0.4673610622389762,0.0,8.913833602292518,0,0,3.0999999999999996,12.0,2.2,0,0.6731110617161262,0.31667671862595037,1,1,0,0,0,0,3.6000000000000014,0.0,0
9.282568005973063,45.0,0,1238.0,1.0,25.0,3395.0,1712.0,74.0,3.1780538303479458,23.0,1.3862943611198906,1.6094379124341005,3.0,0.6931471805599453,2.772588722239781,2.0,3.605551275463989,4.0,2.0,3.0,1.7320508075688772,1,3.0,1.0,0,0.35702184638357937,0.0,15.064187316968239,0,0,2.9,6.0,2.1,0,0.8629738681858298,0.5668208474162778,0,0,0,0,0,0,-5.5,0.0,0
7.349873704738337,24.0,0,240.0,22.0,1.0,11585.0,1714.0,58.0,0.6931471805599453,11.0,0.6931471805599453,0.0,4.0,0.6931471805599453,0.0,3.0,0.0,3.0,1.0,3.0,1.4142135623730951,1,1.0,1.0,2,3.6749368523691683,0.0,0.0,0,0,3.25,3.0,3.2,0,0.0,0.23137805433514258,0,0,0,0,1,0,12.0,0.0,2
9.4678467019179,47.0,0,1093.0,9.0,25.0,24164.0,1716.0,82.0,3.1780538303479458,11.0,2.079441541679836,2.3978952727983707,3.0,0.0,1.791759469228055,1.0,3.605551275463989,3.0,1.0,3.0,1.7320508075688772,1,4.0,3.0,1,0.3641479500737654,0.0,15.064187316968239,1,0,2.5,3.0,3.9,0,0.8629738681858298,0.7953654525207927,0,0,0,0,0,0,-10.5,0.0,1
7.743269700829004,26.0,0,390.0,17.0,3.0,6217.0,1718.0,62.0,1.3862943611198906,15.0,0.6931471805599453,1.0986122886681096,4.0,1.3862943611198906,1.0986122886681096,4.0,0.0,3.0,1.0,3.0,1.7320508075688772,1,1.0,4.0,2,1.935817425207251,0.0,0.0,0,0,3.5,3.0,1.7,0,0.0,0.25565074161479046,0,0,1,0,0,0,7.0,0.0,2
9.723463354790857,45.0,0,1005.0,28.0,21.0,17119.0,1719.0,48.0,3.091042453358316,11.0,0.6931471805599453,1.9459101490553128,4.0,0.0,1.9459101490553128,3.0,2.8284271247461903,3.0,2.0,2.0,1.4142135623730951,2,4.0,2.0,2,0.441975607035948,0.0,11.571215443566862,0,0,2.9000000000000004,4.0,3.8,0,0.6913707586740755,0.6115301017905324,0,0,0,0,0,0,-5.499999999999998,0.0,0
8.141481041457421,32.0,0,585.0,10.0,10.0,17360.0,1720.0,56.0,1.791759469228055,13.0,1.9459101490553128,1.3862943611198906,1.0,0.6931471805599453,1.0986122886681096,2.0,1.0,1.0,3.0,3.0,1.7320508075688772,1,1.0,3.0,1,0.7401346401324929,0.0,2.791759469228055,1,0,1.9499999999999997,9.0,3.0,0,0.3581970477838151,0.41845517066087223,0,0,0,0,0,0,16.400000000000002,0.0,1
8.154212694914229,31.0,0,741.0,2.0,6.0,18103.0,1721.0,69.0,1.791759469228055,14.0,0.6931471805599453,1.3862943611198906,2.0,0.6931471805599453,1.0986122886681096,4.0,0.0,4.0,3.0,3.0,1.4142135623730951,1,1.0,4.0,2,1.1648875278448898,0.0,0.0,0,0,3.15,9.0,0.2,0,0.0,0.5014574188777351,0,0,1,0,0,0,7.65,0.0,2
8.768885326134864,41.0,0,552.0,4.0,10.0,20794.0,1722.0,60.0,1.3862943611198906,19.0,1.9459101490553128,1.0986122886681096,3.0,0.6931471805599453,1.0986122886681096,3.0,1.0,2.0,1.0,2.0,2.0,1,2.0,3.0,0,0.7971713932849877,0.0,2.386294361119891,1,0,2.5,2.0,1.4,0,0.41905978419640516,0.5203609529937173,0,0,0,0,0,0,-1.5,0.0,0
8.78216942633238,40.0,1,369.0,8.0,18.0,5041.0,1724.0,92.0,0.6931471805599453,16.0,1.0986122886681096,0.0,2.0,0.6931471805599453,0.0,3.0,0.0,2.0,3.0,1.0,1.7320508075688772,1,2.0,2.0,2,0.46221944349117794,0.8,0.0,0,0,1.9000000000000001,3.0,3.8,1,0.0,0.4450173919105351,0,0,0,0,1,0,0.0,8.0,2
8.270781013162674,24.0,0,506.0,29.0,6.0,3622.0,1725.0,91.0,1.9459101490553128,13.0,0.6931471805599453,1.0986122886681096,2.0,1.3862943611198906,1.0986122886681096,4.0,1.0,2.0,3.0,1.0,1.4142135623730951,0,1.0,1.0,2,1.1815401447375249,0.0,2.9459101490553126,0,0,2.15,3.0,2.9,0,0.3394536660667256,0.4035840911428492,0,0,0,0,0,1,29.6,0.0,4
8.623892810075294,46.0,0,717.0,13.0,19.0,9697.0,1727.0,34.0,2.3978952727983707,14.0,1.9459101490553128,2.302585092994046,3.0,0.0,2.079441541679836,3.0,0.0,4.0,3.0,2.0,1.7320508075688772,2,2.0,4.0,2,0.43119464050376466,0.0,0.0,1,0,2.8000000000000003,6.0,2.3,0,0.0,0.33199061670617547,1,0,0,0,0,0,-7.199999999999998,0.0,0
8.83695515733143,35.0,0,1370.0,27.0,17.0,5151.0,1728.0,49.0,2.079441541679836,16.0,1.0986122886681096,2.079441541679836,4.0,0.6931471805599453,2.079441541679836,3.0,0.0,2.0,3.0,3.0,1.7320508075688772,1,2.0,4.0,2,0.4909419531850794,0.0,0.0,0,0,3.0999999999999996,9.0,3.7,0,0.0,0.47684073861043436,0,0,0,0,0,0,4.500000000000002,0.0,2
7.959625305098115,30.0,0,793.0,16.0,10.0,3811.0,1729.0,33.0,2.3978952727983707,12.0,0.6931471805599453,2.19722457733622,2.0,0.6931471805599453,0.0,2.0,0.0,2.0,3.0,4.0,1.4142135623730951,1,1.0,1.0,2,0.723602300463465,0.0,0.0,0,0,2.6999999999999997,12.0,3.6,0,0.0,0.22041088939549122,0,0,0,0,0,0,13.000000000000004,0.0,2
8.512984346642183,47.0,0,543.0,2.0,4.0,3536.0,1731.0,87.0,0.6931471805599453,11.0,2.079441541679836,0.0,3.0,0.6931471805599453,0.0,1.0,0.0,4.0,3.0,2.0,1.7320508075688772,1,2.0,4.0,0,1.7025968693284366,0.0,0.0,1,0,2.3,6.0,3.2,0,0.0,0.4178538790416182,0,0,0,0,1,0,-11.900000000000002,0.0,0
9.246575864558276,46.0,1,1277.0,2.0,13.0,5596.0,1732.0,74.0,2.3978952727983707,12.0,1.6094379124341005,1.3862943611198906,3.0,0.6931471805599453,1.9459101490553128,2.0,0.0,2.0,3.0,4.0,2.23606797749979,0,3.0,3.0,2,0.6604697046113054,0.2,0.0,1,0,2.9499999999999997,12.0,4.2,0,0.0,0.592506276091518,0,0,0,0,0,0,-6.300000000000002,2.0,4
8.721765357145012,36.0,1,1456.0,13.0,16.0,8658.0,1733.0,96.0,1.0986122886681096,13.0,1.791759469228055,1.0986122886681096,2.0,1.3862943611198906,1.0986122886681096,3.0,1.4142135623730951,2.0,2.0,1.0,1.7320508075688772,0,2.0,5.0,2,0.5130450210085301,1.3,2.9678859607972816,1,0,1.9000000000000001,2.0,4.3,0,0.6738803398843289,0.6844495078504759,0,0,0,0,0,0,8.399999999999999,13.0,4
8.815221555922163,32.0,0,964.0,1.0,10.0,12147.0,1734.0,34.0,0.0,15.0,1.9459101490553128,0.0,1.0,0.0,0.0,3.0,0.0,2.0,1.0,2.0,1.4142135623730951,2,2.0,2.0,2,0.8013837778111057,0.0,0.0,1,0,2.0,2.0,1.1,1,0.0,0.41879480051142404,0,0,0,0,1,0,16.0,0.0,0
8.100464891029363,23.0,0,160.0,4.0,3.0,12862.0,1735.0,51.0,1.3862943611198906,13.0,0.6931471805599453,1.0986122886681096,3.0,0.0,1.0986122886681096,1.0,1.0,3.0,3.0,2.0,1.7320508075688772,2,1.0,1.0,2,2.0251162227573407,0.0,2.386294361119891,0,0,2.15,6.0,3.4,0,0.41905978419640516,0.2755299621483932,0,0,0,0,0,0,31.450000000000003,0.0,0
8.56388591940822,31.0,0,163.0,24.0,9.0,6670.0,1736.0,30.0,1.791759469228055,20.0,1.0986122886681096,1.6094379124341005,4.0,0.0,1.6094379124341005,2.0,1.0,4.0,3.0,4.0,1.7320508075688772,2,2.0,1.0,1,0.856388591940822,0.0,2.791759469228055,0,0,3.5,12.0,4.4,0,0.3581970477838151,0.182530257131235,1,0,0,0,0,0,4.5,0.0,0
8.77539495854551,39.0,1,792.0,1.0,9.0,8989.0,1737.0,77.0,2.302585092994046,15.0,0.6931471805599453,2.19722457733622,4.0,0.6931471805599453,2.19722457733622,3.0,2.23606797749979,4.0,3.0,4.0,1.4142135623730951,1,2.0,3.0,0,0.877539495854551,0.1,7.384804769412152,0,0,3.75,12.0,3.1,0,0.6770659693956964,0.5061368352005254,0,1,0,0,0,0,0.25,1.0,0
9.170663554823284,32.0,0,371.0,19.0,10.0,3840.0,1739.0,80.0,1.6094379124341005,13.0,1.3862943611198906,1.0986122886681096,4.0,0.6931471805599453,1.3862943611198906,1.0,0.0,3.0,1.0,3.0,1.4142135623730951,1,3.0,3.0,2,0.8336966868021167,0.0,0.0,0,0,2.75,3.0,4.9,0,0.0,0.42702945680746535,0,0,0,0,0,0,10.0,0.0,2
9.884684885113384,40.0,0,611.0,7.0,21.0,4349.0,1740.0,88.0,3.091042453358316,14.0,0.6931471805599453,2.19722457733622,2.0,0.0,2.19722457733622,2.0,3.4641016151377544,2.0,3.0,2.0,1.7320508075688772,2,5.0,4.0,2,0.4493038584142447,0.0,14.171786770275665,0,0,2.0,6.0,2.7,0,0.8467527909161859,0.570866919819396,0,0,0,0,0,0,0.0,0.0,0
9.18574025510795,45.0,0,176.0,4.0,9.0,6595.0,1744.0,56.0,1.791759469228055,21.0,1.6094379124341005,1.3862943611198906,3.0,1.0986122886681096,0.0,4.0,0.0,3.0,1.0,3.0,1.4142135623730951,1,3.0,3.0,2,0.918574025510795,0.0,0.0,1,0,3.25,3.0,0.4,0,0.0,0.33549315257905776,1,0,0,0,0,0,-3.75,0.0,2
8.51097389160232,30.0,0,1312.0,2.0,10.0,26427.0,1745.0,78.0,2.302585092994046,16.0,0.0,2.079441541679836,4.0,0.0,2.079441541679836,3.0,0.0,4.0,2.0,1.0,1.4142135623730951,2,1.0,4.0,1,0.7737248992365746,0.0,0.0,0,0,2.7,2.0,1.2,0,0.0,0.7529212840559054,0,0,0,0,0,0,12.999999999999998,0.0,0
7.671360923190644,24.0,0,897.0,10.0,3.0,2097.0,1746.0,59.0,1.0986122886681096,14.0,0.0,0.6931471805599453,1.0,0.6931471805599453,1.0986122886681096,3.0,1.4142135623730951,4.0,3.0,4.0,1.4142135623730951,1,1.0,3.0,1,1.917840230797661,0.0,2.9678859607972816,0,0,3.0,12.0,2.0,0,0.6738803398843289,0.28754100246905795,0,0,1,0,0,0,16.0,0.0,1
7.687538766201629,30.0,0,600.0,8.0,6.0,9732.0,1747.0,66.0,1.6094379124341005,11.0,1.9459101490553128,1.0986122886681096,3.0,0.6931471805599453,1.0986122886681096,2.0,1.0,3.0,2.0,4.0,0.0,0,1.0,3.0,1,1.0982198237430898,0.0,2.6094379124341005,1,0,3.0999999999999996,8.0,2.8,0,0.383224293337255,0.33755537651482925,0,0,1,0,0,1,9.000000000000004,0.0,2
9.029657471850737,31.0,0,1003.0,5.0,6.0,20943.0,1749.0,51.0,1.791759469228055,19.0,0.6931471805599453,1.0986122886681096,1.0,0.6931471805599453,1.0986122886681096,3.0,0.0,3.0,3.0,3.0,1.7320508075688772,1,2.0,3.0,2,1.289951067407248,0.0,0.0,0,0,2.5,9.0,1.5,0,0.0,0.5949676863321001,0,0,1,0,0,0,13.5,0.0,2
8.144969417087875,27.0,0,1054.0,8.0,6.0,6152.0,1751.0,67.0,1.9459101490553128,11.0,0.6931471805599453,1.6094379124341005,3.0,0.0,1.0986122886681096,2.0,1.0,3.0,3.0,4.0,2.23606797749979,2,1.0,3.0,2,1.1635670595839822,0.0,2.9459101490553126,0,0,3.0999999999999996,12.0,2.8,0,0.3394536660667256,0.4294915502715909,0,0,1,0,0,0,11.700000000000005,0.0,0
7.923348211930154,29.0,0,428.0,9.0,2.0,14630.0,1752.0,52.0,1.0986122886681096,13.0,0.6931471805599453,1.0986122886681096,2.0,0.0,1.0986122886681096,3.0,1.4142135623730951,3.0,1.0,2.0,1.7320508075688772,2,1.0,3.0,2,2.6411160706433847,0.0,2.9678859607972816,0,0,2.4,2.0,1.9,0,0.6738803398843289,0.3281375919975291,0,0,1,0,0,0,17.6,0.0,0
8.747510946478448,29.0,1,461.0,1.0,10.0,23060.0,1753.0,70.0,1.3862943611198906,12.0,2.19722457733622,1.0986122886681096,4.0,0.0,1.0986122886681096,4.0,0.0,4.0,4.0,3.0,2.23606797749979,2,2.0,3.0,1,0.7952282678616771,0.1,0.0,1,0,3.65,12.0,2.1,0,0.0,0.5605249099629732,0,0,0,0,0,0,3.850000000000001,1.0,0
8.87360810154911,30.0,0,979.0,15.0,12.0,3088.0,1754.0,94.0,2.079441541679836,11.0,1.0986122886681096,2.079441541679836,3.0,0.6931471805599453,2.079441541679836,3.0,1.0,1.0,2.0,1.0,1.4142135623730951,0,3.0,2.0,2,0.6825852385807007,0.0,3.079441541679836,0,0,2.0,2.0,2.5,0,0.32473420471378706,0.5503249319026775,0,0,0,0,0,1,20.0,0.0,4
7.983781068977451,34.0,1,181.0,2.0,6.0,5586.0,1755.0,97.0,1.791759469228055,14.0,0.0,1.0986122886681096,4.0,1.3862943611198906,0.0,3.0,1.0,1.0,4.0,4.0,1.7320508075688772,1,1.0,4.0,2,1.1405401527110643,0.2,2.791759469228055,0,0,3.3,16.0,3.2,0,0.3581970477838151,0.3595532919003214,0,0,0,0,0,0,4.200000000000001,2.0,2
8.546363568716018,33.0,0,1283.0,2.0,13.0,10697.0,1756.0,62.0,2.4849066497880004,15.0,2.19722457733622,2.079441541679836,4.0,0.0,2.079441541679836,2.0,1.0,4.0,3.0,2.0,1.4142135623730951,2,2.0,3.0,0,0.6104545406225727,0.0,3.4849066497880004,1,0,2.8000000000000003,6.0,2.2,0,0.28695173228265203,0.5360197771241914,0,0,0,0,0,0,8.399999999999999,0.0,0
8.413608875159667,49.0,0,1313.0,11.0,8.0,8191.0,1757.0,80.0,1.791759469228055,12.0,1.3862943611198906,1.6094379124341005,4.0,0.0,0.6931471805599453,4.0,0.0,3.0,3.0,4.0,1.0,2,2.0,4.0,2,0.9348454305732964,0.0,0.0,0,0,3.8499999999999996,12.0,1.1,0,0.0,0.5680229774968918,0,0,0,0,0,0,-1.3500000000000032,0.0,0
9.05543941075822,33.0,1,211.0,16.0,11.0,10092.0,1758.0,74.0,0.0,20.0,1.0986122886681096,0.0,1.0,0.0,0.0,2.0,0.0,3.0,3.0,1.0,1.4142135623730951,2,3.0,3.0,2,0.7546199508965183,1.6,0.0,0,0,1.55,3.0,5.6,0,0.0,0.42888108079770937,0,0,0,1,1,0,17.150000000000002,16.0,0
7.81156848934518,38.0,0,594.0,2.0,9.0,15963.0,1760.0,75.0,1.9459101490553128,14.0,1.6094379124341005,1.791759469228055,3.0,0.6931471805599453,0.6931471805599453,2.0,0.0,2.0,2.0,2.0,2.0,1,1.0,2.0,1,0.781156848934518,0.0,0.0,1,0,2.25,4.0,2.2,0,0.0,0.4428465151030289,0,0,0,0,0,0,3.5,0.0,1
9.00724451596575,31.0,0,1079.0,16.0,10.0,19002.0,1761.0,70.0,0.6931471805599453,13.0,1.0986122886681096,0.0,1.0,1.3862943611198906,0.0,3.0,0.0,1.0,3.0,3.0,1.4142135623730951,1,3.0,4.0,2,0.8188404105423409,0.0,0.0,0,0,2.1999999999999997,9.0,2.6,1,0.0,0.6548317372426358,0,0,0,0,1,0,16.200000000000003,0.0,2
7.654443226470112,29.0,0,590.0,4.0,1.0,10007.0,1762.0,91.0,0.6931471805599453,13.0,0.6931471805599453,0.0,4.0,0.6931471805599453,0.0,3.0,0.0,3.0,2.0,1.0,1.4142135623730951,0,1.0,3.0,2,3.827221613235056,0.0,0.0,0,0,2.55,2.0,1.4,0,0.0,0.4246969054161091,0,0,1,0,1,1,15.950000000000003,0.0,4
8.574518258035507,30.0,0,305.0,16.0,10.0,9128.0,1763.0,58.0,2.079441541679836,16.0,1.3862943611198906,2.079441541679836,3.0,0.6931471805599453,0.0,3.0,1.0,3.0,4.0,3.0,1.7320508075688772,1,2.0,3.0,2,0.7795016598214097,0.0,3.079441541679836,0,0,3.0,12.0,2.6,0,0.32473420471378706,0.33361638531334736,1,0,0,0,0,0,10.0,0.0,2
7.908019444632471,32.0,0,953.0,5.0,12.0,17674.0,1764.0,65.0,2.079441541679836,14.0,1.0986122886681096,2.079441541679836,2.0,0.0,2.079441541679836,3.0,0.0,2.0,3.0,2.0,1.7320508075688772,2,1.0,4.0,0,0.6083091880486516,0.0,0.0,0,0,2.25,6.0,1.5,0,0.0,0.4976307767476179,0,0,0,0,0,0,14.0,0.0,0
8.667680024690174,38.0,1,833.0,18.0,15.0,24539.0,1766.0,60.0,0.6931471805599453,16.0,1.3862943611198906,0.0,2.0,0.6931471805599453,0.0,3.0,1.0,3.0,1.0,4.0,1.4142135623730951,1,2.0,3.0,2,0.5417300015431359,1.8,1.6931471805599454,0,0,3.0999999999999996,4.0,4.8,0,0.5906161091496412,0.598714158581497,0,0,0,0,1,0,1.8000000000000007,18.0,2
7.798933310041217,43.0,1,807.0,17.0,6.0,15587.0,1767.0,38.0,0.6931471805599453,16.0,2.302585092994046,0.0,3.0,0.6931471805599453,0.0,3.0,0.0,4.0,2.0,3.0,2.0,1,1.0,3.0,1,1.114133330005888,1.7,0.0,1,0,3.15,6.0,4.7,0,0.0,0.34385742036479094,0,0,0,0,1,0,-2.5500000000000003,17.0,1
7.925518979786926,42.0,0,855.0,12.0,7.0,8952.0,1768.0,57.0,1.791759469228055,22.0,2.19722457733622,1.6094379124341005,2.0,1.3862943611198906,1.3862943611198906,2.0,0.0,2.0,3.0,2.0,2.449489742783178,0,1.0,3.0,2,0.9906898724733657,0.0,0.0,1,0,2.0,6.0,3.2,0,0.0,0.36561621564487334,0,0,0,0,0,0,-4.0,0.0,4
9.854244785957675,55.0,0,478.0,2.0,34.0,19805.0,1770.0,60.0,0.6931471805599453,12.0,2.19722457733622,0.0,3.0,1.3862943611198906,0.0,3.0,0.0,2.0,2.0,1.0,1.4142135623730951,1,5.0,3.0,2,0.28154985102736213,0.0,0.0,1,0,2.15,2.0,1.2,1,0.0,0.5993503038484516,0,0,0,0,1,0,-27.75,0.0,2
8.024862150286411,33.0,0,775.0,4.0,11.0,6194.0,1771.0,90.0,2.302585092994046,15.0,1.791759469228055,2.079441541679836,4.0,1.0986122886681096,2.19722457733622,2.0,1.0,4.0,3.0,2.0,1.4142135623730951,0,2.0,3.0,0,0.6687385125238676,0.0,3.302585092994046,1,0,2.8000000000000003,6.0,2.4,0,0.30279310656411385,0.4508224640014802,0,0,0,0,0,1,8.399999999999999,0.0,0
7.736307096548285,41.0,0,548.0,9.0,5.0,20520.0,1772.0,94.0,1.791759469228055,20.0,0.6931471805599453,1.6094379124341005,3.0,1.0986122886681096,1.3862943611198906,3.0,0.0,2.0,3.0,1.0,1.4142135623730951,0,1.0,4.0,2,1.2893845160913808,0.0,0.0,0,0,2.15,3.0,1.9,0,0.0,0.5411315609400377,0,0,0,0,0,0,-1.85,0.0,4
8.294549515143679,34.0,1,1375.0,10.0,15.0,12313.0,1774.0,87.0,2.772588722239781,14.0,0.6931471805599453,2.079441541679836,4.0,0.6931471805599453,2.70805020110221,3.0,0.0,3.0,3.0,3.0,1.7320508075688772,0,2.0,3.0,0,0.5184093446964799,1.0,0.0,0,0,3.25,9.0,4.0,0,0.0,0.6342889220269138,0,0,0,0,0,1,4.5,10.0,0
9.47008582573494,53.0,1,661.0,1.0,27.0,22308.0,1775.0,60.0,1.3862943611198906,20.0,1.6094379124341005,1.0986122886681096,1.0,1.3862943611198906,1.0986122886681096,2.0,0.0,4.0,2.0,3.0,1.4142135623730951,1,4.0,4.0,0,0.338217350919105,0.1,0.0,1,0,2.4,6.0,4.1,0,0.0,0.6210654667739833,0,0,0,0,0,0,-20.8,1.0,0
8.17188200612782,43.0,0,244.0,2.0,10.0,5033.0,1778.0,97.0,2.302585092994046,13.0,0.0,2.19722457733622,2.0,0.0,2.079441541679836,3.0,1.0,2.0,3.0,4.0,2.23606797749979,2,1.0,3.0,2,0.7428983641934382,0.0,3.302585092994046,0,0,2.9499999999999997,12.0,1.2,0,0.30279310656411385,0.3829814058732572,0,0,0,0,0,0,-3.150000000000001,0.0,0
8.704502289721232,34.0,0,511.0,3.0,6.0,25353.0,1779.0,32.0,1.0986122886681096,12.0,1.791759469228055,1.0986122886681096,4.0,0.0,1.0986122886681096,3.0,1.4142135623730951,1.0,1.0,4.0,1.7320508075688772,2,2.0,2.0,2,1.2435003271030332,0.0,2.9678859607972816,1,0,3.3,4.0,1.3,0,0.6738803398843289,0.4527276348803093,0,0,0,0,0,0,4.200000000000001,0.0,0
7.893572073504902,21.0,0,337.0,7.0,1.0,4567.0,1780.0,31.0,0.6931471805599453,13.0,0.6931471805599453,0.0,2.0,0.0,0.0,3.0,1.0,2.0,3.0,2.0,1.7320508075688772,2,1.0,1.0,2,3.946786036752451,0.0,1.6931471805599454,0,0,2.25,6.0,1.7,1,0.5906161091496412,0.13303615644307176,0,0,0,0,1,0,33.25,0.0,0
8.216898580913613,38.0,0,1153.0,6.0,5.0,16376.0,1782.0,40.0,1.791759469228055,11.0,0.6931471805599453,1.6094379124341005,4.0,0.6931471805599453,1.6094379124341005,3.0,0.0,2.0,2.0,3.0,1.7320508075688772,1,1.0,2.0,2,1.3694830968189355,0.0,0.0,0,0,3.0999999999999996,6.0,1.6,0,0.0,0.4601798593481713,0,0,0,0,0,0,1.8000000000000007,0.0,2
7.782807262839695,22.0,1,1294.0,8.0,1.0,15999.0,1783.0,79.0,0.6931471805599453,17.0,0.6931471805599453,0.0,3.0,0.0,0.0,3.0,0.0,3.0,3.0,1.0,2.449489742783178,1,1.0,1.0,2,3.8914036314198475,0.8,0.0,0,0,2.3,3.0,3.8,0,0.0,0.5800548770999342,0,0,0,0,1,0,30.6,8.0,2
9.481664377815148,51.0,0,942.0,3.0,15.0,22984.0,1786.0,53.0,1.0986122886681096,11.0,1.0986122886681096,1.0986122886681096,1.0,0.0,1.0986122886681096,3.0,1.4142135623730951,4.0,3.0,3.0,1.4142135623730951,1,3.0,3.0,2,0.5926040236134468,0.0,2.9678859607972816,0,0,2.65,9.0,1.3,0,0.6738803398843289,0.6542274148066677,0,0,0,0,0,0,-14.850000000000001,0.0,2
8.340456012916183,37.0,0,589.0,9.0,5.0,8800.0,1787.0,46.0,1.791759469228055,14.0,0.6931471805599453,1.3862943611198906,2.0,1.0986122886681096,1.0986122886681096,3.0,0.0,1.0,2.0,2.0,1.4142135623730951,1,2.0,2.0,2,1.3900760021526972,0.0,0.0,0,0,2.1,4.0,1.9,0,0.0,0.31625875428345596,1,0,0,0,0,0,5.699999999999999,0.0,2
9.869361837806752,46.0,1,734.0,2.0,24.0,14218.0,1789.0,46.0,1.0986122886681096,17.0,2.079441541679836,1.0986122886681096,3.0,0.6931471805599453,0.6931471805599453,3.0,1.4142135623730951,3.0,3.0,4.0,1.7320508075688772,0,5.0,4.0,2,0.3947744735122701,0.2,2.9678859607972816,1,0,3.3499999999999996,12.0,3.2,0,0.6738803398843289,0.5405025396733759,0,0,0,0,0,0,-3.900000000000002,2.0,4
9.026657889542886,36.0,1,1383.0,10.0,15.0,25949.0,1790.0,90.0,2.5649493574615367,13.0,2.079441541679836,2.079441541679836,4.0,0.6931471805599453,2.19722457733622,3.0,2.23606797749979,4.0,3.0,1.0,1.0,1,3.0,3.0,2,0.5641661180964304,1.0,7.971469099628194,1,0,2.7,3.0,4.0,0,0.6272369543818731,0.8522248810617472,0,0,0,0,0,0,5.199999999999999,10.0,2
7.759187438507795,44.0,1,429.0,1.0,6.0,11092.0,1792.0,99.0,1.791759469228055,12.0,0.6931471805599453,1.3862943611198906,3.0,1.3862943611198906,1.3862943611198906,2.0,1.4142135623730951,3.0,3.0,2.0,1.4142135623730951,0,1.0,2.0,1,1.1084553483582564,0.1,3.948144104265829,0,0,2.4,6.0,4.1,0,0.506567122977875,0.4452070577881255,0,0,0,0,0,0,-6.4,1.0,2
8.311889558230359,37.0,0,1239.0,8.0,19.0,12832.0,1794.0,89.0,2.3978952727983707,13.0,1.0986122886681096,2.079441541679836,3.0,0.0,0.0,2.0,2.0,3.0,3.0,2.0,2.0,0,2.0,2.0,2,0.41559447791151793,0.0,6.795790545596741,0,0,2.4,6.0,2.8,0,0.5885996593276048,0.6239358455690625,0,0,0,0,0,0,4.800000000000001,0.0,4
8.668024081118821,35.0,1,303.0,27.0,10.0,13492.0,1797.0,84.0,2.3978952727983707,18.0,0.6931471805599453,2.079441541679836,3.0,0.0,2.079441541679836,3.0,2.6457513110645907,4.0,3.0,4.0,1.4142135623730951,2,2.0,3.0,2,0.7880021891926201,2.7,8.989985872866464,0,0,3.5,12.0,5.7,0,0.778644160179091,0.47872334264111915,0,1,0,0,0,0,2.5,27.0,0
8.053251153549096,33.0,0,867.0,8.0,14.0,6076.0,1798.0,90.0,2.3978952727983707,19.0,1.9459101490553128,1.9459101490553128,4.0,0.6931471805599453,2.19722457733622,3.0,2.6457513110645907,2.0,4.0,1.0,1.0,1,1.0,4.0,2,0.5368834102366065,0.0,8.989985872866464,1,0,2.4,4.0,1.8,0,0.778644160179091,0.4687739362601679,0,0,0,0,0,0,11.200000000000001,0.0,2
7.623153068476902,28.0,0,1181.0,1.0,5.0,5531.0,1799.0,82.0,1.791759469228055,11.0,0.6931471805599453,1.3862943611198906,3.0,0.6931471805599453,1.3862943611198906,4.0,0.0,3.0,3.0,4.0,2.449489742783178,1,1.0,3.0,2,1.2705255114128169,0.0,0.0,0,0,3.5999999999999996,12.0,0.1,0,0.0,0.45044046517118963,0,0,1,0,0,0,4.800000000000004,0.0,2
9.5078490052457,39.0,0,1253.0,10.0,9.0,7914.0,1800.0,65.0,1.6094379124341005,21.0,2.079441541679836,1.0986122886681096,3.0,0.0,1.3862943611198906,3.0,1.4142135623730951,3.0,3.0,3.0,1.7320508075688772,2,3.0,1.0,2,0.9507849005245699,0.0,3.690302485934842,1,0,3.0,9.0,2.0,0,0.5419609930683914,0.6039293230110461,0,0,0,0,0,0,1.0,0.0,0
8.98619632032839,46.0,0,849.0,26.0,6.0,25166.0,1801.0,98.0,1.0986122886681096,15.0,2.19722457733622,1.0986122886681096,2.0,0.0,1.0986122886681096,3.0,1.4142135623730951,3.0,2.0,2.0,1.7320508075688772,2,2.0,2.0,0,1.283742331475484,0.0,2.9678859607972816,1,0,2.4,4.0,3.6,0,0.6738803398843289,0.7735660681031439,0,0,0,0,0,0,-9.600000000000001,0.0,0
8.125039097367745,40.0,0,616.0,2.0,7.0,25605.0,1802.0,99.0,1.6094379124341005,17.0,1.6094379124341005,1.0986122886681096,3.0,0.6931471805599453,1.3862943611198906,2.0,0.0,4.0,3.0,1.0,2.23606797749979,1,1.0,2.0,2,1.0156298871709681,0.0,0.0,1,0,2.2,3.0,2.2,0,0.0,0.6587911041283826,0,0,0,0,0,0,0.0,0.0,2
8.619569258033104,42.0,0,1128.0,13.0,10.0,5696.0,1803.0,95.0,0.0,18.0,1.791759469228055,0.0,2.0,1.0986122886681096,0.0,2.0,0.0,3.0,4.0,1.0,1.4142135623730951,1,2.0,3.0,2,0.7835972052757367,0.0,0.0,1,0,1.8,4.0,3.3,0,0.0,0.5828286514468884,0,0,0,0,1,0,-4.4,0.0,2
8.659213451436667,35.0,0,1180.0,2.0,15.0,24442.0,1804.0,90.0,2.079441541679836,14.0,1.0986122886681096,2.079441541679836,2.0,0.6931471805599453,2.079441541679836,3.0,1.0,3.0,3.0,4.0,2.449489742783178,0,2.0,2.0,0,0.5412008407147917,0.0,3.079441541679836,0,0,3.0999999999999996,12.0,1.2,0,0.32473420471378706,0.7661837487406175,0,0,0,0,0,0,4.500000000000002,0.0,0
7.860570785538664,38.0,0,1336.0,2.0,13.0,7129.0,1805.0,100.0,2.4849066497880004,13.0,1.791759469228055,2.19722457733622,1.0,1.3862943611198906,2.3978952727983707,3.0,1.7320508075688772,4.0,3.0,2.0,1.7320508075688772,0,1.0,3.0,0,0.5614693418241903,0.0,6.036035377067456,1,0,2.3,6.0,1.2,0,0.49701497963345564,0.5808521489560633,0,0,0,0,0,0,3.4000000000000004,0.0,0
8.584290934948731,34.0,0,234.0,9.0,11.0,6208.0,1807.0,93.0,2.079441541679836,17.0,1.6094379124341005,2.079441541679836,4.0,0.6931471805599453,0.6931471805599453,2.0,0.0,3.0,3.0,1.0,1.7320508075688772,1,2.0,4.0,1,0.7153575779123943,0.0,0.0,1,0,2.3,3.0,2.9,0,0.0,0.41751905965284497,0,0,0,0,0,0,10.200000000000001,0.0,1
8.346167594364134,37.0,0,370.0,10.0,10.0,4992.0,1809.0,58.0,2.3978952727983707,15.0,0.6931471805599453,2.19722457733622,4.0,0.0,1.3862943611198906,1.0,0.0,2.0,3.0,1.0,2.0,2,2.0,4.0,2,0.7587425085785576,0.0,0.0,0,0,1.9000000000000001,3.0,4.0,0,0.0,0.28223712140786217,1,0,0,0,0,0,6.299999999999999,0.0,0
8.325548307161398,39.0,0,766.0,20.0,7.0,19188.0,1812.0,83.0,1.0986122886681096,18.0,1.0986122886681096,1.0986122886681096,3.0,0.6931471805599453,0.6931471805599453,3.0,1.4142135623730951,4.0,3.0,4.0,2.449489742783178,0,2.0,3.0,1,1.0406935383951748,0.0,2.9678859607972816,0,0,3.5,12.0,3.0,0,0.6738803398843289,0.5829496874221204,0,0,0,0,0,0,0.5,0.0,2
7.79934339821592,43.0,0,343.0,9.0,7.0,24978.0,1813.0,52.0,1.3862943611198906,13.0,1.6094379124341005,1.0986122886681096,1.0,0.0,1.0986122886681096,2.0,1.0,3.0,3.0,3.0,1.4142135623730951,2,1.0,3.0,0,0.97491792477699,0.0,2.386294361119891,1,0,2.25,9.0,2.9,0,0.41905978419640516,0.40512916409201916,0,0,0,0,0,0,-5.25,0.0,0
8.835064935031076,41.0,0,447.0,5.0,11.0,15530.0,1814.0,85.0,1.3862943611198906,12.0,1.3862943611198906,1.0986122886681096,2.0,0.0,1.0986122886681096,1.0,1.0,1.0,4.0,2.0,1.7320508075688772,2,2.0,3.0,2,0.7362554112525896,0.0,2.386294361119891,0,0,1.5999999999999999,8.0,3.5,0,0.41905978419640516,0.5442447801595632,0,0,0,0,0,0,-2.4000000000000004,0.0,0
9.254165851516213,41.0,1,796.0,4.0,23.0,26458.0,1815.0,81.0,3.1354942159291497,13.0,0.0,1.791759469228055,3.0,0.6931471805599453,2.70805020110221,4.0,3.605551275463989,4.0,3.0,3.0,1.7320508075688772,0,3.0,1.0,2,0.3855902438131755,0.4,14.910736444917296,0,0,3.4,9.0,2.4,0,0.8718549917386126,0.7415591570169308,0,0,0,0,0,0,-0.6000000000000001,4.0,4
9.176576741823371,30.0,0,1092.0,10.0,9.0,2739.0,1816.0,64.0,2.079441541679836,14.0,2.302585092994046,1.0986122886681096,1.0,0.0,2.079441541679836,3.0,0.0,2.0,3.0,3.0,1.7320508075688772,2,3.0,3.0,2,0.9176576741823371,0.0,0.0,1,0,2.3499999999999996,9.0,2.0,0,0.0,0.48841766765080086,0,0,0,0,0,0,16.500000000000004,0.0,0
7.67275789664251,26.0,1,920.0,20.0,6.0,6889.0,1818.0,69.0,1.791759469228055,11.0,0.0,1.6094379124341005,4.0,0.0,0.6931471805599453,3.0,1.0,3.0,3.0,2.0,1.7320508075688772,1,1.0,2.0,2,1.09610827094893,2.0,2.791759469228055,0,0,2.9000000000000004,6.0,5.0,0,0.3581970477838151,0.3756055320514436,0,0,0,0,0,0,15.399999999999995,20.0,2
9.09683567117936,46.0,0,261.0,21.0,13.0,10842.0,1821.0,66.0,2.302585092994046,22.0,1.6094379124341005,2.079441541679836,4.0,0.6931471805599453,2.079441541679836,4.0,1.7320508075688772,4.0,3.0,2.0,1.4142135623730951,1,2.0,2.0,2,0.6497739765128114,0.0,5.720245177385273,1,0,3.3000000000000003,6.0,2.1,0,0.5244530447506625,0.420682439795463,0,0,0,0,0,0,-4.199999999999998,0.0,2
8.781708985836179,40.0,0,1194.0,1.0,12.0,9060.0,1822.0,52.0,1.791759469228055,17.0,1.6094379124341005,1.3862943611198906,3.0,0.6931471805599453,1.3862943611198906,3.0,0.0,4.0,3.0,4.0,1.7320508075688772,0,2.0,3.0,2,0.6755160758335522,0.0,0.0,1,0,3.5,12.0,1.1,0,0.0,0.4900980098058523,0,0,0,0,0,0,0.0,0.0,4
8.824677891164198,34.0,0,810.0,8.0,10.0,22128.0,1823.0,92.0,2.3978952727983707,21.0,0.6931471805599453,2.19722457733622,2.0,1.0986122886681096,2.19722457733622,3.0,2.0,3.0,4.0,3.0,2.23606797749979,1,2.0,2.0,2,0.8022434446512907,0.0,6.795790545596741,0,0,2.75,12.0,1.8,0,0.5885996593276048,0.6994594072835948,0,0,0,0,0,0,7.5,0.0,2
9.698429468768303,58.0,0,350.0,2.0,34.46000000000004,22577.0,1824.0,52.0,2.833213344056216,22.0,1.6094379124341005,2.70805020110221,2.0,0.6931471805599453,2.302585092994046,2.0,3.605551275463989,4.0,3.0,2.0,0.0,0,4.0,3.0,0,0.273503369113601,0.0,13.820847261787474,1,0,2.3,6.0,2.2,0,0.9406080360892931,0.5610322285362519,0,0,0,0,0,0,-30.6,0.0,0
7.903226808730733,35.0,0,185.0,23.0,6.0,9696.0,1826.0,91.0,1.791759469228055,16.0,0.0,1.3862943611198906,2.0,0.6931471805599453,1.6094379124341005,4.0,0.0,2.0,1.0,3.0,1.4142135623730951,1,1.0,4.0,2,1.1290324012472477,0.0,0.0,0,0,2.8499999999999996,3.0,2.3,0,0.0,0.3725151253131236,0,0,0,0,0,0,5.750000000000002,0.0,2
9.24319470884713,47.0,1,1001.0,4.0,28.0,19271.0,1827.0,92.0,3.1354942159291497,12.0,2.19722457733622,2.3978952727983707,3.0,0.6931471805599453,2.4849066497880004,3.0,3.605551275463989,3.0,2.0,2.0,2.0,0,3.0,3.0,2,0.31873085202921136,0.4,14.910736444917296,1,0,2.6500000000000004,4.0,3.4,0,0.8718549917386126,0.7443538170977595,0,0,0,0,0,0,-9.449999999999998,4.0,4
8.400434630806041,40.0,0,750.0,12.0,15.0,10748.0,1829.0,47.0,2.079441541679836,12.0,1.0986122886681096,2.079441541679836,2.0,0.6931471805599453,1.6094379124341005,3.0,2.6457513110645907,2.0,3.0,1.0,1.7320508075688772,0,2.0,3.0,2,0.5250271644253776,0.0,8.147436496246192,0,0,1.9000000000000001,3.0,2.2,0,0.8591659478690193,0.3738417315375462,1,1,0,0,0,0,0.0,0.0,4
8.832733591996416,54.0,0,431.0,7.0,14.0,15696.0,1830.0,68.0,2.079441541679836,15.0,1.6094379124341005,2.079441541679836,4.0,0.6931471805599453,0.6931471805599453,2.0,1.0,2.0,3.0,4.0,1.4142135623730951,1,2.0,4.0,2,0.5888489061330944,0.0,3.079441541679836,1,0,3.1999999999999997,12.0,2.7,0,0.32473420471378706,0.4821141097889136,0,0,0,0,0,0,-11.200000000000003,0.0,2
9.173468897200278,31.0,0,1125.0,7.0,9.0,8277.0,1833.0,68.0,1.3862943611198906,14.0,1.0986122886681096,1.0986122886681096,1.0,1.0986122886681096,1.0986122886681096,3.0,1.4142135623730951,4.0,3.0,1.0,1.7320508075688772,1,3.0,4.0,1,0.9173468897200279,0.0,3.37472984931019,0,0,1.9500000000000002,3.0,1.7,0,0.5926400302556987,0.5639076138085084,0,0,0,0,0,0,18.45,0.0,1
8.18646442942209,28.0,0,1217.0,1.0,3.0,12719.0,1834.0,67.0,1.3862943611198906,25.0,0.6931471805599453,1.0986122886681096,3.0,0.6931471805599453,1.0986122886681096,3.0,1.0,3.0,3.0,1.0,1.7320508075688772,1,1.0,3.0,2,2.0466161073555225,0.0,2.386294361119891,0,0,2.3,3.0,1.1,0,0.41905978419640516,0.5284874261491102,0,0,1,0,0,0,20.400000000000002,0.0,2
8.595264726836392,38.0,1,723.0,2.0,20.0,4244.0,1835.0,77.0,1.6094379124341005,20.0,1.0986122886681096,1.3862943611198906,2.0,1.0986122886681096,1.0986122886681096,2.0,0.0,1.0,1.0,4.0,2.0,1,2.0,4.0,2,0.4092983203255425,0.2,0.0,0,0,2.55,4.0,4.2,0,0.0,0.42920314456322517,0,0,0,0,0,0,2.9000000000000004,2.0,2
8.452121194672523,26.0,0,572.0,10.0,5.0,9125.0,1836.0,46.0,1.791759469228055,13.0,0.6931471805599453,1.0986122886681096,3.0,0.0,1.3862943611198906,3.0,1.0,1.0,3.0,4.0,2.0,2,2.0,3.0,2,1.408686865778754,0.0,2.791759469228055,0,0,3.05,12.0,2.0,0,0.3581970477838151,0.3269894320655158,1,0,1,0,0,0,13.300000000000002,0.0,0
9.667005436782738,58.0,1,1216.0,15.0,23.0,21624.0,1837.0,87.0,1.0986122886681096,14.0,1.0986122886681096,1.0986122886681096,1.0,0.0,1.0986122886681096,3.0,1.4142135623730951,2.0,3.0,3.0,1.7320508075688772,1,4.0,4.0,1,0.4027918931992807,1.5,2.9678859607972816,0,0,2.3499999999999996,9.0,4.5,0,0.6738803398843289,0.8284830275970456,0,0,0,0,0,0,-29.700000000000006,15.0,1
7.323170717943469,18.0,0,1431.0,14.0,1.0,8018.0,1839.0,33.0,0.0,16.0,0.6931471805599453,0.0,2.0,0.0,0.0,1.0,0.0,3.0,3.0,3.0,2.0,2,1.0,3.0,0,3.6615853589717346,0.0,0.0,0,0,2.25,9.0,4.4,0,0.0,0.3169081413982997,0,0,1,0,1,0,38.5,0.0,0
7.991930519852477,31.0,0,359.0,18.0,2.0,21495.0,1842.0,89.0,0.6931471805599453,17.0,0.0,0.0,4.0,0.0,0.0,3.0,0.0,3.0,4.0,1.0,2.0,1,1.0,5.0,2,2.6639768399508257,0.0,0.0,0,0,2.55,4.0,2.8,0,0.0,0.5232997533155133,0,0,1,0,1,0,13.05,0.0,2
7.756195343948118,29.0,1,350.0,13.0,4.0,3157.0,1844.0,56.0,1.0986122886681096,15.0,1.6094379124341005,0.0,1.0,1.3862943611198906,1.0986122886681096,3.0,1.4142135623730951,4.0,2.0,1.0,1.7320508075688772,0,1.0,3.0,2,1.5512390687896236,1.3,2.9678859607972816,1,0,1.9500000000000002,2.0,4.3,0,0.6738803398843289,0.197563879994148,0,0,1,0,0,1,22.549999999999997,13.0,4
8.54772239645106,45.0,0,589.0,2.0,10.0,19665.0,1845.0,67.0,2.19722457733622,22.0,1.6094379124341005,2.079441541679836,3.0,1.0986122886681096,2.079441541679836,4.0,2.23606797749979,2.0,3.0,3.0,1.7320508075688772,1,2.0,4.0,0,0.7770656724046419,0.0,7.1492114942568215,1,0,3.0999999999999996,9.0,0.2,0,0.6993778270536061,0.5198322009763556,0,1,0,0,0,0,-4.500000000000002,0.0,0
8.848365694942547,36.0,1,430.0,2.0,15.0,19573.0,1847.0,73.0,0.6931471805599453,22.0,1.6094379124341005,0.0,4.0,0.6931471805599453,0.0,3.0,0.0,4.0,3.0,2.0,1.4142135623730951,1,2.0,4.0,2,0.5530228559339092,0.2,0.0,1,0,3.0500000000000003,6.0,3.2,0,0.0,0.5401815614381746,0,0,0,0,1,0,3.799999999999999,2.0,2
8.644002038279933,43.0,0,1422.0,2.0,7.0,19246.0,1849.0,92.0,2.079441541679836,20.0,0.6931471805599453,2.079441541679836,1.0,0.6931471805599453,2.079441541679836,3.0,2.6457513110645907,3.0,3.0,4.0,2.23606797749979,1,2.0,4.0,1,1.0805002547849916,0.0,8.147436496246192,0,0,2.8499999999999996,12.0,1.2,0,0.8591659478690193,0.7630437131469618,0,1,0,0,0,0,-3.450000000000001,0.0,1
7.77485576666552,27.0,1,1297.0,5.0,6.0,19826.0,1850.0,53.0,1.791759469228055,14.0,0.0,1.0986122886681096,4.0,0.0,1.6094379124341005,2.0,0.0,3.0,3.0,4.0,1.7320508075688772,2,1.0,2.0,1,1.1106936809522172,0.5,0.0,0,0,3.3499999999999996,12.0,4.5,0,0.0,0.5254021430516342,0,0,0,0,0,0,8.450000000000005,5.0,0
8.246171559857563,29.0,0,574.0,20.0,11.0,7003.0,1852.0,40.0,2.4849066497880004,13.0,0.6931471805599453,2.3978952727983707,4.0,0.0,2.19722457733622,4.0,1.7320508075688772,2.0,3.0,4.0,1.7320508075688772,1,1.0,1.0,1,0.6871809633214636,0.0,6.036035377067456,0,0,3.6999999999999997,12.0,2.0,0,0.49701497963345564,0.2652327643685717,0,0,0,0,0,0,3.300000000000003,0.0,1
8.444407421690585,32.0,0,1318.0,10.0,4.0,26075.0,1853.0,79.0,0.0,13.0,2.19722457733622,0.0,4.0,0.0,0.0,4.0,0.0,3.0,3.0,4.0,1.4142135623730951,2,2.0,4.0,1,1.688881484338117,0.0,0.0,1,0,3.8499999999999996,12.0,1.0,0,0.0,0.747767428877511,0,0,0,0,1,0,1.2000000000000028,0.0,0
7.98514393119862,42.0,0,355.0,10.0,10.0,6161.0,1854.0,38.0,1.9459101490553128,22.0,1.3862943611198906,1.3862943611198906,3.0,1.0986122886681096,1.3862943611198906,2.0,1.7320508075688772,2.0,3.0,3.0,1.0,1,1.0,4.0,0,0.7259221755635109,0.0,5.102466052696606,0,0,2.5999999999999996,9.0,3.0,0,0.5879509964430881,0.1858773724761877,0,0,0,0,0,0,-2.8000000000000007,0.0,0
7.652545692693921,47.0,0,207.0,9.0,7.0,5411.0,1856.0,64.0,1.0986122886681096,12.0,1.6094379124341005,0.0,2.0,0.0,1.0986122886681096,3.0,1.4142135623730951,3.0,3.0,3.0,1.4142135623730951,2,1.0,4.0,2,0.9565682115867401,0.0,2.9678859607972816,1,0,2.75,9.0,1.9,0,0.6738803398843289,0.21341468594901336,0,0,0,0,0,0,-8.75,0.0,0
9.057072635572965,46.0,0,706.0,2.0,12.0,19989.0,1857.0,82.0,2.302585092994046,14.0,1.3862943611198906,2.079441541679836,4.0,0.6931471805599453,2.19722457733622,2.0,2.0,3.0,3.0,4.0,2.0,0,3.0,2.0,2,0.6966978950440742,0.0,6.605170185988092,0,0,3.3499999999999996,12.0,2.2,0,0.6055862131282277,0.6455364348195709,0,0,0,0,0,0,-3.900000000000002,0.0,4
7.903596289614301,28.0,0,280.0,1.0,3.0,10494.0,1858.0,43.0,1.3862943611198906,15.0,0.6931471805599453,1.0986122886681096,3.0,0.6931471805599453,1.0986122886681096,3.0,1.4142135623730951,2.0,3.0,4.0,1.4142135623730951,0,1.0,2.0,0,1.9758990724035752,0.0,3.37472984931019,0,0,3.1999999999999997,12.0,1.1,0,0.5926400302556987,0.22613248685836607,0,0,0,0,0,1,9.600000000000003,0.0,0
8.76170676846664,29.0,0,726.0,29.0,11.0,21143.0,1859.0,93.0,2.079441541679836,17.0,2.19722457733622,1.9459101490553128,4.0,1.0986122886681096,0.0,3.0,1.0,4.0,1.0,3.0,1.7320508075688772,0,2.0,1.0,2,0.7301422307055533,0.0,3.079441541679836,1,0,3.4,3.0,3.9,0,0.32473420471378706,0.6721838780322855,0,0,0,0,0,1,6.600000000000001,0.0,4
8.286269452783065,42.0,0,1142.0,8.0,8.0,13624.0,1860.0,81.0,0.0,13.0,1.6094379124341005,0.0,4.0,0.0,0.0,3.0,0.0,4.0,3.0,3.0,1.7320508075688772,2,1.0,3.0,2,0.920696605864785,0.0,0.0,1,0,3.4,9.0,1.8,0,0.0,0.5835445031399195,0,0,0,0,1,0,-1.2000000000000002,0.0,0
9.20109779060925,32.0,1,414.0,2.0,7.0,26186.0,1862.0,82.0,1.0986122886681096,12.0,2.079441541679836,1.0986122886681096,3.0,0.0,1.0986122886681096,2.0,1.4142135623730951,3.0,2.0,2.0,1.7320508075688772,2,2.0,4.0,2,1.1501372238261562,0.2,2.9678859607972816,1,0,2.4,4.0,4.2,0,0.6738803398843289,0.6690443921579229,0,0,0,0,0,0,12.8,2.0,0
9.489939868234607,46.0,0,1319.0,3.0,25.0,7739.0,1863.0,45.0,2.995732273553991,12.0,1.0986122886681096,2.19722457733622,1.0,0.6931471805599453,2.8903717578961645,3.0,1.4142135623730951,4.0,4.0,1.0,2.23606797749979,0,4.0,3.0,2,0.3649976872397926,0.0,5.650818772871936,0,0,1.9500000000000002,4.0,1.3,0,0.3539310107769627,0.5408693976983588,0,0,0,0,0,0,-12.299999999999999,0.0,4
8.172164452111904,27.0,0,728.0,23.0,9.0,7018.0,1864.0,36.0,2.302585092994046,21.0,0.6931471805599453,2.19722457733622,2.0,0.6931471805599453,2.19722457733622,3.0,2.23606797749979,4.0,2.0,3.0,2.23606797749979,1,2.0,1.0,2,0.8172164452111904,0.0,7.384804769412152,0,0,2.9,6.0,3.3,0,0.6770659693956964,0.27169073927291687,1,0,0,0,0,0,14.3,0.0,2
7.9391588179567965,29.0,0,352.0,6.0,1.0,15434.0,1865.0,87.0,0.6931471805599453,11.0,0.6931471805599453,0.0,4.0,0.0,0.0,3.0,0.0,4.0,2.0,2.0,1.7320508075688772,1,1.0,1.0,2,3.9695794089783982,0.0,0.0,0,0,3.0500000000000003,4.0,1.6,0,0.0,0.44909586525195977,0,0,0,0,1,0,10.449999999999998,0.0,2
9.87266745519624,43.0,0,823.0,6.0,21.0,22539.0,1866.0,81.0,2.833213344056216,13.0,2.079441541679836,2.70805020110221,1.0,0.0,2.5649493574615367,3.0,2.449489742783178,4.0,2.0,3.0,1.4142135623730951,1,5.0,3.0,2,0.4487576115998291,0.0,9.389416768165306,1,0,2.65,6.0,1.6,0,0.6390173264374546,0.7652680722977927,0,0,0,0,0,0,-4.050000000000001,0.0,2
9.884684885113384,48.0,0,1224.0,10.0,29.0,13583.0,1867.0,91.0,3.1354942159291497,12.0,1.6094379124341005,2.302585092994046,4.0,0.0,2.3978952727983707,3.0,3.4641016151377544,4.0,2.0,2.0,1.7320508075688772,1,5.0,3.0,2,0.3294894961704461,0.0,14.325772192793009,1,0,3.0500000000000003,4.0,2.0,0,0.8376511812771212,0.7839727917718375,0,0,0,0,0,0,-7.599999999999998,0.0,2
7.799753318287247,29.0,1,459.0,24.0,1.0,14753.0,1868.0,73.0,0.6931471805599453,24.0,0.6931471805599453,0.0,4.0,0.0,0.0,2.0,1.0,2.0,2.0,4.0,1.7320508075688772,2,1.0,2.0,1,3.8998766591436236,2.4,1.6931471805599454,0,0,3.1999999999999997,8.0,6.4,1,0.5906161091496412,0.3982864845926485,0,0,0,0,1,0,8.800000000000002,24.0,0
8.897682313454224,46.0,0,1254.0,10.0,14.0,14011.0,1869.0,64.0,2.19722457733622,21.0,1.791759469228055,2.079441541679836,3.0,1.3862943611198906,2.079441541679836,3.0,0.0,3.0,3.0,2.0,1.4142135623730951,1,3.0,3.0,2,0.5931788208969483,0.0,0.0,1,0,2.6500000000000004,6.0,2.0,0,0.0,0.6043073218868354,0,0,0,0,0,0,-8.099999999999998,0.0,2
8.471149252914831,27.0,0,1131.0,15.0,8.0,23844.0,1870.0,77.0,2.079441541679836,19.0,0.0,1.3862943611198906,4.0,0.6931471805599453,1.9459101490553128,2.0,2.6457513110645907,4.0,2.0,1.0,1.4142135623730951,1,1.0,3.0,1,0.9412388058794257,0.0,8.147436496246192,0,0,2.45,2.0,3.5,0,0.8591659478690193,0.6872819851807107,0,0,0,0,0,0,20.15,0.0,1
8.269500767180615,39.0,0,835.0,19.0,7.0,5141.0,1871.0,41.0,1.0986122886681096,14.0,2.19722457733622,1.0986122886681096,4.0,1.3862943611198906,1.0986122886681096,3.0,1.4142135623730951,2.0,3.0,4.0,1.4142135623730951,0,2.0,4.0,2,1.0336875958975769,0.0,2.9678859607972816,1,0,3.4499999999999997,12.0,2.9,0,0.6738803398843289,0.2990162644753526,1,0,0,0,0,0,0.5500000000000003,0.0,4
7.887208585813932,55.0,0,836.0,2.0,19.0,7975.0,1873.0,98.0,1.791759469228055,20.0,2.19722457733622,1.6094379124341005,2.0,0.6931471805599453,1.0986122886681096,4.0,0.0,2.0,2.0,4.0,1.4142135623730951,1,1.0,4.0,2,0.3943604292906966,0.0,0.0,1,0,3.1999999999999997,8.0,0.2,0,0.0,0.49523140057997117,0,0,0,0,0,0,-12.000000000000004,0.0,2
7.228649665640015,30.0,0,945.0,9.0,1.0,16019.0,1876.0,89.0,0.6931471805599453,13.0,0.6931471805599453,0.0,2.0,0.0,0.0,2.0,0.0,3.0,3.0,4.0,1.7320508075688772,2,1.0,3.0,2,3.6143248328200075,0.0,0.0,0,0,2.8499999999999996,12.0,2.9,0,0.0,0.5013544376905068,0,0,1,0,1,0,11.500000000000004,0.0,0
7.813187267521416,22.0,1,391.0,7.0,1.0,26092.0,1878.0,75.0,0.6931471805599453,23.0,0.6931471805599453,0.0,4.0,0.0,0.0,3.0,0.0,1.0,3.0,2.0,1.4142135623730951,2,1.0,1.0,2,3.906593633760708,0.7,0.0,0,0,2.6,6.0,3.7,1,0.0,0.5083474078401574,0,0,0,0,1,0,25.2,7.0,0
8.643649615368796,36.0,1,1266.0,10.0,10.0,6060.0,1880.0,63.0,2.3978952727983707,13.0,0.6931471805599453,2.079441541679836,2.0,0.6931471805599453,2.302585092994046,3.0,1.0,1.0,2.0,3.0,2.0,1,2.0,4.0,2,0.7857863286698905,1.0,3.3978952727983707,0,0,2.4499999999999997,6.0,4.0,0,0.2942998296638024,0.49915916843187563,0,0,0,0,0,0,6.200000000000001,10.0,2
8.342363500380579,31.0,0,311.0,20.0,10.0,18624.0,1881.0,89.0,2.3978952727983707,11.0,0.6931471805599453,1.0986122886681096,2.0,0.6931471805599453,2.19722457733622,3.0,0.0,1.0,3.0,3.0,1.4142135623730951,0,2.0,3.0,2,0.7583966818527799,0.0,0.0,0,0,2.4499999999999997,9.0,3.0,0,0.0,0.5188749984658921,0,0,0,0,0,1,13.950000000000003,0.0,4
9.18132342290569,34.0,1,1480.0,4.0,9.0,24444.0,1882.0,64.0,1.791759469228055,13.0,1.0986122886681096,0.0,3.0,1.3862943611198906,1.3862943611198906,3.0,1.0,4.0,3.0,4.0,1.7320508075688772,1,3.0,3.0,2,0.918132342290569,0.4,2.791759469228055,0,0,3.5,12.0,3.4,0,0.3581970477838151,0.7761768888945664,0,0,0,0,0,0,3.0,4.0,2
7.631916513071252,29.0,0,592.0,7.0,11.0,19384.0,1883.0,59.0,1.3862943611198906,14.0,1.3862943611198906,1.0986122886681096,4.0,0.0,1.0986122886681096,3.0,1.0,2.0,3.0,1.0,1.4142135623730951,2,1.0,3.0,2,0.6359930427559376,0.0,2.386294361119891,0,0,2.4,3.0,1.7,0,0.41905978419640516,0.4027764534327978,0,0,0,0,0,0,17.6,0.0,0
8.36287583103188,37.0,1,783.0,7.0,16.0,13588.0,1885.0,78.0,1.791759469228055,22.0,1.791759469228055,1.6094379124341005,4.0,0.6931471805599453,1.3862943611198906,3.0,0.0,3.0,3.0,1.0,1.4142135623730951,1,2.0,4.0,2,0.49193387241364,0.7,0.0,1,0,2.55,3.0,3.7,0,0.0,0.5154346290083527,0,0,0,0,0,0,4.3500000000000005,7.0,2
8.47407690034261,35.0,1,219.0,16.0,4.0,25388.0,1886.0,44.0,1.3862943611198906,11.0,0.0,1.0986122886681096,4.0,0.0,1.0986122886681096,3.0,0.0,4.0,2.0,2.0,1.4142135623730951,1,2.0,2.0,2,1.694815380068522,1.6,0.0,0,0,3.0500000000000003,4.0,4.6,0,0.0,0.42199243182848706,0,0,0,0,0,0,4.749999999999998,16.0,2
8.683893367307235,45.0,0,556.0,25.0,10.0,23888.0,1888.0,93.0,2.302585092994046,13.0,0.0,2.19722457733622,2.0,1.0986122886681096,2.19722457733622,2.0,1.7320508075688772,4.0,2.0,4.0,1.4142135623730951,1,2.0,2.0,2,0.789444851573385,0.0,5.720245177385273,0,0,3.0,8.0,4.5,0,0.5244530447506625,0.6619920458988376,0,0,0,0,0,0,-5.0,0.0,2
8.265392930852224,36.0,0,1213.0,2.0,10.0,4223.0,1890.0,94.0,2.3978952727983707,21.0,0.6931471805599453,2.19722457733622,2.0,0.0,0.6931471805599453,2.0,0.0,4.0,2.0,4.0,1.4142135623730951,2,2.0,1.0,1,0.7513993573502021,0.0,0.0,0,0,3.0,8.0,2.2,0,0.0,0.5463452640141625,0,0,0,0,0,0,4.0,0.0,0
9.730561717382535,40.0,0,1137.0,1.0,22.0,18991.0,1892.0,98.0,2.995732273553991,11.0,1.0986122886681096,2.833213344056216,1.0,0.6931471805599453,2.079441541679836,3.0,3.3166247903554,1.0,3.0,1.0,1.7320508075688772,0,4.0,4.0,2,0.4230679007557624,0.0,13.25234471409231,0,0,1.5,3.0,1.1,0,0.8300417954192508,0.8331831201635218,0,0,0,0,0,0,0.0,0.0,4
7.984121958702927,26.0,1,482.0,1.0,1.0,14908.0,1893.0,90.0,0.6931471805599453,13.0,0.6931471805599453,0.0,2.0,0.6931471805599453,0.0,2.0,1.0,3.0,2.0,3.0,1.7320508075688772,1,1.0,2.0,2,3.9920609793514634,0.1,1.6931471805599454,0,0,2.5,6.0,4.1,0,0.5906161091496412,0.4820263913777938,0,0,0,0,1,0,21.0,1.0,2
8.77971129020447,27.0,0,511.0,2.0,9.0,26997.0,1898.0,89.0,2.19722457733622,14.0,0.0,2.079441541679836,1.0,0.0,2.079441541679836,2.0,0.0,2.0,4.0,3.0,2.23606797749979,2,2.0,2.0,2,0.8779711290204469,0.0,0.0,0,0,2.0999999999999996,12.0,2.2,0,0.0,0.6798808403170692,0,0,0,0,0,0,24.700000000000003,0.0,0
9.751210117090553,48.0,0,117.0,22.0,24.0,2437.0,1900.0,58.0,3.1354942159291497,11.0,1.3862943611198906,2.079441541679836,4.0,0.6931471805599453,2.8903717578961645,3.0,2.0,2.0,3.0,4.0,1.7320508075688772,0,4.0,3.0,1,0.3900484046836221,0.0,8.2709884318583,0,0,3.4499999999999997,12.0,3.2,0,0.48361813499735395,0.3435640603065294,1,0,0,0,0,0,-4.400000000000002,0.0,2
8.523970175695261,44.0,0,170.0,1.0,10.0,9364.0,1903.0,78.0,1.0986122886681096,15.0,1.0986122886681096,1.0986122886681096,2.0,0.6931471805599453,0.0,3.0,1.4142135623730951,4.0,4.0,1.0,2.23606797749979,1,2.0,4.0,2,0.7749063796086602,0.0,2.9678859607972816,0,0,2.2,4.0,1.1,0,0.6738803398843289,0.37849719570996176,1,0,0,0,0,0,-7.199999999999999,0.0,2
7.744136627627991,34.0,1,967.0,16.0,5.0,14460.0,1905.0,85.0,1.791759469228055,23.0,0.6931471805599453,0.0,4.0,0.6931471805599453,1.0986122886681096,3.0,1.7320508075688772,2.0,1.0,1.0,1.4142135623730951,1,1.0,4.0,0,1.2906894379379985,1.6,4.835469243214512,0,0,2.4,1.0,4.6,1,0.6204154858827448,0.5238766065369582,0,0,0,1,0,0,9.600000000000001,16.0,0
7.858640655620791,56.0,0,1162.0,24.0,5.0,10261.0,1907.0,97.0,1.6094379124341005,16.0,0.6931471805599453,0.0,1.0,0.0,1.0986122886681096,3.0,1.0,4.0,3.0,4.0,1.7320508075688772,2,1.0,2.0,2,1.309773442603465,0.0,2.6094379124341005,0,0,3.0,12.0,3.4,0,0.383224293337255,0.5702575060660442,0,0,0,0,0,0,-16.0,0.0,0
8.613956859848546,36.0,0,335.0,17.0,12.0,16822.0,1908.0,33.0,1.6094379124341005,16.0,1.0986122886681096,1.3862943611198906,3.0,1.0986122886681096,1.0986122886681096,1.0,1.0,3.0,2.0,2.0,1.0,1,2.0,2.0,2,0.6626120661421958,0.0,2.6094379124341005,0,0,2.15,4.0,4.7,0,0.383224293337255,0.33064497394662484,1,0,0,0,0,0,7.4,0.0,2
8.387995252944556,41.0,0,337.0,8.0,14.0,26841.0,1909.0,54.0,1.791759469228055,21.0,1.791759469228055,1.6094379124341005,3.0,0.6931471805599453,1.6094379124341005,3.0,1.0,3.0,3.0,2.0,1.7320508075688772,1,2.0,3.0,2,0.5591996835296371,0.0,2.791759469228055,1,0,2.6500000000000004,6.0,1.8,0,0.3581970477838151,0.48530636349229034,0,0,0,0,0,0,-1.3499999999999996,0.0,2
9.499196754655731,42.0,0,1396.0,6.0,18.0,14842.0,1911.0,83.0,2.639057329615259,13.0,2.302585092994046,2.079441541679836,3.0,0.6931471805599453,2.079441541679836,4.0,2.23606797749979,2.0,3.0,1.0,1.7320508075688772,1,3.0,3.0,2,0.49995772392924903,0.0,8.137179563038577,1,0,2.4,3.0,0.6,0,0.6144635203469573,0.7625354613789793,0,0,0,0,0,0,-3.2,0.0,2
8.792397742356906,31.0,1,1079.0,10.0,8.0,20115.0,1912.0,86.0,1.791759469228055,11.0,1.0986122886681096,1.6094379124341005,3.0,0.6931471805599453,1.0986122886681096,3.0,1.0,4.0,3.0,4.0,1.4142135623730951,0,2.0,2.0,2,0.9769330824841007,1.0,2.791759469228055,0,0,3.5,12.0,4.0,0,0.3581970477838151,0.7029245417428074,0,0,0,0,0,1,4.5,10.0,4
9.000113045928519,34.0,1,735.0,3.0,9.0,16495.0,1915.0,75.0,1.6094379124341005,12.0,1.3862943611198906,0.6931471805599453,4.0,0.0,1.0986122886681096,2.0,0.0,3.0,2.0,4.0,1.7320508075688772,1,2.0,1.0,2,0.9000113045928518,0.3,0.0,0,0,3.3499999999999996,8.0,4.3,0,0.0,0.5852915124943581,0,0,0,0,0,0,3.900000000000002,3.0,2
8.288785810426928,31.0,0,471.0,4.0,4.0,16031.0,1916.0,62.0,1.0986122886681096,12.0,2.19722457733622,1.0986122886681096,1.0,0.6931471805599453,1.0986122886681096,2.0,1.4142135623730951,2.0,4.0,3.0,0.0,0,1.0,3.0,2,1.6577571620853857,0.0,2.9678859607972816,1,0,2.0999999999999996,12.0,2.4,0,0.6738803398843289,0.42000728783407754,0,0,1,0,0,1,17.1,0.0,4
7.841885928984623,26.0,0,1096.0,6.0,8.0,7102.0,1918.0,61.0,2.079441541679836,18.0,0.0,2.079441541679836,3.0,0.6931471805599453,2.079441541679836,3.0,2.6457513110645907,1.0,4.0,4.0,1.7320508075688772,1,1.0,3.0,1,0.8713206587760692,0.0,8.147436496246192,0,0,3.05,16.0,1.6,0,0.8591659478690193,0.3965875110074305,0,0,0,0,0,0,13.300000000000002,0.0,1
8.594154232552366,45.0,0,1297.0,1.0,12.0,14511.0,1922.0,44.0,1.6094379124341005,12.0,1.6094379124341005,1.3862943611198906,2.0,0.0,1.0986122886681096,3.0,0.0,3.0,3.0,3.0,1.7320508075688772,2,2.0,4.0,1,0.6610887871194128,0.0,0.0,1,0,2.75,9.0,1.1,0,0.0,0.5170232248863483,0,0,0,0,0,0,-6.25,0.0,0
8.610319169405722,33.0,0,217.0,10.0,10.0,10410.0,1924.0,43.0,2.3978952727983707,14.0,0.6931471805599453,2.302585092994046,2.0,0.0,1.6094379124341005,2.0,0.0,2.0,3.0,3.0,1.4142135623730951,2,2.0,4.0,2,0.7827562881277929,0.0,0.0,0,0,2.3499999999999996,9.0,3.0,0,0.0,0.28053559708824566,1,0,0,0,0,0,11.550000000000002,0.0,0
8.82981174915805,28.0,1,783.0,1.0,7.0,19255.0,1927.0,42.0,2.079441541679836,12.0,0.6931471805599453,2.079441541679836,3.0,0.6931471805599453,2.079441541679836,3.0,0.0,3.0,2.0,4.0,1.4142135623730951,1,2.0,2.0,1,1.1037264686447563,0.1,0.0,0,0,3.3499999999999996,8.0,3.1,0,0.0,0.487699831585289,0,0,0,0,0,0,7.800000000000004,1.0,1
7.228649665640015,29.0,0,746.0,24.0,1.0,10642.0,1928.0,45.0,0.6931471805599453,17.0,0.6931471805599453,0.0,3.0,0.0,0.0,3.0,0.0,4.0,4.0,1.0,1.7320508075688772,2,1.0,3.0,1,3.6143248328200075,0.0,0.0,0,0,2.45,4.0,3.4,0,0.0,0.25462444937762163,0,0,1,0,1,0,17.049999999999997,0.0,0
8.654691704601872,39.0,0,1251.0,21.0,10.0,3987.0,1929.0,32.0,1.3862943611198906,19.0,1.9459101490553128,1.0986122886681096,1.0,0.6931471805599453,1.0986122886681096,3.0,1.0,3.0,1.0,3.0,1.0,1,2.0,4.0,0,0.7867901549638066,0.0,2.386294361119891,1,0,2.5,3.0,3.1,0,0.41905978419640516,0.36599082418080564,1,0,0,0,0,0,1.5,0.0,0
7.708410667257367,27.0,0,1354.0,2.0,6.0,6073.0,1931.0,41.0,1.791759469228055,11.0,0.6931471805599453,1.0986122886681096,2.0,0.6931471805599453,1.3862943611198906,2.0,1.0,3.0,3.0,2.0,1.7320508075688772,1,1.0,4.0,2,1.1012015238939097,0.0,2.791759469228055,0,0,2.15,6.0,2.2,0,0.3581970477838151,0.3484366600603542,0,0,1,0,0,0,24.05,0.0,2
8.656607247198915,34.0,1,735.0,22.0,16.0,26496.0,1932.0,86.0,2.772588722239781,15.0,0.6931471805599453,2.4849066497880004,3.0,0.0,2.3978952727983707,3.0,2.449489742783178,2.0,2.0,4.0,1.7320508075688772,1,2.0,4.0,1,0.5092121910117009,2.2,9.24091737886584,0,0,3.1999999999999997,8.0,5.2,0,0.6492861859929748,0.6926361425407421,0,0,0,0,0,0,4.800000000000002,22.0,1
9.19573421958682,28.0,1,1475.0,13.0,6.0,23352.0,1933.0,84.0,1.0986122886681096,11.0,1.3862943611198906,1.0986122886681096,4.0,0.0,0.0,3.0,1.4142135623730951,4.0,3.0,3.0,0.0,2,2.0,2.0,2,1.3136763170838315,1.3,2.9678859607972816,0,1,3.4,9.0,4.3,0,0.6738803398843289,0.8371054514740514,0,0,0,0,0,0,7.200000000000001,13.0,0
8.60666819784384,47.0,0,1169.0,14.0,16.0,2125.0,1934.0,64.0,2.19722457733622,18.0,2.19722457733622,2.079441541679836,3.0,0.6931471805599453,2.079441541679836,4.0,1.0,3.0,3.0,2.0,2.0,1,2.0,4.0,0,0.506274599873167,0.0,3.19722457733622,1,0,2.9000000000000004,6.0,1.4,0,0.3127712726495909,0.44239098553380835,0,0,0,0,0,0,-7.6999999999999975,0.0,0
8.59062950948942,56.0,0,1443.0,11.0,6.0,20328.0,1935.0,89.0,0.0,16.0,1.6094379124341005,0.0,4.0,0.6931471805599453,0.0,3.0,0.0,3.0,2.0,1.0,1.7320508075688772,1,2.0,5.0,2,1.2272327870699171,0.0,0.0,1,0,2.55,2.0,2.1,0,0.0,0.7619250502034157,0,0,0,0,1,0,-23.200000000000003,0.0,2
8.54714026778419,39.0,0,867.0,9.0,10.0,12315.0,1936.0,87.0,2.3978952727983707,25.0,0.6931471805599453,2.302585092994046,1.0,0.6931471805599453,0.0,3.0,2.6457513110645907,4.0,3.0,1.0,1.7320508075688772,1,2.0,2.0,2,0.7770127516167445,0.0,8.989985872866464,0,0,1.9500000000000002,3.0,1.9,0,0.778644160179091,0.5671750771408459,0,1,0,0,0,0,2.05,0.0,2
7.665753431861699,38.0,1,1394.0,8.0,20.0,18115.0,1937.0,58.0,3.044522437723423,16.0,0.6931471805599453,2.079441541679836,4.0,0.6931471805599453,2.4849066497880004,3.0,0.0,3.0,2.0,2.0,1.7320508075688772,0,2.0,3.0,1,0.36503587770769996,0.8,0.0,0,0,2.9000000000000004,4.0,3.8,0,0.0,0.533173360124379,0,0,0,0,0,0,2.1999999999999993,8.0,2
9.79121431005334,58.0,1,605.0,21.0,29.0,11761.0,1938.0,72.0,0.6931471805599453,13.0,1.6094379124341005,0.0,4.0,0.6931471805599453,0.0,2.0,0.0,3.0,3.0,4.0,1.4142135623730951,1,4.0,3.0,2,0.3263738103351113,2.1,0.0,1,0,3.3499999999999996,12.0,6.1,0,0.0,0.5782551216490505,0,0,0,0,1,0,-11.700000000000006,21.0,2
7.796880342783522,32.0,1,238.0,5.0,8.0,15318.0,1939.0,47.0,1.6094379124341005,14.0,1.3862943611198906,1.3862943611198906,1.0,0.0,0.6931471805599453,3.0,0.0,1.0,4.0,3.0,1.4142135623730951,2,1.0,2.0,1,0.866320038087058,0.5,0.0,0,0,2.1999999999999997,12.0,3.5,0,0.0,0.27128144042899105,0,0,0,0,0,0,14.400000000000002,5.0,0
8.470520783217808,38.0,0,1206.0,9.0,10.0,14293.0,1940.0,71.0,1.791759469228055,19.0,1.0986122886681096,1.3862943611198906,2.0,1.0986122886681096,1.0986122886681096,4.0,0.0,4.0,3.0,4.0,0.0,0,1.0,2.0,2,0.7700473439288916,0.0,0.0,0,0,3.5,12.0,0.9,0,0.0,0.583341554206941,0,0,0,0,0,0,1.0,0.0,4
9.86068443021082,49.0,0,1064.0,2.0,28.0,13738.0,1941.0,42.0,1.791759469228055,15.0,1.3862943611198906,1.3862943611198906,2.0,0.0,1.6094379124341005,3.0,2.0,4.0,3.0,4.0,1.7320508075688772,1,5.0,1.0,1,0.34002360104175244,0.0,5.58351893845611,0,0,3.25,12.0,1.2,0,0.7163940955676302,0.5796368706937168,0,0,0,0,0,0,-6.75,0.0,1
8.534640105019959,42.0,1,419.0,12.0,14.0,2900.0,1943.0,77.0,0.0,12.0,1.3862943611198906,0.0,2.0,1.0986122886681096,0.0,3.0,0.0,3.0,3.0,4.0,2.0,0,2.0,4.0,2,0.5689760070013306,1.2,0.0,0,0,3.0999999999999996,12.0,4.2,0,0.0,0.3556032789635649,1,0,0,0,1,0,-1.8000000000000007,12.0,4
7.959974528080536,27.0,0,1337.0,22.0,1.0,19555.0,1944.0,58.0,0.6931471805599453,12.0,0.6931471805599453,0.0,1.0,0.0,0.0,3.0,0.0,1.0,2.0,2.0,1.4142135623730951,1,1.0,3.0,1,3.979987264040268,0.0,0.0,0,0,1.8499999999999999,4.0,3.2,1,0.0,0.565121495920296,0,0,1,0,1,0,27.950000000000003,0.0,1
8.62371303479391,35.0,0,682.0,18.0,6.0,15975.0,1945.0,71.0,1.791759469228055,16.0,0.0,1.6094379124341005,2.0,0.6931471805599453,1.3862943611198906,1.0,0.0,4.0,3.0,1.0,1.4142135623730951,1,2.0,4.0,2,1.2319590049705587,0.0,0.0,0,0,1.7000000000000002,3.0,4.8,0,0.0,0.5208726048377623,0,0,0,0,0,0,11.5,0.0,2
7.670894831362117,28.0,0,1103.0,16.0,5.0,2122.0,1947.0,49.0,1.791759469228055,14.0,0.6931471805599453,1.6094379124341005,3.0,0.0,1.3862943611198906,2.0,1.0,3.0,3.0,3.0,1.7320508075688772,2,1.0,3.0,0,1.278482471893686,0.0,2.791759469228055,0,0,2.75,9.0,3.6,0,0.3581970477838151,0.28889850945803813,0,0,1,0,0,0,15.0,0.0,0
8.028129059431759,31.0,1,976.0,3.0,4.0,3995.0,1948.0,48.0,1.6094379124341005,13.0,0.6931471805599453,1.3862943611198906,3.0,0.6931471805599453,1.0986122886681096,4.0,1.4142135623730951,4.0,3.0,1.0,1.7320508075688772,0,1.0,2.0,0,1.6056258118863518,0.3,3.690302485934842,0,0,2.7,3.0,2.3,0,0.5419609930683914,0.3150260174966886,0,0,0,0,0,1,11.7,3.0,0
7.941295570906532,36.0,0,1351.0,9.0,5.0,9238.0,1949.0,66.0,1.791759469228055,22.0,0.6931471805599453,1.0986122886681096,1.0,0.0,1.6094379124341005,3.0,0.0,2.0,4.0,2.0,1.7320508075688772,1,1.0,4.0,0,1.3235492618177553,0.0,0.0,0,0,2.0,8.0,1.9,0,0.0,0.4908765900201525,0,0,0,0,0,0,8.0,0.0,0
9.19917830726999,34.0,0,937.0,1.0,14.0,6770.0,1950.0,32.0,2.70805020110221,21.0,0.6931471805599453,0.6931471805599453,1.0,0.0,2.19722457733622,2.0,1.4142135623730951,1.0,3.0,4.0,1.7320508075688772,2,3.0,3.0,2,0.6132785538179993,0.0,5.243974884359028,0,0,2.3,12.0,2.1,1,0.3813900798734395,0.3889850838167386,1,0,0,0,0,0,10.200000000000001,0.0,0
9.062883902508307,34.0,0,1239.0,13.0,9.0,22914.0,1951.0,39.0,2.19722457733622,18.0,0.6931471805599453,0.6931471805599453,4.0,0.6931471805599453,2.079441541679836,2.0,1.0,3.0,3.0,3.0,1.4142135623730951,0,3.0,4.0,2,0.9062883902508307,0.0,3.19722457733622,0,0,3.0,9.0,3.3,0,0.3127712726495909,0.6172565307214318,0,0,0,0,0,1,6.0,0.0,4
7.961370201719511,26.0,0,157.0,1.0,8.0,20006.0,1952.0,95.0,2.079441541679836,13.0,0.0,1.9459101490553128,3.0,0.0,2.079441541679836,2.0,2.6457513110645907,4.0,3.0,1.0,2.449489742783178,2,1.0,3.0,2,0.8845966890799457,0.0,8.147436496246192,0,0,2.2,3.0,2.1,0,0.8591659478690193,0.4907561386072343,0,0,0,0,0,0,25.199999999999996,0.0,0
8.589327789175437,29.0,0,136.0,1.0,6.0,6225.0,1954.0,89.0,1.791759469228055,12.0,0.0,1.0986122886681096,1.0,0.6931471805599453,1.3862943611198906,2.0,0.0,1.0,3.0,1.0,2.23606797749979,1,2.0,3.0,2,1.2270468270250625,0.0,0.0,0,0,1.25,3.0,2.1,0,0.0,0.3863405085046351,1,0,1,0,0,0,30.25,0.0,2
8.805075243870684,32.0,0,1146.0,15.0,9.0,16542.0,1955.0,34.0,1.791759469228055,18.0,1.791759469228055,1.0986122886681096,3.0,0.6931471805599453,0.6931471805599453,3.0,1.0,2.0,3.0,4.0,2.449489742783178,0,2.0,4.0,0,0.8805075243870684,0.0,2.791759469228055,1,0,3.1999999999999997,12.0,2.5,0,0.3581970477838151,0.49452721574407366,0,0,0,0,0,1,6.400000000000002,0.0,0
8.517992871586802,31.0,0,1125.0,1.0,10.0,5771.0,1956.0,48.0,2.3978952727983707,21.0,0.6931471805599453,2.079441541679836,4.0,0.0,2.19722457733622,3.0,2.8284271247461903,2.0,1.0,1.0,2.449489742783178,1,2.0,3.0,1,0.774362988326073,0.0,9.610699156629767,0,0,2.4,1.0,1.1,0,0.8324056210292823,0.405626601181089,0,0,0,0,0,0,14.4,0.0,1
7.769800996003896,28.0,0,1404.0,17.0,6.0,18779.0,1960.0,32.0,1.6094379124341005,12.0,1.791759469228055,1.3862943611198906,3.0,0.6931471805599453,0.6931471805599453,2.0,0.0,1.0,2.0,4.0,1.4142135623730951,0,1.0,3.0,2,1.1099715708576994,0.0,0.0,1,0,2.8,8.0,3.7,0,0.0,0.4585645983560144,0,0,1,0,0,1,14.400000000000002,0.0,4
7.958227192322312,38.0,0,1404.0,1.0,20.0,11473.0,1961.0,59.0,0.6931471805599453,14.0,1.6094379124341005,0.0,1.0,0.0,0.0,2.0,0.0,1.0,2.0,1.0,1.7320508075688772,2,1.0,3.0,2,0.3789631996343958,0.0,0.0,1,0,1.25,2.0,2.1,1,0.0,0.4993901470958003,0,0,0,0,1,0,5.5,0.0,0
8.557374981049069,35.0,1,1224.0,7.0,10.0,13586.0,1962.0,55.0,2.3978952727983707,11.0,0.6931471805599453,2.302585092994046,3.0,0.0,2.19722457733622,3.0,0.0,4.0,3.0,4.0,1.4142135623730951,1,2.0,4.0,2,0.7779431800953699,0.7,0.0,0,0,3.5,12.0,3.7,0,0.0,0.5304980906141841,0,0,0,0,0,0,2.5,7.0,2
8.32020459757888,27.0,0,954.0,9.0,7.0,5099.0,1965.0,44.0,2.079441541679836,14.0,0.6931471805599453,2.079441541679836,4.0,0.0,2.079441541679836,3.0,0.0,1.0,3.0,4.0,2.23606797749979,2,2.0,3.0,2,1.04002557469736,0.0,0.0,0,0,3.3,12.0,1.9,0,0.0,0.33537709271435057,1,0,1,0,0,0,9.100000000000001,0.0,0
9.177817180270624,32.0,0,1373.0,5.0,8.0,10138.0,1966.0,56.0,0.6931471805599453,24.0,2.19722457733622,0.0,4.0,0.0,0.0,3.0,0.0,2.0,2.0,4.0,1.0,2,2.0,4.0,2,1.0197574644745138,0.0,0.0,1,0,3.4499999999999997,8.0,1.5,1,0.0,0.5845215580045666,0,0,0,0,1,0,4.400000000000002,0.0,0
8.633731007664188,31.0,1,754.0,26.0,10.0,21075.0,1967.0,63.0,2.3978952727983707,11.0,0.6931471805599453,2.19722457733622,1.0,0.0,2.079441541679836,3.0,0.0,3.0,3.0,4.0,2.0,1,2.0,4.0,1,0.7848846370603808,2.6,0.0,0,0,2.8499999999999996,12.0,5.6,0,0.0,0.5573234128376718,0,0,0,0,0,0,10.350000000000003,26.0,1
9.254261559034113,53.0,1,1168.0,24.0,15.0,5843.0,1968.0,66.0,1.0986122886681096,13.0,1.9459101490553128,1.0986122886681096,1.0,0.0,1.0986122886681096,2.0,1.4142135623730951,2.0,3.0,1.0,1.4142135623730951,2,3.0,4.0,2,0.578391347439632,2.4,2.9678859607972816,1,0,1.4000000000000001,3.0,6.4,0,0.6738803398843289,0.5476316028308338,0,0,0,1,0,0,-33.8,24.0,0
7.971776122880628,54.0,0,155.0,9.0,9.0,22474.0,1969.0,67.0,1.6094379124341005,11.0,1.3862943611198906,1.3862943611198906,1.0,1.0986122886681096,1.3862943611198906,2.0,1.4142135623730951,3.0,3.0,3.0,2.449489742783178,1,2.0,2.0,2,0.7971776122880627,0.0,3.690302485934842,0,0,2.25,9.0,2.9,0,0.5419609930683914,0.41615183055199384,0,0,0,0,0,0,-24.5,0.0,2
8.69433468816865,33.0,0,1303.0,7.0,9.0,18079.0,1970.0,36.0,2.302585092994046,20.0,0.6931471805599453,2.19722457733622,4.0,1.3862943611198906,2.079441541679836,3.0,1.4142135623730951,3.0,3.0,3.0,1.4142135623730951,0,2.0,2.0,1,0.869433468816865,0.0,4.670560629403389,0,0,3.25,9.0,1.7,0,0.4282141178960517,0.5347711381401083,0,0,0,0,0,1,5.25,0.0,2
8.924123891686012,43.0,0,574.0,11.0,10.0,16873.0,1971.0,30.0,2.3978952727983707,17.0,0.6931471805599453,2.302585092994046,1.0,0.6931471805599453,2.302585092994046,3.0,0.0,2.0,3.0,3.0,1.0,1,3.0,3.0,2,0.8112839901532738,0.0,0.0,0,0,2.3499999999999996,9.0,2.1,0,0.0,0.39240740738983876,1,0,0,0,0,0,-4.950000000000001,0.0,2
8.003697339094368,38.0,1,1444.0,1.0,7.0,5224.0,1972.0,88.0,1.9459101490553128,11.0,0.0,1.0986122886681096,4.0,0.6931471805599453,1.0986122886681096,3.0,1.0,2.0,3.0,2.0,1.4142135623730951,1,1.0,4.0,1,1.000462167386796,0.1,2.9459101490553126,0,0,2.75,6.0,3.1,0,0.3394536660667256,0.5516712932954245,0,0,0,0,0,0,2.5,1.0,1
9.884684885113384,55.0,1,189.0,26.0,34.46000000000004,25811.0,1973.0,71.0,2.3978952727983707,18.0,1.6094379124341005,1.6094379124341005,3.0,0.6931471805599453,2.302585092994046,3.0,1.0,1.0,4.0,2.0,0.0,1,5.0,4.0,2,0.278755918925927,2.6,3.3978952727983707,1,0,2.35,8.0,5.6,0,0.2942998296638024,0.650072331819704,0,0,0,1,0,0,-24.75,26.0,2
7.228649665640015,31.0,1,1276.0,2.0,1.0,17536.0,1974.0,59.0,0.6931471805599453,11.0,0.6931471805599453,0.0,4.0,1.3862943611198906,0.0,3.0,0.0,3.0,1.0,4.0,2.0,0,1.0,1.0,2,3.6143248328200075,0.2,0.0,0,0,3.5999999999999996,4.0,3.2,0,0.0,0.4686735194516337,0,0,0,0,1,1,3.600000000000003,2.0,4
9.498672233269462,39.0,0,119.0,15.0,21.0,25098.0,1975.0,77.0,3.044522437723423,12.0,0.0,2.3978952727983707,2.0,0.0,2.19722457733622,3.0,3.3166247903554,1.0,3.0,1.0,1.7320508075688772,2,4.0,4.0,2,0.43175782878497554,0.0,13.414163382102156,0,0,1.75,3.0,2.5,0,0.8200287775439463,0.6154833222589172,0,0,0,0,0,0,2.25,0.0,0
8.374015421739909,42.0,0,335.0,23.0,20.0,14811.0,1976.0,37.0,3.044522437723423,12.0,0.6931471805599453,2.079441541679836,4.0,0.0,2.302585092994046,3.0,1.7320508075688772,4.0,2.0,3.0,1.4142135623730951,2,2.0,2.0,0,0.39876263913047183,0.0,7.005318354489298,0,0,3.4,6.0,3.3,0,0.42824606223319966,0.3021594289955871,1,0,0,0,0,0,-1.2000000000000002,0.0,0
9.308555419473135,31.0,0,697.0,10.0,13.0,26862.0,1979.0,40.0,2.4849066497880004,20.0,1.6094379124341005,2.19722457733622,3.0,0.6931471805599453,2.079441541679836,4.0,2.0,3.0,3.0,3.0,1.4142135623730951,1,3.0,3.0,0,0.6648968156766525,0.0,6.969813299576001,1,0,3.25,9.0,1.0,0,0.5739034645653041,0.586588892825932,0,0,0,0,0,0,6.75,0.0,0
8.398634855292102,54.0,1,157.0,10.0,9.0,25198.0,1980.0,77.0,1.791759469228055,19.0,1.9459101490553128,1.6094379124341005,3.0,0.0,1.0986122886681096,3.0,1.0,4.0,3.0,1.0,1.7320508075688772,2,2.0,3.0,2,0.8398634855292102,1.0,2.791759469228055,1,0,2.45,3.0,4.0,0,0.3581970477838151,0.5197461211901966,0,0,0,0,0,0,-21.699999999999996,10.0,0
8.43771698991444,24.0,0,771.0,1.0,4.0,14120.0,1981.0,45.0,1.6094379124341005,12.0,0.6931471805599453,1.0986122886681096,2.0,0.0,1.3862943611198906,2.0,1.0,2.0,2.0,3.0,1.4142135623730951,2,2.0,2.0,2,1.687543397982888,0.0,2.6094379124341005,0,0,2.3499999999999996,6.0,2.1,0,0.383224293337255,0.407814763805338,0,0,0,0,0,0,26.400000000000006,0.0,0
7.881559917056899,23.0,0,571.0,12.0,5.0,13672.0,1982.0,78.0,1.791759469228055,13.0,0.6931471805599453,1.6094379124341005,4.0,0.0,1.0986122886681096,4.0,1.0,3.0,3.0,4.0,2.449489742783178,2,1.0,2.0,2,1.313593319509483,0.0,2.791759469228055,0,0,3.8499999999999996,12.0,1.2,0,0.3581970477838151,0.4330354091411332,0,0,0,0,0,0,2.550000000000006,0.0,0
8.752107198329362,40.0,0,692.0,11.0,10.0,26849.0,1985.0,73.0,2.3978952727983707,11.0,0.6931471805599453,1.6094379124341005,4.0,0.6931471805599453,2.302585092994046,4.0,3.0,1.0,3.0,3.0,1.4142135623730951,1,2.0,3.0,1,0.795646108939033,0.0,10.193685818395112,0,0,3.1999999999999997,9.0,1.1,0,0.8828994889914074,0.6510449329638535,0,1,0,0,0,0,0.0,0.0,1
8.644354337032917,40.0,0,444.0,2.0,15.0,4258.0,1986.0,92.0,2.4849066497880004,14.0,1.3862943611198906,2.3978952727983707,2.0,0.6931471805599453,2.19722457733622,3.0,2.23606797749979,3.0,3.0,2.0,2.0,1,2.0,2.0,2,0.5402721460645573,0.0,7.792488164167022,0,0,2.4,6.0,1.2,0,0.6416435796453308,0.4376072613448181,0,1,0,0,0,0,0.0,0.0,2
7.690743163541872,25.0,0,309.0,2.0,6.0,19655.0,1987.0,82.0,1.0986122886681096,14.0,1.6094379124341005,1.0986122886681096,3.0,0.0,0.0,3.0,1.0,3.0,3.0,2.0,1.7320508075688772,1,1.0,3.0,2,1.098677594791696,0.0,2.0986122886681096,1,0,2.6500000000000004,6.0,1.2,0,0.4765053580405044,0.44253248385161326,0,0,1,0,0,0,20.249999999999993,0.0,2
8.229244416735913,30.0,0,911.0,1.0,12.0,4077.0,1989.0,76.0,2.5649493574615367,13.0,0.6931471805599453,2.079441541679836,4.0,0.0,2.19722457733622,2.0,1.0,3.0,3.0,2.0,2.449489742783178,1,1.0,2.0,2,0.6330188012873779,0.0,3.5649493574615367,0,0,2.6500000000000004,6.0,2.1,0,0.28050889359956055,0.42314711153602796,0,0,0,0,0,0,13.499999999999996,0.0,2
8.288534459413917,25.0,1,977.0,2.0,7.0,7298.0,1992.0,57.0,1.0986122886681096,19.0,1.9459101490553128,1.0986122886681096,4.0,0.6931471805599453,1.0986122886681096,2.0,0.0,3.0,3.0,3.0,1.4142135623730951,0,1.0,1.0,2,1.0360668074267396,0.2,0.0,1,0,3.0,9.0,4.2,0,0.0,0.40501454774492546,0,0,0,0,0,1,15.0,2.0,4
9.063463176115423,47.0,0,1180.0,25.0,25.0,13084.0,1993.0,84.0,2.8903717578961645,23.0,1.0986122886681096,2.4849066497880004,1.0,0.0,2.70805020110221,3.0,3.4641016151377544,2.0,3.0,3.0,1.7320508075688772,2,3.0,3.0,2,0.3485947375429009,0.0,13.476643090014408,0,0,2.3499999999999996,9.0,3.5,0,0.890429457829262,0.6687920365483873,0,0,0,0,0,0,-11.550000000000002,0.0,0
7.605392364814934,33.0,0,1313.0,1.0,1.0,20439.0,1994.0,59.0,0.6931471805599453,12.0,0.6931471805599453,0.0,2.0,1.3862943611198906,0.6931471805599453,2.0,0.0,3.0,2.0,3.0,1.4142135623730951,0,1.0,2.0,0,3.802696182407467,0.0,0.0,0,0,2.5,6.0,2.1,0,0.0,0.5398965893866436,0,0,0,0,1,1,10.5,0.0,0
8.398634855292102,38.0,0,1321.0,1.0,16.0,7636.0,1995.0,86.0,2.772588722239781,15.0,0.0,2.19722457733622,4.0,1.0986122886681096,2.639057329615259,3.0,2.23606797749979,1.0,3.0,2.0,1.7320508075688772,1,2.0,4.0,2,0.49403734442894714,0.0,8.435764834077224,0,0,2.6,6.0,1.1,0,0.5927144839080787,0.5839025842229801,0,1,0,0,0,0,2.8,0.0,2
8.028781162487146,31.0,0,1154.0,2.0,3.0,6393.0,1996.0,54.0,1.0986122886681096,19.0,0.0,1.0986122886681096,1.0,0.6931471805599453,1.0986122886681096,3.0,1.0,3.0,3.0,3.0,1.0,1,1.0,2.0,2,2.0071952906217865,0.0,2.0986122886681096,0,0,2.5,9.0,1.2,0,0.4765053580405044,0.3924414126844242,0,0,0,0,0,0,13.5,0.0,2
8.579604451537634,38.0,0,508.0,6.0,10.0,14284.0,1997.0,72.0,2.19722457733622,11.0,1.0986122886681096,2.079441541679836,1.0,0.6931471805599453,1.3862943611198906,3.0,2.6457513110645907,4.0,2.0,3.0,1.0,1,2.0,4.0,1,0.7799640410488758,0.0,8.459061117255237,0,0,2.65,6.0,1.6,0,0.8275150046759958,0.47217964533777335,0,1,0,0,0,0,2.7,0.0,1
8.596189197642735,42.0,1,557.0,18.0,9.0,11189.0,1998.0,35.0,1.6094379124341005,17.0,1.9459101490553128,1.0986122886681096,4.0,0.6931471805599453,1.3862943611198906,2.0,1.0,3.0,3.0,1.0,1.7320508075688772,0,2.0,4.0,2,0.8596189197642735,1.8,2.6094379124341005,1,0,2.3,3.0,5.8,0,0.383224293337255,0.31929856334119927,1,0,0,1,0,0,-3.4000000000000004,18.0,4
7.931284761525891,41.0,0,642.0,1.0,12.0,21412.0,1999.0,76.0,1.791759469228055,22.0,1.3862943611198906,0.0,4.0,0.6931471805599453,1.3862943611198906,3.0,1.0,1.0,3.0,4.0,1.7320508075688772,1,1.0,3.0,2,0.6100988278096839,0.0,2.791759469228055,0,0,3.3,12.0,1.1,1,0.3581970477838151,0.5209739558656624,0,0,0,0,0,0,-0.7000000000000002,0.0,2
9.38915578944085,47.0,0,1162.0,1.0,14.0,17231.0,2000.0,98.0,2.639057329615259,18.0,0.0,2.5649493574615367,3.0,1.0986122886681096,2.19722457733622,1.0,2.23606797749979,1.0,3.0,2.0,1.7320508075688772,1,3.0,1.0,0,0.6259437192960566,0.0,8.137179563038577,0,0,1.8499999999999999,6.0,3.1,0,0.6144635203469573,0.7878549366212376,0,0,0,0,0,0,-15.050000000000002,0.0,0
7.886457270977689,35.0,1,1490.0,11.0,5.0,20232.0,2003.0,43.0,1.0986122886681096,11.0,2.079441541679836,1.0986122886681096,4.0,0.6931471805599453,1.0986122886681096,3.0,1.4142135623730951,3.0,3.0,3.0,1.7320508075688772,1,1.0,4.0,2,1.3144095451629483,1.1,2.9678859607972816,1,0,3.25,9.0,4.1,0,0.6738803398843289,0.5388061609110836,0,0,0,0,0,0,3.75,11.0,2
8.124446855715847,22.0,0,581.0,1.0,4.0,17624.0,2007.0,63.0,1.3862943611198906,12.0,0.0,1.0986122886681096,4.0,0.0,1.0986122886681096,4.0,1.0,4.0,3.0,3.0,1.4142135623730951,2,1.0,2.0,2,1.6248893711431696,0.0,2.386294361119891,0,0,3.65,9.0,0.1,0,0.41905978419640516,0.4437860741885439,0,0,0,0,0,0,6.300000000000002,0.0,0
8.536799721055155,35.0,0,1395.0,9.0,10.0,18698.0,2008.0,48.0,2.3978952727983707,19.0,0.6931471805599453,2.19722457733622,2.0,0.0,2.079441541679836,3.0,0.0,2.0,3.0,3.0,2.23606797749979,2,2.0,4.0,2,0.776072701914105,0.0,0.0,0,0,2.5999999999999996,9.0,1.9,0,0.0,0.5854777244249473,0,0,0,0,0,0,7.000000000000002,0.0,0
8.492695559815838,33.0,1,501.0,15.0,10.0,21653.0,2009.0,95.0,2.302585092994046,13.0,0.0,0.6931471805599453,2.0,0.6931471805599453,2.079441541679836,3.0,2.8284271247461903,1.0,3.0,4.0,2.449489742783178,1,2.0,2.0,2,0.7720632327105307,1.5,9.341121258806778,0,0,2.8,12.0,4.5,1,0.8564282357921034,0.6188605864533034,0,0,0,0,0,0,8.400000000000002,15.0,2
7.950854857719988,32.0,0,267.0,29.0,6.0,15919.0,2010.0,49.0,1.9459101490553128,13.0,0.6931471805599453,0.6931471805599453,3.0,0.0,1.0986122886681096,3.0,2.0,3.0,2.0,2.0,1.7320508075688772,2,1.0,4.0,2,1.1358364082457126,0.0,5.891820298110625,0,0,2.6500000000000004,4.0,3.9,0,0.6789073321334512,0.30413980581186006,0,0,0,0,0,0,10.799999999999997,0.0,0
7.786136437783072,40.0,0,543.0,1.0,8.0,4060.0,2012.0,83.0,0.6931471805599453,19.0,2.19722457733622,0.0,1.0,1.0986122886681096,0.0,2.0,0.0,3.0,3.0,4.0,1.7320508075688772,1,1.0,4.0,2,0.8651262708647858,0.0,0.0,1,0,2.5999999999999996,12.0,2.1,0,0.0,0.3404134058413716,0,0,0,0,1,0,0.0,0.0,2
7.727535110475448,32.0,0,234.0,1.0,3.0,18024.0,2013.0,68.0,1.0986122886681096,14.0,0.0,1.0986122886681096,2.0,0.6931471805599453,1.0986122886681096,3.0,1.4142135623730951,2.0,2.0,2.0,1.4142135623730951,1,1.0,4.0,2,1.931883777618862,0.0,2.9678859607972816,0,0,2.25,4.0,1.1,0,0.6738803398843289,0.36620170317793843,0,0,0,0,0,0,14.0,0.0,2
8.32093496888341,39.0,0,116.0,24.0,18.0,5340.0,2014.0,52.0,2.079441541679836,13.0,2.079441541679836,2.079441541679836,1.0,0.0,2.079441541679836,3.0,1.0,1.0,3.0,4.0,1.4142135623730951,2,2.0,1.0,2,0.4379439457307058,0.0,3.079441541679836,1,0,2.55,12.0,3.4,0,0.32473420471378706,0.21647225158699293,1,0,0,0,0,0,1.4500000000000002,0.0,0
9.488502271043805,38.0,0,201.0,10.0,20.0,3376.0,2015.0,99.0,2.9444389791664403,12.0,1.3862943611198906,2.4849066497880004,2.0,0.6931471805599453,2.833213344056216,3.0,1.0,1.0,1.0,3.0,1.7320508075688772,1,3.0,3.0,2,0.4518334414782764,0.0,3.9444389791664403,0,0,2.4499999999999997,3.0,2.0,0,0.253521478030654,0.48972321796743107,0,0,0,0,0,0,3.1000000000000005,0.0,2
9.251770181739325,32.0,0,801.0,1.0,14.0,24032.0,2016.0,48.0,2.70805020110221,19.0,0.6931471805599453,2.079441541679836,3.0,1.0986122886681096,2.3978952727983707,3.0,2.23606797749979,3.0,3.0,4.0,1.7320508075688772,1,3.0,4.0,2,0.6167846787826217,0.0,8.291452313646309,0,0,3.3499999999999996,12.0,1.1,0,0.6030306646968057,0.6000187559903665,0,0,0,0,0,0,5.200000000000003,0.0,2
9.528430400599346,37.0,1,161.0,10.0,16.0,15471.0,2017.0,42.0,2.833213344056216,25.0,0.6931471805599453,2.19722457733622,3.0,0.6931471805599453,2.4849066497880004,3.0,2.449489742783178,1.0,4.0,4.0,1.4142135623730951,1,3.0,3.0,2,0.5604959059176086,1.0,9.389416768165306,0,0,3.05,16.0,4.0,0,0.6390173264374546,0.4041632019330257,0,0,0,0,0,0,2.8500000000000005,10.0,2
8.498621805830801,25.0,1,1382.0,8.0,6.0,13684.0,2018.0,85.0,1.791759469228055,22.0,0.0,1.6094379124341005,1.0,0.6931471805599453,1.3862943611198906,2.0,0.0,2.0,3.0,3.0,1.7320508075688772,0,2.0,2.0,2,1.2140888294044,0.8,0.0,0,0,2.0999999999999996,9.0,4.8,0,0.0,0.6613694029244652,0,0,0,0,0,1,28.500000000000007,8.0,4
8.155649270366002,52.0,0,585.0,29.0,16.0,19788.0,2019.0,40.0,2.302585092994046,15.0,1.0986122886681096,0.0,1.0,1.0986122886681096,2.19722457733622,2.0,0.0,2.0,3.0,4.0,1.7320508075688772,0,1.0,4.0,0,0.4797440747274119,0.0,0.0,0,0,2.4499999999999997,12.0,4.9,1,0.0,0.38701851765846546,0,0,0,0,0,0,-18.6,0.0,0
7.798523053625206,44.0,1,1037.0,1.0,6.0,13422.0,2020.0,42.0,1.6094379124341005,12.0,1.9459101490553128,1.0986122886681096,2.0,0.0,1.3862943611198906,3.0,1.0,3.0,3.0,4.0,1.4142135623730951,2,1.0,3.0,2,1.114074721946458,0.1,2.6094379124341005,1,0,3.0999999999999996,12.0,3.1,0,0.383224293337255,0.3775315631148375,0,0,0,0,0,0,-3.6000000000000014,1.0,0
7.7752758464868625,21.0,1,501.0,5.0,2.0,25479.0,2021.0,58.0,1.0986122886681096,11.0,0.6931471805599453,1.0986122886681096,3.0,0.0,1.0986122886681096,3.0,1.0,4.0,3.0,1.0,2.449489742783178,2,1.0,1.0,2,2.5917586154956207,0.5,2.0986122886681096,0,0,2.45,3.0,3.5,0,0.4765053580405044,0.4575963563592176,0,0,0,0,0,0,29.449999999999996,5.0,0
9.874676470682008,39.0,0,105.0,9.0,21.0,15302.0,2022.0,87.0,1.9459101490553128,13.0,1.0986122886681096,1.3862943611198906,4.0,0.0,0.0,2.0,1.0,3.0,3.0,4.0,1.7320508075688772,2,5.0,3.0,0,0.4488489304855458,0.0,2.9459101490553126,0,0,3.3499999999999996,12.0,2.9,0,0.3394536660667256,0.5857500672024296,0,0,0,0,0,0,0.6500000000000004,0.0,0
7.490529402060711,23.0,0,638.0,9.0,1.0,26956.0,2023.0,33.0,0.6931471805599453,19.0,0.6931471805599453,0.0,4.0,0.6931471805599453,0.0,2.0,1.0,1.0,3.0,1.0,1.7320508075688772,1,1.0,3.0,1,3.7452647010303557,0.0,1.6931471805599454,0,0,2.0,3.0,2.9,1,0.5906161091496412,0.3808519714116684,0,0,1,0,1,0,34.0,0.0,1
8.543250725735527,36.0,0,688.0,4.0,18.0,9192.0,2025.0,97.0,1.6094379124341005,13.0,2.079441541679836,1.0986122886681096,4.0,1.3862943611198906,1.0986122886681096,3.0,0.0,2.0,3.0,2.0,1.7320508075688772,0,2.0,2.0,1,0.449644775038712,0.0,0.0,1,0,2.75,6.0,1.4,0,0.0,0.5391412043231159,0,0,0,0,0,0,5.0,0.0,2
8.749415406663651,56.0,0,667.0,1.0,13.0,26236.0,2026.0,57.0,2.639057329615259,21.0,0.6931471805599453,2.302585092994046,3.0,0.6931471805599453,2.5649493574615367,2.0,1.0,1.0,3.0,3.0,1.4142135623730951,0,2.0,4.0,0,0.6249582433331179,0.0,3.639057329615259,0,0,2.4499999999999997,9.0,2.1,0,0.2747964402379243,0.5830214547973157,0,0,0,0,0,0,-24.800000000000004,0.0,0
8.473868066677865,29.0,1,1092.0,1.0,4.0,26124.0,2027.0,36.0,1.0986122886681096,14.0,2.302585092994046,1.0986122886681096,1.0,1.3862943611198906,1.0986122886681096,4.0,1.4142135623730951,2.0,3.0,4.0,1.7320508075688772,1,1.0,4.0,2,1.6947736133355729,0.1,2.9678859607972816,1,0,2.9499999999999997,12.0,2.1,0,0.6738803398843289,0.5570170520553859,0,0,1,0,0,0,11.550000000000002,1.0,2
9.845911404398532,42.0,0,300.0,2.0,24.0,17312.0,2031.0,56.0,3.1354942159291497,11.0,1.791759469228055,2.70805020110221,1.0,0.0,1.9459101490553128,2.0,2.0,1.0,3.0,3.0,1.4142135623730951,1,5.0,3.0,2,0.39383645617594126,0.0,8.2709884318583,1,0,1.9499999999999997,9.0,2.2,0,0.48361813499735395,0.5274011397131485,0,0,0,0,0,0,-4.1000000000000005,0.0,2
7.757906208351747,56.0,0,310.0,7.0,14.0,3666.0,2032.0,72.0,2.3978952727983707,11.0,2.19722457733622,2.19722457733622,4.0,0.6931471805599453,2.302585092994046,1.0,3.0,4.0,3.0,3.0,2.0,1,1.0,2.0,2,0.5171937472234498,0.0,10.193685818395112,1,0,2.9,9.0,3.7,0,0.8828994889914074,0.2528189923356027,0,1,0,0,0,0,-17.6,0.0,2
9.51569044208137,41.0,0,582.0,28.0,21.0,5640.0,2034.0,60.0,3.044522437723423,23.0,0.0,2.3978952727983707,1.0,0.6931471805599453,2.079441541679836,3.0,0.0,3.0,2.0,2.0,1.7320508075688772,1,4.0,4.0,2,0.4325313837309714,0.0,0.0,0,0,2.15,4.0,3.8,0,0.0,0.443904775642666,0,0,0,0,0,0,-1.85,0.0,2
8.811801223938751,34.0,0,704.0,28.0,8.0,8978.0,2035.0,95.0,2.19722457733622,21.0,0.6931471805599453,2.079441541679836,4.0,1.0986122886681096,2.079441541679836,3.0,1.0,4.0,2.0,3.0,1.4142135623730951,1,2.0,3.0,2,0.9790890248820835,0.0,3.19722457733622,0,0,3.4,6.0,3.8,0,0.3127712726495909,0.5579908475146977,0,0,0,0,0,0,3.6000000000000005,0.0,2
8.595449689382004,36.0,0,301.0,15.0,15.0,10436.0,2036.0,88.0,2.772588722239781,24.0,0.6931471805599453,2.4849066497880004,4.0,0.6931471805599453,2.5649493574615367,2.0,3.3166247903554,1.0,1.0,4.0,2.0,0,2.0,4.0,0,0.5372156055863753,0.0,12.51226127999566,0,0,3.05,4.0,3.5,0,0.8791376517677558,0.4551434928119234,0,1,0,0,0,0,3.8000000000000007,0.0,0
9.098179005087852,41.0,0,930.0,3.0,14.0,12227.0,2037.0,57.0,1.791759469228055,11.0,1.0986122886681096,1.6094379124341005,3.0,0.6931471805599453,1.6094379124341005,3.0,0.0,3.0,2.0,2.0,2.23606797749979,0,2.0,3.0,2,0.6065452670058568,0.0,0.0,0,0,2.6500000000000004,4.0,1.3,0,0.0,0.5222896854108039,0,0,0,0,0,0,-1.3499999999999996,0.0,4
7.799753318287247,32.0,0,529.0,2.0,4.0,11288.0,2038.0,78.0,1.6094379124341005,14.0,0.6931471805599453,1.0986122886681096,4.0,0.0,1.0986122886681096,3.0,1.0,4.0,3.0,1.0,2.0,2,1.0,3.0,2,1.5599506636574494,0.0,2.6094379124341005,0,0,2.7,3.0,1.2,0,0.383224293337255,0.3938882984307286,0,0,0,0,0,0,10.399999999999999,0.0,0
9.086815885690685,35.0,1,1146.0,26.0,9.0,16642.0,2040.0,31.0,2.302585092994046,16.0,0.6931471805599453,2.079441541679836,3.0,0.0,0.0,3.0,1.0,3.0,3.0,4.0,1.4142135623730951,2,3.0,4.0,2,0.9086815885690684,2.6,3.302585092994046,0,0,3.3499999999999996,12.0,5.6,0,0.30279310656411385,0.5113356550944985,0,0,0,0,0,0,3.2500000000000018,26.0,0
8.583729715216482,38.0,0,345.0,10.0,10.0,5982.0,2041.0,100.0,2.3978952727983707,11.0,0.6931471805599453,2.302585092994046,1.0,0.6931471805599453,2.079441541679836,3.0,1.0,3.0,3.0,4.0,1.0,1,2.0,2.0,2,0.7803390650196801,0.0,3.3978952727983707,0,0,2.8499999999999996,12.0,2.0,0,0.2942998296638024,0.46006160821537295,0,0,0,0,0,0,2.3000000000000007,0.0,2
8.814181823188317,50.0,0,878.0,1.0,12.0,14255.0,2044.0,94.0,1.9459101490553128,12.0,2.079441541679836,0.6931471805599453,2.0,1.0986122886681096,1.3862943611198906,3.0,0.0,4.0,3.0,3.0,1.7320508075688772,0,2.0,4.0,1,0.6780139863991013,0.0,0.0,1,0,2.9,9.0,1.1,0,0.0,0.6387529375524073,0,0,0,0,0,0,-11.0,0.0,2
8.802823159741887,36.0,0,1120.0,11.0,8.0,14369.0,2045.0,100.0,1.9459101490553128,13.0,1.6094379124341005,0.0,2.0,0.6931471805599453,1.3862943611198906,2.0,0.0,1.0,2.0,4.0,1.4142135623730951,1,2.0,4.0,2,0.978091462193543,0.0,0.0,1,0,2.55,8.0,3.1,1,0.0,0.7035638069933545,0,0,0,0,0,0,5.800000000000001,0.0,2
8.486940148245216,45.0,0,374.0,20.0,8.0,23333.0,2046.0,50.0,1.791759469228055,15.0,2.19722457733622,0.6931471805599453,4.0,0.0,1.3862943611198906,3.0,0.0,3.0,3.0,3.0,1.7320508075688772,2,2.0,3.0,2,0.942993349805024,0.0,0.0,1,0,3.25,9.0,3.0,0,0.0,0.4517413819307584,0,0,0,0,0,0,-3.75,0.0,0
7.940939762327791,40.0,0,1322.0,2.0,8.0,2725.0,2048.0,52.0,1.0986122886681096,14.0,1.0986122886681096,1.0986122886681096,3.0,0.0,1.0986122886681096,3.0,1.4142135623730951,4.0,2.0,3.0,1.4142135623730951,2,1.0,4.0,2,0.8823266402586435,0.0,2.9678859607972816,0,0,3.15,6.0,1.2,0,0.6738803398843289,0.37027496918370695,0,0,0,0,0,0,0.0,0.0,0
8.646465527120377,35.0,1,1199.0,18.0,10.0,24594.0,2049.0,80.0,2.3978952727983707,14.0,0.6931471805599453,1.0986122886681096,3.0,1.0986122886681096,1.0986122886681096,4.0,0.0,4.0,3.0,3.0,1.4142135623730951,1,2.0,4.0,1,0.786042320647307,1.8,0.0,0,0,3.4,9.0,3.8,0,0.0,0.7341955025589346,0,0,0,0,0,0,3.0000000000000004,18.0,1
7.601901959875166,40.0,0,1194.0,2.0,20.0,12549.0,2051.0,98.0,1.791759469228055,14.0,1.0986122886681096,1.0986122886681096,3.0,1.3862943611198906,1.3862943611198906,3.0,0.0,2.0,3.0,3.0,1.4142135623730951,1,1.0,4.0,2,0.36199533142262696,0.0,0.0,0,0,2.8499999999999996,9.0,1.2,0,0.0,0.5783571712449856,0,0,0,0,0,0,0.0,0.0,2
7.999007213243955,35.0,0,287.0,1.0,4.0,8952.0,2052.0,62.0,1.6094379124341005,12.0,0.6931471805599453,0.6931471805599453,3.0,0.6931471805599453,1.3862943611198906,3.0,1.0,4.0,1.0,4.0,2.23606797749979,1,1.0,4.0,2,1.599801442648791,0.0,2.6094379124341005,0,0,3.5,4.0,1.1,0,0.383224293337255,0.288744072317147,0,0,0,0,0,0,2.5,0.0,2
8.300528606199737,29.0,1,1378.0,13.0,10.0,23679.0,2053.0,46.0,1.6094379124341005,13.0,1.6094379124341005,1.3862943611198906,4.0,0.6931471805599453,1.3862943611198906,3.0,0.0,1.0,2.0,2.0,1.4142135623730951,1,2.0,2.0,2,0.7545935096545215,1.3,0.0,1,0,2.6,4.0,4.3,0,0.0,0.6030535543069812,0,0,0,0,0,0,15.399999999999999,13.0,2
8.239065331769268,29.0,0,468.0,28.0,5.0,8489.0,2054.0,73.0,1.791759469228055,14.0,0.6931471805599453,1.6094379124341005,4.0,0.0,1.6094379124341005,1.0,0.0,2.0,2.0,1.0,1.7320508075688772,2,1.0,4.0,2,1.373177555294878,0.0,0.0,0,0,1.9000000000000001,2.0,5.8,0,0.0,0.37836849531455985,0,0,1,0,0,0,23.099999999999994,0.0,0
9.292381082312392,50.0,1,410.0,28.0,20.0,16586.0,2055.0,39.0,1.3862943611198906,13.0,1.6094379124341005,0.0,4.0,0.6931471805599453,1.0986122886681096,3.0,1.4142135623730951,2.0,2.0,1.0,1.7320508075688772,0,3.0,3.0,2,0.44249433725297105,2.8,3.37472984931019,1,0,2.4,2.0,5.8,1,0.5926400302556987,0.4269830158179112,0,0,0,1,0,0,-16.0,28.0,4
9.39532504618962,39.0,0,722.0,24.0,21.0,8828.0,2056.0,60.0,3.044522437723423,11.0,0.0,1.9459101490553128,2.0,0.6931471805599453,2.302585092994046,2.0,3.0,1.0,2.0,4.0,1.4142135623730951,1,4.0,1.0,2,0.42706022937225546,0.0,12.133567313170268,0,0,2.55,8.0,4.4,0,0.7417439379292052,0.48963064428742736,0,0,0,0,0,0,1.4500000000000002,0.0,2
9.204020443231364,31.0,0,325.0,5.0,10.0,3787.0,2057.0,74.0,2.302585092994046,19.0,0.0,2.079441541679836,2.0,0.0,1.6094379124341005,3.0,1.0,2.0,3.0,1.0,1.4142135623730951,2,2.0,3.0,0,0.8367291312028513,0.0,3.302585092994046,0,0,1.9000000000000001,3.0,1.5,0,0.30279310656411385,0.3999766638655862,1,0,0,0,0,0,18.9,0.0,0
7.995306620290822,26.0,0,1167.0,5.0,5.0,21378.0,2060.0,30.0,1.6094379124341005,18.0,0.0,0.0,4.0,0.0,1.0986122886681096,3.0,0.0,4.0,2.0,3.0,1.4142135623730951,2,1.0,3.0,2,1.3325511033818036,0.0,0.0,0,0,3.4,6.0,1.5,0,0.0,0.4563243428848035,0,0,1,0,0,0,8.400000000000002,0.0,0
7.85243908535751,36.0,0,884.0,23.0,17.0,12290.0,2061.0,41.0,1.791759469228055,17.0,1.6094379124341005,1.3862943611198906,3.0,0.6931471805599453,1.0986122886681096,3.0,0.0,3.0,4.0,4.0,1.7320508075688772,1,2.0,2.0,1,0.436246615853195,0.0,0.0,1,0,3.3499999999999996,16.0,3.3,0,0.0,0.34029171463559477,1,0,0,0,0,0,2.6000000000000014,0.0,1
9.209540051805414,39.0,0,613.0,6.0,9.0,21457.0,2062.0,42.0,2.079441541679836,15.0,1.6094379124341005,2.079441541679836,4.0,0.6931471805599453,2.079441541679836,3.0,1.0,1.0,2.0,1.0,2.23606797749979,1,3.0,1.0,2,0.9209540051805414,0.0,3.079441541679836,1,0,2.25,2.0,1.6,0,0.32473420471378706,0.5151235176101614,0,0,0,0,0,0,1.75,0.0,2
8.723068501163928,27.0,1,155.0,4.0,6.0,5174.0,2064.0,87.0,1.9459101490553128,20.0,0.6931471805599453,1.3862943611198906,2.0,0.6931471805599453,1.0986122886681096,3.0,0.0,2.0,4.0,2.0,0.0,1,2.0,3.0,2,1.2461526430234182,0.4,0.0,0,0,2.25,8.0,3.4,0,0.0,0.3846360831888131,1,0,1,0,0,0,22.75,4.0,2
8.592486175451668,49.0,0,1023.0,2.0,17.0,13243.0,2065.0,63.0,2.302585092994046,14.0,1.0986122886681096,2.19722457733622,4.0,0.0,1.9459101490553128,2.0,0.0,4.0,2.0,2.0,1.7320508075688772,1,2.0,3.0,1,0.47736034308064823,0.0,0.0,0,0,2.8000000000000003,4.0,2.2,0,0.0,0.5229613501192479,0,0,0,0,0,0,-10.799999999999997,0.0,1
8.39049553837028,34.0,0,628.0,8.0,6.0,10228.0,2068.0,82.0,1.6094379124341005,12.0,1.0986122886681096,1.0986122886681096,2.0,0.0,1.3862943611198906,4.0,1.0,1.0,4.0,3.0,1.7320508075688772,1,2.0,3.0,2,1.1986422197671829,0.0,2.6094379124341005,0,0,2.6999999999999997,12.0,0.8,0,0.383224293337255,0.4708538783139558,0,0,0,0,0,0,7.800000000000002,0.0,2
